video_title,video_views,like_count,text,author,published_at,video_id
【抱え込みすぎ】「私がやらなきゃ」「何でもできなきゃ」、気を使いまくり、自分が人や状況を操作したい→限界を超えて心が崩れる,664306,2583,「大丈夫？」とか「何かあったら頼ってね。」って普段親しくしてる人から言われても綺麗事で、内心はめんどくさいと思われてんだろうなって感じて頼れん。あと相談する自分にイタさおぼえて無理,@kiredi_neki,2024-03-10T19:54:48Z,Gaps0b_VXIU
"【なぜか優しくできない,怒りが湧く】家族／恋人／子ども／近しい人にほどキツく強く当たってしまう心理",683700,2412,身近な人に怒りっぽくなる人←まさに私です。他人や仕事ではむしろいい人なんです。,@マーヤ-q3t,2025-08-10T16:43:06Z,FpcoL2PZ9zY
"【なぜか優しくできない,怒りが湧く】家族／恋人／子ども／近しい人にほどキツく強く当たってしまう心理",683700,1897,まさに自分だわ、誰とも親しくならないようにしてる,@嘉弥真,2025-08-06T11:57:30Z,FpcoL2PZ9zY
"【なぜか優しくできない,怒りが湧く】家族／恋人／子ども／近しい人にほどキツく強く当たってしまう心理",683700,1603,私の夫です。結婚する前はいい人だったのにな…。職場からの寄せ書きから読み取れる様子が、家での夫と別人でビックリします。いつも、私や子どもが悪い！となり責められます。酷いと蹴られます。何度も私ができる事とできない事を伝えたり、家族の誰も、夫を傷つけようなんて思ってないと伝えても治りませんでした。カウンセリングに行こうと言っても、行ったら負けだ、と拒否されました。１０年間一生懸命向き合ってきましたが、もう私の心を尽くす事ができなくまりました。子どもと逃げます。,@hamam3994,2025-08-09T06:03:36Z,FpcoL2PZ9zY
【情緒的ネグレクト】親の“感情面への”無関心や関わりの薄さ。生きづらい子どもに多い、見えにくい精神的なネグレクトとは？,179891,1543,20年生きてきて最近初めて気がついた。私にも嫌なことあるし、怒ることあるのに、母親にこれが嫌だとか怒ったりすると逆ギレされるか不機嫌になられるか。なんでか私が悪いことになる。だから人に怒れないし、気持ちも話せないし相談もできなくなった。自己開示するのが苦手になった,@たかつき,2025-03-27T06:12:51Z,WN3RVQSf7l8
【抱え込みすぎ】「私がやらなきゃ」「何でもできなきゃ」、気を使いまくり、自分が人や状況を操作したい→限界を超えて心が崩れる,664306,1423,失敗が怖いっていうより、失敗した時の周りからの評価が怖いから抜け出せない,@user-iz2kj1do4e,2023-12-23T09:08:57Z,Gaps0b_VXIU
【抱え込みすぎ】「私がやらなきゃ」「何でもできなきゃ」、気を使いまくり、自分が人や状況を操作したい→限界を超えて心が崩れる,664306,1403,パートナーがこのタイプかもと思い、彼女の内側を知りたくて動画を拝見しました。彼女は自己否定的で、多くを語らず、人と距離を取ります。付き合いたての頃｢あなたはそのままで素晴らしい！欠点なんてあっていい！欠点こそ人の魅力！｣と語ったところ、本気で不思議がられたのを覚えています。家事も最初は｢私がやった方が早い｣といつの間にか終えられていました。毎日欠かさず愛情表現しながら、黙って家事しようとする彼女にしがみつき｢俺にさせろ！！｣と駄々をこね続け、今では頼み事されることも増えました。彼女曰く｢マイナス1万くらいだった自己肯定感がマイナス5千くらいになった｣そうです。この動画をたまに見返して、いつかプラスにする為に頑張ります！！,@kisaragi66650,2024-06-18T08:31:42Z,Gaps0b_VXIU
【抱え込みすぎ】「私がやらなきゃ」「何でもできなきゃ」、気を使いまくり、自分が人や状況を操作したい→限界を超えて心が崩れる,664306,1278,お願いしてもしてもらえない、それが繰り返されたら、もういいよってなると思います。これは自分が悪いわけではなくても、結果自分がしなくてはいけないし、抱え込むしかない、頼れないってなる。手放さなくてはいけないなら、もうこの環境にはいられなくなってしまいます。今はどうしたら良いのか分からないので、改善されたらいいなと思っています。,@km-rx4zr,2023-11-05T13:09:25Z,Gaps0b_VXIU
"【なぜか優しくできない,怒りが湧く】家族／恋人／子ども／近しい人にほどキツく強く当たってしまう心理",683700,1188,前付き合ってた人がこれ。外ではいい人なのに2人きりになると、俺のことを分かってない！俺のことを察しろ！と怒鳴りつけてくる。何に対して怒ってるのか分からないから、その日の自分のことを振り返り、こういう事に対して怒ってるの？と問いかけるとさらに激怒。毎回それで疲れた。怒られるから対応やら言動を変えてみたけど改善されなかった。甘えられてると知ってても無理。私の心が枯れた。好きな人が恐怖の対象になった。,@ポリエステル-q5g,2025-08-06T12:54:06Z,FpcoL2PZ9zY
【情緒的ネグレクト】親の“感情面への”無関心や関わりの薄さ。生きづらい子どもに多い、見えにくい精神的なネグレクトとは？,179891,1030,情緒的ネグレクト、これだ。<br>親にまっっっっったく共感してもらえませんでした😂<br>私の気持ちに無関心。<br>そのくせじぶんの気持ちばっかり押し付けてきて、じぶんが正しいと思っている。<br><br>疲れました。大変でした。<br>つらかったです😢,@penpenkawaii,2025-03-28T03:42:45Z,WN3RVQSf7l8
【抱え込みすぎ】「私がやらなきゃ」「何でもできなきゃ」、気を使いまくり、自分が人や状況を操作したい→限界を超えて心が崩れる,664306,972,相談したい<br>↓<br>相談内容を想像する<br>↓<br>どうせこんな答えが帰ってくるんだよな<br>↓<br>相談する気が無くなる<br><br>でずっと相談できない,@user-tf6ju7ek7b,2024-09-07T07:55:41Z,Gaps0b_VXIU
【情緒的ネグレクト】親の“感情面への”無関心や関わりの薄さ。生きづらい子どもに多い、見えにくい精神的なネグレクトとは？,179891,876,家の親はまさにそうでした。衣食住はちゃんと用意してくれるけど、何かが抜け落ちてる感覚がずっとありました。なにかこう、安心出来ないんですよね〜、、,@tarooooo-l3e,2025-03-28T05:24:11Z,WN3RVQSf7l8
【抱え込みすぎ】「私がやらなきゃ」「何でもできなきゃ」、気を使いまくり、自分が人や状況を操作したい→限界を超えて心が崩れる,664306,861,思い切って打ち明けた時に、「らしくない」で片付けられた時の絶望感。,@charmander9149,2024-07-06T05:44:10Z,Gaps0b_VXIU
【自立しすぎている人】頼れない、任せない、甘えられない。孤独と傷つきを抱え込んできた人,376235,842,「人は常に裏切るので、他人に期待しないことで自分が守れる」を念頭に生きてきたので、その答え合わせができて嬉しいです。,@takkom6191,2023-10-21T18:55:02Z,Rtfu2tdV6Ks
【抱え込みすぎ】「私がやらなきゃ」「何でもできなきゃ」、気を使いまくり、自分が人や状況を操作したい→限界を超えて心が崩れる,664306,833,子どもの頃に父から「お父さん間違ったこと言ってるか？」という叱られ方をしてきました。何回かそうされているうちに、自分が間違っているんだ、全部悪いんだと思うようになった気がします。<br>つらいことを家族に相談してもそれはあなたも悪かったよねと言われ、それで自己否定に拍車がかかりました。<br>今は年に数回心の内の内を話すのがやっとで、どこかで自己否定しているせいか本音を隠して遠回しな言い方になって相手が「？」な顔になっています。それを見るのもあーまた私わかりにくい言い方したなと思います。<br>抱え込んでいるから話して言った方がいいよ、と言われますが言ったとしても受け入れてもらえるかは別なので言わなくていいかとなります。<br>今書き込んだだけでも、自分はそれなりにモヤモヤしてるなとわかりました😂,@みんあす-e3m,2023-12-06T15:40:09Z,Gaps0b_VXIU
【抱え込みすぎ】「私がやらなきゃ」「何でもできなきゃ」、気を使いまくり、自分が人や状況を操作したい→限界を超えて心が崩れる,664306,797,いや、頼れよ。って言われても、誰にやねん！ってなるんすよねぇ。,@androidnuts9670,2024-06-26T08:11:59Z,Gaps0b_VXIU
"【なぜか優しくできない,怒りが湧く】家族／恋人／子ども／近しい人にほどキツく強く当たってしまう心理",683700,784,母が100%このタイプです  中度の自己愛性パーソナリティ障害もあると思います  幼い頃から、少しでも母の理想である「全てにおいて完璧な娘」像から離れると感情的に攻撃され、心がボロボロになりました  去年やっと(私はアラ還です)絶縁状を送り、今は心の平安を取り戻すために模索する日々です,@oyumisan9356,2025-08-06T16:49:29Z,FpcoL2PZ9zY
【抱え込みすぎ】「私がやらなきゃ」「何でもできなきゃ」、気を使いまくり、自分が人や状況を操作したい→限界を超えて心が崩れる,664306,768,自分が思ったことややりたいことを素直に言うと親に「わがままだね」って言われるから、<br>自分を出すことが悪いことなのかなって感じて徐々に自分を出せなくなった,@nunusi5899,2024-02-10T14:12:44Z,Gaps0b_VXIU
"【なぜか優しくできない,怒りが湧く】家族／恋人／子ども／近しい人にほどキツく強く当たってしまう心理",683700,757,そんな自分が死ぬほど嫌いで消えたくなるんよな,@いぬかわいい-n2s9p,2025-09-09T07:38:46Z,FpcoL2PZ9zY
【自立しすぎている人】頼れない、任せない、甘えられない。孤独と傷つきを抱え込んできた人,376235,733,自立しすぎな人じゃなくて『自立しすぎにならざるを得なかったトラウマを抱えている人』と言った方がしっくり来ますね。<br>　おそらく過去に人に頼りたかったり甘えたかったりしてそうしたものの陰で悪口言われたことがあり、他人を信用できなくなったからそうせざるを得なくなったのではと思います。私です。<br>　甘えたくても頼りたくても一度でもそのことで陰口言われたら自立しすぎにならざるを得ないですよ。他人を信じてバカを見たくないからそうなったケースが多いのではと思います。,@user-akamanjuu6955,2023-10-25T09:42:07Z,Rtfu2tdV6Ks
【自立しすぎている人】頼れない、任せない、甘えられない。孤独と傷つきを抱え込んできた人,376235,729,独身一人暮らし、パートナーなし、ペットもなし、一人で会社経営。わからないことはネットか専門のとこに聞いて解決。自分の中の自分に相談して一人で何でも決めてる。孤独です。ホントに。,@maromiki4989,2023-10-22T16:36:42Z,Rtfu2tdV6Ks
"【なぜか優しくできない,怒りが湧く】家族／恋人／子ども／近しい人にほどキツく強く当たってしまう心理",683700,719,完全に私のことだし、言っていることは全部わかる。<br>全部分かった上で治らないから悩んでる。,@ふにゃり_2525,2025-09-05T19:41:50Z,FpcoL2PZ9zY
【情緒的ネグレクト】親の“感情面への”無関心や関わりの薄さ。生きづらい子どもに多い、見えにくい精神的なネグレクトとは？,179891,675,これって、親が割と普通の愛情ある人でも、子どもの方が感性とか語彙とかが異常に精妙な少数派の場合(いわゆるギフテッド的な)、自分が感じる繊細で精妙な領域まで普通の人はイメージできないから、親としては普通に接しているつもりでも、実質的に情緒的ネグレクトになってしまっていると言うパターンも含まれると思う。<br>私はそのパターンだと思う。だから、大人になってから、感性が合う人に出会って、自分のあらゆる感覚を共有させて貰ったら物凄く精神的に救われた。それこそ、そうして初めて生きている感覚が生まれたレベルで、生まれ直した感じ。,@ScrapAlley4649,2025-04-22T16:22:22Z,WN3RVQSf7l8
"【なぜか優しくできない,怒りが湧く】家族／恋人／子ども／近しい人にほどキツく強く当たってしまう心理",683700,673,私すぎて、驚きました…。<br>自分のメンタルに左右されます。自分の不安が強い時期や劣等感が強い時期には特に起こってしまいます…。過去の投影が起こってるんだと思います。<br>皆だってこんなもんだろうと思っていましたが、違うんだなってことに最近気づきました。自分と身近な人のためにも治せるようにしたいです。,@雪だるま-l5p,2025-08-06T20:36:31Z,FpcoL2PZ9zY
"【なぜか優しくできない,怒りが湧く】家族／恋人／子ども／近しい人にほどキツく強く当たってしまう心理",683700,671,「私でもできるのに、なんでできないの？」<br>できないことが多い自覚がある人間ほど、陥りがちな思考だと思います<br>自分のことです<br>親に褒められず認められず、味方になってもらえないまま大人になっ影響も多大にありますね<br>これはもう呪いですよ…,@hota_chika,2025-08-08T14:55:41Z,FpcoL2PZ9zY
"【なぜか優しくできない,怒りが湧く】家族／恋人／子ども／近しい人にほどキツく強く当たってしまう心理",683700,634,めっちゃ分かるなあ<br>これマジで治したいのにずっと治らない苦しい<br>でも周りが一番辛いよなあ申し訳ない,@老衰です,2025-09-10T00:06:42Z,FpcoL2PZ9zY
【抱え込みすぎ】「私がやらなきゃ」「何でもできなきゃ」、気を使いまくり、自分が人や状況を操作したい→限界を超えて心が崩れる,664306,611,これ他責系ではない自責系の自己肯定感低い人やアダルトチルドレンの人に多い気がする<br>自分もそう<br>素の自分を見せれずに、人の顔色をうかがってしまうタイプですね<br><br>周囲に舐められてだんだん自分が蔑ろにされたい、軽い扱いされる傾向になってきやすいですよね,@tt-om3yd,2024-02-04T08:23:31Z,Gaps0b_VXIU
"【なぜか優しくできない,怒りが湧く】家族／恋人／子ども／近しい人にほどキツく強く当たってしまう心理",683700,587,サンドバックになる方はたまったものではないです。本人が気がついて改めてくれればいいですけど。怒りを受ける側はどうしたら良いのでしょうね。,@chiros4100,2025-08-09T08:22:25Z,FpcoL2PZ9zY
【抱え込みすぎ】「私がやらなきゃ」「何でもできなきゃ」、気を使いまくり、自分が人や状況を操作したい→限界を超えて心が崩れる,664306,585,全部俺のことやないかい（笑）<br>何なんだろうこの感覚、どんだけ頑張っても虚しい、誰か分かってくれ、いや分かって欲しいとか迷惑な事考える自分ダメゼッタイ、みたいなので疲れ果てていた所でした。<br>これだけ解説してもらえると、ああホッとした〜大丈夫かもしれない！と元気が出てきます！ありがとうございます！,@hrhvlook,2023-11-27T11:58:48Z,Gaps0b_VXIU
【愛情と依存の違い】&quot;好き&quot;と混同しやすい&quot;依存&quot;の特徴とは？自分軸で与える愛と、他人軸 or 自己満足で埋めようとする愛。  〜グラデーションで考える〜,211779,573,付き合っていくうちにだんだん愛情が依存に変わっていくから難しい,@薄口醤油-k1m,2025-03-04T23:49:03Z,Ui7jIx_0sIU
"【なぜか優しくできない,怒りが湧く】家族／恋人／子ども／近しい人にほどキツく強く当たってしまう心理",683700,550,程度にもよると思いますが、やられた側は心身共にボロボロになり得ます。十分に関係が終わる理由になります。<br>深刻なテーマだと私は思います。,@AI-gn8vf,2025-09-11T20:00:19Z,FpcoL2PZ9zY
【抱え込みすぎ】「私がやらなきゃ」「何でもできなきゃ」、気を使いまくり、自分が人や状況を操作したい→限界を超えて心が崩れる,664306,543,責任感が強すぎる、全てを完璧にしようとして空回りして失敗してしまう、悪い方向に全て考えてしまう、他の人の顔色が気になって自信を持って物事を言えない、っていう性格です。人一倍敏感で傷つきやすいのに、人一倍頑張りすぎて疲れも酷く、実力を発揮できません😢,@Snowman_meme_Ai,2023-12-13T12:49:09Z,Gaps0b_VXIU
【抱え込みすぎ】「私がやらなきゃ」「何でもできなきゃ」、気を使いまくり、自分が人や状況を操作したい→限界を超えて心が崩れる,664306,526,昔から「抱え込まないで」「もっと頼っていいんだよ」と言われてきて自分が抱え込みすぎるタイプなのは分かっていましたが、その生き方でなんとかなってきたし結局誰かに頼るより自分でやり切る方が満足いくし納得いくし…とそのまま今まで生きてきました。<br>その結果知らないうちに限界まで自分を追い込んでしまっていたようで、ある日急にベッドから起き上がることができなくなり、大学に行けなくなりました。今は休学をして色んな世界を見るようにしています。<br>この動画に出会えたおかげで、今一度自分の心を見直すきっかけができました。ありがとうございます。,@ムジナ-u6u,2024-02-04T17:47:10Z,Gaps0b_VXIU
"【なぜか優しくできない,怒りが湧く】家族／恋人／子ども／近しい人にほどキツく強く当たってしまう心理",683700,516,ちゃんと子どもらしく過ごさせてもらえて、愛され甘えさせてもらえる子ども時代を過ごしたかったです😢人生にずっとずっとハンデがあるように感じて辛くなる時があります。それでも大丈夫！頑張る！→やっぱり悲しいの繰り返し。,@mrwhp522haru,2025-08-11T09:32:58Z,FpcoL2PZ9zY
【敵意帰属バイアス】自分を嫌っているんだと誤解・攻撃されたと誤解をしやすい。自己成長や対人関係の弊害。不信感。まずは傾向に気づくこと。,107541,495,これが酷すぎて人の表情や目を見ることが怖くて、他人の笑い声もとっても怖くて、すれ違うのさえ苦しいです。挙動不審に思われるのも怖いです。気楽に考えられたらどんなにいいかと思います。自分はどうやっても嫌われるし軽く扱われるんじゃないかと思ってしまうし、店員だって怖いし、きっと今の私では福祉の人も怖い,@whisperrose5370,2024-04-10T13:57:17Z,_uTgEER207c
【自己愛性パーソナリティタイプ】自分は特別・自分は悪くない・トンデモ行動。自己愛が強い人への対処と改善までご紹介。／ナルシスト、話を聞かない、押し付け、支配的,234791,480,自己愛の人に対して寛容な心で接することはできません。相手は赤ちゃんではないですし、私も仏ではないです。自分を認めてもらうために攻撃を繰り返す人とは一定の距離をおくようにしています。,@stella-ng1id,2024-03-12T17:07:45Z,9ZqyqvABW_8
【情緒的ネグレクト】親の“感情面への”無関心や関わりの薄さ。生きづらい子どもに多い、見えにくい精神的なネグレクトとは？,179891,479,お風呂でこっそり泣くのって、この動画を見るまではみんな通る道だと思ってました。母が娘が泣いてるのを見ると全て自分のせいだと捉える人だったので、シャワーで声を隠して顔が赤くなるのも身体が温まってるで誤魔化して何とかしていました。,@latte7538,2025-08-22T07:08:09Z,WN3RVQSf7l8
【情緒的ネグレクト】親の“感情面への”無関心や関わりの薄さ。生きづらい子どもに多い、見えにくい精神的なネグレクトとは？,179891,465,私の父は教師で校長も経験しリーダーシップがあり他者を引っ張っていくタイプです。母も教育関係者で、勤勉で周りから信用されるタイプで、幼い頃から立派なご両親ですねと褒められていました。<br>学校では必ず父や母の知り合いが教員側にいて、父母への賛辞を耳にしていました。<br>父や母の顔に泥を塗らないように生きなければ、品行方正であらねばと日々襟を正して生きていました。<br>両親は私の誇りです。<br><br>でも、私の愚痴を何度も「聞きたくない」と遮られたことや、「これだけ環境に恵まれているんだからお前は不満なんて抱かないよな？」と言われたこと、何か失敗する度私は家族の中でポンコツのお笑い枠だと言われたこと、初めて進路に対して希望を持ち両親に告げた時、それが如何に良くない道であり、教職に就くのが何よりの成功であると繰り返し述べて諦めさせたこと全てが忘れられません。<br>反抗すれば良かったじゃないかとお思いになるでしょうが、親は絶対的に正しいと思い込まされており、自分は常に間違っていると思い込んでいるため、「こんな事を考える自分は間違っているんだ、恥ずかしいな」と思ってしまい、反抗心が育たなかったのだと考えています。<br>20代前半でうつ病になった時、父母は「自分達の何が間違っていたんだ」と言っていました。<br><br>この動画を見て、これまで全ての事で私は自分自身の話を聞いて欲しかったんだと気付けました。<br>既に40代に入った身ですが、少しずつ自分に優しくしてあげたいと思います。<br>気持ちが湧き出るあまり乱文になりましたことをお詫びして結ばせていただきます。<br>皆様の心が温かく癒されますようにお祈り申し上げます。,@明太子メロンパン,2025-09-11T08:15:37Z,WN3RVQSf7l8
【日常に残る心の影響】知らないで自分を否定したり、現実とのギャップを起こし続けていませんか？大事な自分を理解・受容・幸せへ。,83800,464,自信持っちゃだめ、持つと悪いことが起きると思っているにすごく共感しました。,@marinw2113,2025-08-21T11:13:31Z,cNzvBWkhm3Y
【情緒的ネグレクト】親の“感情面への”無関心や関わりの薄さ。生きづらい子どもに多い、見えにくい精神的なネグレクトとは？,179891,462,子供の頃、風呂場で静かに泣いていたら生産者がうざったそうに風呂場の電気を消して去っていった事はずっと忘れません<br>家の外では緊張してることが多いですが、ぼっちなので一人で何でもやります　<br>自立のしすぎ、なんて概念があるとは初めて知りました、これだけでも救われる思いです<br>生産者とは死ぬまで口をきくこともないでしょう、言ったところでどうせなにも分かってくれませんから,@mikamarika-xm5qi,2025-03-30T17:00:40Z,WN3RVQSf7l8
【抱え込みすぎ】「私がやらなきゃ」「何でもできなきゃ」、気を使いまくり、自分が人や状況を操作したい→限界を超えて心が崩れる,664306,455,家と外で態度が違いすぎる人です。<br>外でニコニコしすぎて家で地獄みたいな性格してます。,@us-g6k,2024-06-24T14:49:22Z,Gaps0b_VXIU
【情緒的ネグレクト】親の“感情面への”無関心や関わりの薄さ。生きづらい子どもに多い、見えにくい精神的なネグレクトとは？,179891,444,この動画を見てすべて当てはまっていて、自分は変じゃないんだと思えて涙が出てきました。納得しました。幼い頃、喜怒哀楽が激しく、家族旅行が父親の仕事の都合で行けなくなった時に大泣きした記憶があります。この日を楽しみに頑張ったのにと言う思いで泣いていましたが、「これ以上泣くならお前とは一生約束事はしない」と言われて、他人に期待することをやめました。母親に何か言うと「お母さんはもっと大変だった。もっとつらい人もいるんだから」と言われて、自分は甘えているんだと思っていました。<br><br>「この子はいつになったら落ち着くのかしら」「あのこのようにおとなしくてお淑やかな女の子になってほしい」と母親や身内に言われて、「明日からこの変な癖をやめよう」「自分を出すのをやめよう」を繰り返すと周りが褒めてくれて、これが正しいんだと思いました。<br><br>友達の悪口を聞くのも頭やお腹が痛くなるので、そう言う話をする人から離れました。<br>いじめられていたときは、誰かに相談するという発想はなくて、ただぼんやりと「あの子が転校してくれたらどんなに幸せだろう」と思っていました,@choco416-f7u,2025-03-26T15:56:43Z,WN3RVQSf7l8
【自分軸と自分勝手の違い】わがままが気になる人へ。場面での対比を見て整理しよう,159398,441,自分の意見を我慢して合わせていた結果、「相手ばかり得をしてずるい」と自分勝手になっていました。自分勝手にならないようにしていた行動が裏目に出ていたなと反省です。我慢の割合を減らす分、自分の意見を伝える経験を積み重ねていきます！,@amaneru-h8z,2024-02-14T14:15:15Z,htWuimTJmlQ
"【なぜか優しくできない,怒りが湧く】家族／恋人／子ども／近しい人にほどキツく強く当たってしまう心理",683700,438,私のことだと感じました。元夫に対し、常にイライラして自分の理想を押し付けてました。他の人にはむしろ寛容な方なのに。温和な彼から別れを切り出されました。<br>離れてみてすごく楽になりました。当時は元夫といる自分が嫌でたまらなかった。<br>それ以来、誰とも距離をおくようになりました。孤独ではあるけど気持ちは穏やかに過ごせるようになりました。,@おはぎ-z4k,2025-08-13T06:50:05Z,FpcoL2PZ9zY
【愛情と依存の違い】&quot;好き&quot;と混同しやすい&quot;依存&quot;の特徴とは？自分軸で与える愛と、他人軸 or 自己満足で埋めようとする愛。  〜グラデーションで考える〜,211779,433,人に依存してるなって時は自分の趣味を増やしたり新しい自分の開拓とかすきな事をしたり自分磨きに重点を置くと生きやすくなりました。依存先を分散させるのは大事だと思います。,@user-xd3cx5qj2v,2025-02-24T02:19:53Z,Ui7jIx_0sIU
【自立しすぎている人】頼れない、任せない、甘えられない。孤独と傷つきを抱え込んできた人,376235,430,自立しすぎな人って、そうならざるを得ない環境で生きてきた人が大半ではないかと思います。<br><br>頼りたい・甘えたいと思っても、その方法が分からなかったり、親族でも裏切るのに、他人が助けてくれる訳ないって信頼が出来なかったり…。,@user-katsumi314,2023-10-23T00:00:14Z,Rtfu2tdV6Ks
【アダルトチルドレン】克服の一歩は自己理解。心の平穏を取り戻すため自分に目を向け、心の声に耳を傾けよう。【AC】,151938,428,何不自由無く愛情深く育てられ、両親や婆ちゃん達すでに皆他界してますが感謝しています、、それなのに何で私は人生こじらせこんなに自己否定が強く孤独なのだろう。,@原ウテナ,2024-12-16T14:36:01Z,usIp41t_vo0
【敵意帰属バイアス】自分を嫌っているんだと誤解・攻撃されたと誤解をしやすい。自己成長や対人関係の弊害。不信感。まずは傾向に気づくこと。,107541,424,「思っているより世界は優しいです」はまともな人の発想だよなーと観ていて悲しくなりました。どうしたってそっち側には行けないので。<br>世界は「まともな人に対しては」優しいかもしれないけど、そうじゃない、何か足りない人間に対しては決して優しくなどないです。社会福祉があっても普通の人はまともじゃない人を除外しようとするので。,@user-lc9or1ex9c,2024-04-17T02:12:32Z,_uTgEER207c
【日常に残る心の影響】知らないで自分を否定したり、現実とのギャップを起こし続けていませんか？大事な自分を理解・受容・幸せへ。,83800,398,「私のことだ。当てはまる」と感じる反面、「私程度の経験じゃ、当てはまるって言えるのかな」、「もっと辛い立場だった方もいるだろうし」と自分の感覚に懐疑的な気持ちもあり、自分の感覚に自信がないんだなと、文章にして改めて認識しました。<br>コンパクトに話すの、自分の事や意見に関してはとても苦手意識があります。<br>議事録をまとめたりするのは褒めてもらえたこともあるので、物事をまとめて文章にすること自体が下手というわけではない気がするのに、この文章もそうですが、まわりくどいというかわざと曖昧に濁したくなっているような、違和感がずっとありました。<br><br>両親は毒親と言うにはパンチが弱く、周りからは「いい親御さんじゃないか」と言われたりして、「被害者意識が強いのかな」「自意識過剰なのかな」と思ったりもするのですが、過干渉で支配的な父親とそれに黙って従う母、期待に応えねば居場所がないような感覚がずっとあり、それでも、家を出て自分なりに自分を取り戻すと言うか、はっちゃけると言うか、空っぽの自分の内側をなんとか満たそうと色々挑戦もしてきたのですが、未だに周りの誰かの『好き』に便乗・応援する形で『楽しみ』を見つけようとしていると言うか…誰かに認めてもらえないと「好き」を表明する意義を感じられないというか…「自己満足じゃ意味がなくない？」という『後ろの人』がいる気がします。<br><br>なんでだろ、泣きそう,@mizuki7784,2025-09-02T12:14:18Z,cNzvBWkhm3Y
"【なぜか優しくできない,怒りが湧く】家族／恋人／子ども／近しい人にほどキツく強く当たってしまう心理",683700,397,まさしく夫です。揉めないよう穏便な対応をしてもいらないケンカを売ってきます。外面が非常にいいので優しいと言われますが、私にはとことん厳しい。一緒にいると疲れます。,@にゃんこ-x1w,2025-08-08T09:16:50Z,FpcoL2PZ9zY
【アダルトチルドレン】克服の一歩は自己理解。心の平穏を取り戻すため自分に目を向け、心の声に耳を傾けよう。【AC】,151938,397,たぶんこのコメント欄には仲間がたくさんいるのでは、と思いますが…<br><br>・親子逆転があった、親の愚痴を聞いていた、親の機嫌を取っていた<br>・母と娘の共依存関係になっていた、母子密着、癒着<br>・姉妹・兄弟差別があった(愛玩子・搾取子)<br>・感情面にタッチされずに育った、親に寄り添いや共感を示してもらったことがない、感情を受け止めて貰ったことがない<br>・&quot;いい子&quot;だった<br>・親に遊んでもらった記憶がない<br>・過干渉・過保護、関わり方にムラがある<br>・子供の頃に自分の意思を尊重されなかった、子供の意見を聞かずに親が勝手に物事を決める<br>・公務員になりなさいと言われて育った(これなぜかよく聞きます)<br>・反抗期がなかった<br><br>私はこんな感じで育ちました。<br>アダチルは病気ではないですが、それは&quot;だから大した問題ではない&quot;ということではなく、病気ではないからこそ投薬で治すことができない。認知を修正し自分で自分を救い出す必要があるので、長い道のりです。,@恋するウサギちゃん-z,2024-10-24T20:28:49Z,usIp41t_vo0
【日常に残る心の影響】知らないで自分を否定したり、現実とのギャップを起こし続けていませんか？大事な自分を理解・受容・幸せへ。,83800,384,もういい歳になったけど、いつも「責められる」恐怖を持ってる。<br>この感覚は多分永遠に消えないんだなと思う。,@ぴよこ-w1h,2025-08-31T12:34:06Z,cNzvBWkhm3Y
【自立しすぎている人】頼れない、任せない、甘えられない。孤独と傷つきを抱え込んできた人,376235,380,甘えまくってる人にイラッとするのは羨ましい気持ちもちょっとだけあるけど、本当の理由は、なめんじゃねえ贅沢言ってんじゃねえって思うから。,@miehaga7444,2023-10-22T19:44:18Z,Rtfu2tdV6Ks
【投影】他人(外側)に自分の感情・欲求や過去を映し出す。＝自分流に解釈している。人間関係や自己理解のために「投影」をチェックしてみましょう,121833,355,自分の投影ではなく相手からの投影も沢山あるなと思いました。なんであの人あの態度なんだろう、自分が悪いのかといつも思っていましたが、向こうが過去に自分みたいな人から嫌な思いをしたことがあったり、相手自身が禁止してることを自分ができるから羨ましいと思っている可能性もあるなと思いました。自分に向き合うのも大切ですが、全部自分のせいだと思わず、自分に心当たりがなければ相手の問題だとすることも大切だと思いました。,@ym9188,2024-06-20T22:06:22Z,4StA-DDlEfk
"【なぜか優しくできない,怒りが湧く】家族／恋人／子ども／近しい人にほどキツく強く当たってしまう心理",683700,347,こういうの学校で勉強出来たらいいのに、親がコントロールできる家庭内だと他人からは見えないしそれが普通だといざ外の世界でおかしいと言われるとわかんないんだよね...<br>大人になるとおかしいなって直そうとするけど子供の頃からのくせは直らんのよ,@haru3899,2025-08-06T16:02:13Z,FpcoL2PZ9zY
【選ぶ権利がある】近くにいる方がいい人と、遠ざける方がいい人【割合と頻度を見てね】,256269,343,「悪い人ではないんだけど、一緒に居ても特に楽しいと感じない、この時間ムダだなと感じた人」もどんどん切るようにしてます。<br>これは、お互いに時間を無駄にしないためにやります。相手にとっても、私といるよりもっと相性の良い相手と過ごした方が絶対に有意義です。,@monomo1087,2023-10-29T13:45:58Z,7tTBN-Ul_Pg
【情緒的ネグレクト】親の“感情面への”無関心や関わりの薄さ。生きづらい子どもに多い、見えにくい精神的なネグレクトとは？,179891,342,こういう両親共通は<br>外面がいいです。<br>自分の両親もそうでした。感情の共有や共鳴が全くなく育ってます。,@user-micamica,2025-04-07T05:05:41Z,WN3RVQSf7l8
【選ぶ権利がある】近くにいる方がいい人と、遠ざける方がいい人【割合と頻度を見てね】,256269,332,「優しいねー」と置き換えて私を利用しようとした友だちみたいな人が居ました。気づくまでに時間がかかってしまいました。優しく無いし何の為にと思いました。守る人が出来たのでその人の為に時間も命も使いたいです。,@leelee-os5zz,2023-08-18T01:18:00Z,7tTBN-Ul_Pg
【情緒的ネグレクト】親の“感情面への”無関心や関わりの薄さ。生きづらい子どもに多い、見えにくい精神的なネグレクトとは？,179891,331,自己喪失してしまったまま社会人になってしまい、自分は大事にできないくせにプライドだけ高い自分に嫌気が差し続けてる状況で助けてほしいです,@あらあら花びら,2025-10-22T13:36:46Z,WN3RVQSf7l8
"【なぜか優しくできない,怒りが湧く】家族／恋人／子ども／近しい人にほどキツく強く当たってしまう心理",683700,325,初めての彼氏ができたときの自分がこれだった。今振り返るとヤバい奴だわ。<br>ハッキリ理由を言って振ってくれて良かった。,@_a9870,2025-08-06T17:15:52Z,FpcoL2PZ9zY
【回避傾向】自分を生きることから逃げる。失敗、責任、批判、恥、人を傷つける恐れなどを最優先にして人生が停滞する,103401,318,失敗したく無いから、やりたい事へのハードルを過度に上げすぎてなかなか行動に移せない。<br>努力しないのに理想だけ、プライドだけ高い。<br>回避してばかりの38年。,@食パン-de-613,2025-02-12T17:05:50Z,khgpg2jcUCE
"【なぜか優しくできない,怒りが湧く】家族／恋人／子ども／近しい人にほどキツく強く当たってしまう心理",683700,315,おすすめに出てきたサムネでこれ私だ…と思い動画を拝見しました。<br><br>会社の人からは優しい人、怒らなそうと言われます。家では夫や娘によく怒ってしまいますし(ほぼ育児のこと)、否定されるととても腹が立ってしまいます😢<br><br>すぐ、「大切にされていない」と連想してしまうというのはその通りだと思います。<br><br>客観的に分析してもらうと冷静になれますね😊力を抜こうと思いました。ありがとうございます！,@miku-ke7rf,2025-08-10T00:04:57Z,FpcoL2PZ9zY
【情緒的ネグレクト】親の“感情面への”無関心や関わりの薄さ。生きづらい子どもに多い、見えにくい精神的なネグレクトとは？,179891,314,「お前は神経質や」と両親に言われてきたためか、私が感情や悩みをぶつけると困惑してしまってスルーしてしまう、そして父の愚痴を私に言う母。<br>過集中のためか、また相手への共感性が乏しく、家族の話(私の話含む)をガン無視してしまう父。その2人や弟妹の顔色を見ながら育った私です。<br>ネグレクトとは無縁でしたし、地元や周りからも「良い親子だよね」と言われ続けてきました。両親を責めたいわけでもないですが、ただ、自分の気持ちを素直に言えないコミュニケーションが多く、辛かったです。<br>という、私から見た状況にピッタリなお話で、なんだか救われた気持ちになりました。<br>そうか、私も辛かったって言って良いんだな。これまでの人生の辛かった自分を労わりながら、楽しく生きていきたいなと思いました。<br>ありがとうございました✨,@Shizu6669,2025-03-26T11:18:27Z,WN3RVQSf7l8
【情緒的ネグレクト】親の“感情面への”無関心や関わりの薄さ。生きづらい子どもに多い、見えにくい精神的なネグレクトとは？,179891,311,カウンセラーさんに「情緒ネグレクトを受けて育ったんだね」と言われたのですが、あまりこのテーマで情報発信してる方いないので取り上げていただいて助かります…<br><br>普通の家庭で育ったと思っていたし、もっとひどい虐待を受けて育っている人もいるから自分なんて大したことないと思ってしまって、未だに自分の生育環境に問題があったことを認めることが難しいです。自分が悪いんじゃないかと思ってしまいます。<br><br>&quot;自分をよくしよう&quot;にずっと捉われてます😂<br>言われてることがすべて自分のことすぎる…,@恋するウサギちゃん-z,2025-03-26T14:20:56Z,WN3RVQSf7l8
"【なぜか優しくできない,怒りが湧く】家族／恋人／子ども／近しい人にほどキツく強く当たってしまう心理",683700,310,全部仕事だと思って生きていくとちょうどいいんだろうなと。普通の人になれる。しかしそうすると自分がどうにかなってしまいそうな気がする。ロボット。,@kk-mashuuu,2025-08-07T16:37:07Z,FpcoL2PZ9zY
【情緒的ネグレクト】親の“感情面への”無関心や関わりの薄さ。生きづらい子どもに多い、見えにくい精神的なネグレクトとは？,179891,307,決して虐待されてたとかではないから親を責められなくてしんどいんだよね,@hncstyikkl,2025-05-15T04:54:43Z,WN3RVQSf7l8
【自己愛性パーソナリティタイプ】自分は特別・自分は悪くない・トンデモ行動。自己愛が強い人への対処と改善までご紹介。／ナルシスト、話を聞かない、押し付け、支配的,234791,305,多少耳が痛い部分もあります,@kane-you-0124,2024-01-10T11:34:30Z,9ZqyqvABW_8
"【なぜか優しくできない,怒りが湧く】家族／恋人／子ども／近しい人にほどキツく強く当たってしまう心理",683700,304,これ。これ私だ。程よい距離感の相手にはいくらでも優しくできるのに恋人になった途端相手に攻撃的になってた。<br>そうやって罵詈雑言を浴びせて相手を傷つけて縁がなくなって、後々後悔するやつ。<br>この人になら許してくれるってまさに相手に甘えていた。<br>いくら毒親育ちでいじめられてたとしても関係ない他者にぶつけていいわけじゃないのにね。<br><br>P.S ポケピースのピチューかわいい。,@泈,2025-08-06T10:19:52Z,FpcoL2PZ9zY
【敵意帰属バイアス】自分を嫌っているんだと誤解・攻撃されたと誤解をしやすい。自己成長や対人関係の弊害。不信感。まずは傾向に気づくこと。,107541,292,これ俺や。周りにが敵だらけに見えて人が居るところでは、常にちょっと緊張してる,@7転び八起き,2024-04-10T13:13:59Z,_uTgEER207c
"【なぜか優しくできない,怒りが湧く】家族／恋人／子ども／近しい人にほどキツく強く当たってしまう心理",683700,290,これ、たまにならまだ許せるけれど、毎日や毎回だと、いくら近しい関係といっても、やられる側はしんどいですよね。関係を壊してしまう。<br>私自身もつい夫にキツイ口調になることがあるので、気を付けないと💦そういう時って余裕がない時なので、普段から自分で自分をケアしていこうと思います。,@ポル-w7h,2025-08-06T21:58:42Z,FpcoL2PZ9zY
【情緒的ネグレクト】親の“感情面への”無関心や関わりの薄さ。生きづらい子どもに多い、見えにくい精神的なネグレクトとは？,179891,283,今はもう両親と疎遠になりましたが、以前両親につらかったことを訴えると、両親は「ちゃんとご飯を食べさせてやった」とばかり主張していました。それも情緒的ネグレクトだったかもしれません。,@豆花100,2025-04-03T17:23:06Z,WN3RVQSf7l8
【情緒的ネグレクト】親の“感情面への”無関心や関わりの薄さ。生きづらい子どもに多い、見えにくい精神的なネグレクトとは？,179891,282,自分は「ままごと親」って呼んでました　子供を自分が世間におかしく思われないための一般的な家庭を作ってお見せするための積み木の１個みたいに思ってるから、その自分の積み木が感情や人格を持ってるって理解できてない　自分の所有物の積み木が自律的になにかすると思ってないからなんでもやってしまってあの家は過保護とか言われて親戚にはなぜか怒られてました　情緒的ネグレクトと過干渉は両立する,@もも-h6f1j,2025-09-01T04:31:36Z,WN3RVQSf7l8
【人に依存しすぎている人】自分に主導権がなくなっている・人に何かしてもらうことを求めすぎる人（自立しなさすぎている状態）,91609,277,私は数年前までこれでした。彼氏に金銭的にも精神的にも頼りきって、親にも金銭面で依存して、苦しかったです。なので、彼氏と別れる決断をして、仕事を始めて一人暮らしをしばらくしています。めちゃくちゃ不安でしたが今はこの自立した生活が自由で大好き。もっと小さな成功体験を積み重ねていこう。,@miehaga7444,2023-10-29T20:39:08Z,27c9_QRTctI
"【なぜか優しくできない,怒りが湧く】家族／恋人／子ども／近しい人にほどキツく強く当たってしまう心理",683700,276,まさに元夫のことです。自身の母親から愛されず尊重されずに育った人でした。<br>私だけならガマンしたかもしれないですが、高校生の息子の自尊心まで壊しにきたので、２人で逃げることを選びました。,@ii-gd9mi,2025-08-07T07:42:05Z,FpcoL2PZ9zY
【抱え込みすぎ】「私がやらなきゃ」「何でもできなきゃ」、気を使いまくり、自分が人や状況を操作したい→限界を超えて心が崩れる,664306,275,かかえこんでしまう性格を親のせいだと思ってしまう自分がいて、自己嫌悪になる。<br>自分は悪くないという気持ちと親のせいにはしたくない気持ちがぶつかり合ってる感じ,@rhujhddhklmm,2024-08-20T14:30:39Z,Gaps0b_VXIU
【愛情と依存の違い】&quot;好き&quot;と混同しやすい&quot;依存&quot;の特徴とは？自分軸で与える愛と、他人軸 or 自己満足で埋めようとする愛。  〜グラデーションで考える〜,211779,274,本来自分が持つべき軸を他人に委ねると人生が崩壊する。男女、親子、上司と部下…知らないうちに満たされない、しんどい関係を続けてしまっているな。立ち止まって、冷静になる必要を感じました。,@むら-h3m7v,2025-02-19T10:33:10Z,Ui7jIx_0sIU
【自立しすぎている人】頼れない、任せない、甘えられない。孤独と傷つきを抱え込んできた人,376235,263,1人でやるのに美学を感じていると言うよりは、人に相談する、頼むことに強いストレスを感じてしまってそれなら1人でやるストレスの方が数倍楽と感じてしまっているのがあるなぁ,@もこいぬ-s4t,2023-11-03T03:46:51Z,Rtfu2tdV6Ks
【抱え込みすぎ】「私がやらなきゃ」「何でもできなきゃ」、気を使いまくり、自分が人や状況を操作したい→限界を超えて心が崩れる,664306,262,他人に甘く自分に厳しくなる自覚があって、人一倍の努力でやっと普通基準に届くという生き方が根付いてました。<br>自分ではなかなか自分の状況も説明できない事もあったので、こうやって言語化してもらえると同じような方が他にも居る安心感と自分を説明する時の参考になります。,@nekoyanagistk,2023-11-28T23:25:25Z,Gaps0b_VXIU
【自己愛性パーソナリティタイプ】自分は特別・自分は悪くない・トンデモ行動。自己愛が強い人への対処と改善までご紹介。／ナルシスト、話を聞かない、押し付け、支配的,234791,262,自己愛の人はサイコパスもセットな場合が多い。無理に接しようとしない方が良い。例え家族でも距離取ってシャットアウトした方がいい。,@ZOROZORO86,2024-02-01T02:41:51Z,9ZqyqvABW_8
【愛情と依存の違い】&quot;好き&quot;と混同しやすい&quot;依存&quot;の特徴とは？自分軸で与える愛と、他人軸 or 自己満足で埋めようとする愛。  〜グラデーションで考える〜,211779,257,自分の幸せを嬉しそうに見守ってくれる友達に出逢えてから「あ、私って自分の幸せを追ってもいいんだ」って気づけました。<br>私もその友達が幸せそうにしてる所をみると嬉しくなります。<br><br>どちらかが嫉妬しそうになったら程よく距離を置けてそれぞれがセルフケアして、良くなったらまた輪に加わるという自立してる者同士の人間関係って落ち着きますね。(時間はかかりましたが),@とるとる-p6s,2025-02-19T14:12:54Z,Ui7jIx_0sIU
【自己愛性パーソナリティタイプ】自分は特別・自分は悪くない・トンデモ行動。自己愛が強い人への対処と改善までご紹介。／ナルシスト、話を聞かない、押し付け、支配的,234791,255,自己愛さんがやたら絡んできて、ストーカーみたいになったので職場を辞めました。理解するそぶりするとつけあがったので、きっぱりと拒否が良いと思います。,@ねこみみ-n6z,2024-01-24T09:51:55Z,9ZqyqvABW_8
【敵意帰属バイアス】自分を嫌っているんだと誤解・攻撃されたと誤解をしやすい。自己成長や対人関係の弊害。不信感。まずは傾向に気づくこと。,107541,252,動画ありがとうございます！建前では仲良くしてるけど裏で悪口言いまくってる光景を何度も見てきているから、「相手に確認するコミニュケーション」ってどのくらい意味があるのかなって思ってしまう…職場でも、表では「いつもありがとうございます！」とか「さすがです！」とか言い合ってるのに、その人がいないときに「まじであいつといるとストレス溜まるわぁ」とか言ってるの聞くと、みーんな嘘つきに思えて恐い。私にバイアスがあることは確かだけど、周りも周りで結構酷いことしてるよなとも思う。でもこれが大人なのかな。保育園児のころから30過ぎの今までずっとこの状態で辛いです。,@yuyumeimei146,2024-04-10T22:58:04Z,_uTgEER207c
すぐ臨戦体制になり食ってかかりやすい心の癖。人を敵に思いやすい「敵意帰属バイアス」② #心理学 #人間関係 #ストレス #教養,105721,248,すぐ臨戦体制に入ってしまうのは、無力な幼い頃からずっと養育者に攻撃されて来た人だと思う。<br>人は自分に敵意があるもの、という認識を持って育つんだよ,@cyobitan1,2025-09-04T09:55:20Z,wsR2RjpGWDg
【回避傾向】自分を生きることから逃げる。失敗、責任、批判、恥、人を傷つける恐れなどを最優先にして人生が停滞する,103401,240,常に良い自分で居たいんです😢,@Sabatora22365,2025-02-05T12:19:46Z,khgpg2jcUCE
【抱え込みすぎ】「私がやらなきゃ」「何でもできなきゃ」、気を使いまくり、自分が人や状況を操作したい→限界を超えて心が崩れる,664306,237,人の失敗は許してプロセスを肯定出来るのに、自分には当てはめられないのなぁ…,@mzkKykm,2023-12-03T00:02:34Z,Gaps0b_VXIU
【情緒的ネグレクト】親の“感情面への”無関心や関わりの薄さ。生きづらい子どもに多い、見えにくい精神的なネグレクトとは？,179891,235,お勧めに上がってきたので拝見しております。<br>全て当てはまっていて、「人に話したところでわかってもらえない」という感覚は子供の頃からありました。<br>高校の頃、原因不明の体調不良で学校に行けなくなったことがありました。<br>「わがままになった」と言われたことは今でも忘れられません。,@わらびもち-k4j,2025-03-28T17:33:06Z,WN3RVQSf7l8
【自己愛性パーソナリティタイプ】自分は特別・自分は悪くない・トンデモ行動。自己愛が強い人への対処と改善までご紹介。／ナルシスト、話を聞かない、押し付け、支配的,234791,231,自己愛強い人はこれ見なそうw,@TripVibes-g6w,2024-03-07T17:07:47Z,9ZqyqvABW_8
【抱え込みすぎ】「私がやらなきゃ」「何でもできなきゃ」、気を使いまくり、自分が人や状況を操作したい→限界を超えて心が崩れる,664306,228,18歳頃から孤独感が強まっていき、30歳を超えてその孤独感が自分の性質(HSP、アダルトチルドレン)と才能(マルチタスク、直感型、耐性が強い)、他人との関係による緊張ストレス値が強いのに寂しがり屋であり、自己肯定感が低いせいという結論になりました。<br>自由に気楽にと思ってはいますが、性分は変わらないし、縁する人たちにはクールで強い、ポジティブ人間だと思われる傾向が高いため、長年の友人で涙を見せることも何度もあった人たちですら、自分の本質を理解してくれてると思える人は1、2人です。(距離があり、環境も違うのでなかなか会えない)<br><br>恋愛も会うにつれ、どんどん感覚的にズレていくので、長くお付き合いができたこともないです。<br>洞察力がある分、他人が何を求めているか、感じてるか分かりすぎて疲れるし、<br>まわりはみんな私が居なくても頼る人、愛する人に囲まれてるから、いなくても困らないよなって思います。<br><br>親への恨みも収まるどころか爆発して、今は全く連絡とらなくなりました。このまま死ぬまで会えない(傷つくから会うのが怖い)かもしれません。<br><br>どうしても生きていくしかないから何とか生きてるけど、年齢を重ねるうちに心も歪んでいくような感覚になります。激しく辛いというときと、不透明な全てが麻痺してぼやけた感覚というか。<br><br>心療内科には通ったこともないし、思い詰めてもいつの間にかバカみたいだなって切り替えられてるので、医者には頼ってないです。<br><br><br><br>……ここに自分と似てる人がたくさんいたので、全部出してしまいました。,@hachinana9090,2024-09-16T12:14:15Z,Gaps0b_VXIU
【抱え込みすぎ】「私がやらなきゃ」「何でもできなきゃ」、気を使いまくり、自分が人や状況を操作したい→限界を超えて心が崩れる,664306,227,ここにいるみんな、えらい。あったかい気持ちで過ごせる日が少しでも増えますように,@ゴードン-z4r,2024-02-01T12:15:05Z,Gaps0b_VXIU
【回避傾向】自分を生きることから逃げる。失敗、責任、批判、恥、人を傷つける恐れなどを最優先にして人生が停滞する,103401,226,生きることがどうしようもなく面倒で苦痛で猛烈に逃げてしまいたい時がある。デフォルトの感情が虚しさ。,@つゆ-s2o,2025-02-06T12:33:31Z,khgpg2jcUCE
【情緒的ネグレクト】親の“感情面への”無関心や関わりの薄さ。生きづらい子どもに多い、見えにくい精神的なネグレクトとは？,179891,225,1000%当てはまります。幼稚園から小学校の過程で階段状に親は恐怖の対象になりました。学校に行くか行かないかで私の気持ちは無視され続けて不登校にもなれず12年間いつも泣いてました。物的には満たされてましたが精神的な居場所が全方位的にありませんでした。人といて安心したり癒される実感がありません。親は今になって団欒を押し付けてきますが、幸せな家族なんかではなかったと思います。未だにそんな気持ちに蓋をされて従う筋合いなんてもうないでしょうね。己の感情や要求や状態を知るのは面倒で困難だけど、見える物しか見えない、感情が通じない、謝れない親と自営で仕事するのは気が失せますし、何とか少しでも安らげる居場所を見つけていきたいですね。,@icc3576,2025-03-27T02:13:47Z,WN3RVQSf7l8
【自己愛性パーソナリティタイプ】自分は特別・自分は悪くない・トンデモ行動。自己愛が強い人への対処と改善までご紹介。／ナルシスト、話を聞かない、押し付け、支配的,234791,223,自己愛性の血縁者がいます。<br>距離を取りづらい場合、「行動面へのアクション」への評価や感謝はやったほうがいいですが<br>「精神面へのアクション」の評価とか感謝、赤ちゃん願望を受け入れるのはやらない方がいいなと感じました。<br><br><br>これやってくれてありがとう、フォローしてくれて助かったよと伝えるのは<br>こちらの助かる、相手も自尊心を満たされてwinwinだし、その感謝がほしくてまたやってくれる場合もあります。<br>  でも無意味なアドバイスへの感謝とか愚痴聞き、相手の言動を肯定したり励ましたり「精神面へのアクション」はこちらに依存してきて余計に負担が強くなる事が多いと感じます。<br>依存を受け入らたら「自分が上の立場、私の好きにしていい相手」認定されていろんな面で搾取されていく。<br><br>行動面も、こちらをコントロールするための布石な時もあるので、多少罪悪感を感じても<br>口で感謝するだけとか、足りないくらいのお返しでちょうどいいなと思った。<br>その場合コントロールできない相手と無意識に判断して去っていく事もある。<br>「私こんなにやってあげたのに！非常識な人！」と最後まで暴れまわってから去りますが、もうそれはしょうがない。<br><br>距離感の塩梅、難しいですよね。,@固めプリン-n2i,2024-01-12T05:39:09Z,9ZqyqvABW_8
"【なぜか優しくできない,怒りが湧く】家族／恋人／子ども／近しい人にほどキツく強く当たってしまう心理",683700,222,こういう友人がいたけど、自分だからハッキリ言ってやってると言わんばかりでこちらが傷ついてもお構い無しでモヤモヤしてました。<br>自分が困った時は泣きついてくるのに、私が話を聞いて欲しい時は「それ位自分で何とかしたら？」と言われる。<br>自分が人に言えなかったストレスを聞いてるだけの私に八つ当たりという形でガンガンぶつける。<br>対等じゃないんですよね。<br>離れて良かったと思ってます。,@marim5002,2025-08-09T08:01:49Z,FpcoL2PZ9zY
【抱え込みすぎ】「私がやらなきゃ」「何でもできなきゃ」、気を使いまくり、自分が人や状況を操作したい→限界を超えて心が崩れる,664306,221,涙が止まりません。親が鬱で頼れなかったし、頼っても受け入れてもらえなくて悲しかった、辛かった気持ちが今になって溢れてしまいました。<br>断られた時の悲しさを再体験したくなくて、人を頼れない。お願いできないんだと思います。,@まちこ-x3s,2023-12-01T06:03:11Z,Gaps0b_VXIU
【情緒的ネグレクト】親の“感情面への”無関心や関わりの薄さ。生きづらい子どもに多い、見えにくい精神的なネグレクトとは？,179891,220,「こんな特徴みんな当てはまるでしょwww」と思いながら見てたのに、<br>親に自分の大事にしてた趣味を嘲笑された記憶とか<br>小さい頃構って欲しくてついた些細なウソを「虚言癖あんねんこの子！」と近所中に吹聴されたこととか<br>蓋してた嫌な記憶が溢れかえってきて続き見れなくなっちゃった<br>パパママちゃんと躁鬱になったよ(^^)v毎日苦しいよ,@user-cg5ee8xr6v,2025-05-15T18:40:35Z,WN3RVQSf7l8
【自立しすぎている人】頼れない、任せない、甘えられない。孤独と傷つきを抱え込んできた人,376235,216,面倒くさいこととか疲れることを避けるために、自分で物事を完結するほうが楽だと気付いてから、他人との距離を一定以上縮めないことにした、家族でも。<br>この先どういう心境の変化があるか分からないけど、今のとこそれが一番ストレスフリーで自分に合ってる気がする。,@unicker-fr3sy,2023-10-31T09:30:21Z,Rtfu2tdV6Ks
【回避傾向】自分を生きることから逃げる。失敗、責任、批判、恥、人を傷つける恐れなどを最優先にして人生が停滞する,103401,212,人前で<br>「恥をかくこと」<br>「怒られること」<br>「嫌な思いをすること」<br>が起こりそうな場面･場所は徹底的に回避するようにしてる。,@otoya0205,2025-02-21T11:29:47Z,khgpg2jcUCE
"【なぜか優しくできない,怒りが湧く】家族／恋人／子ども／近しい人にほどキツく強く当たってしまう心理",683700,209,いつもパートナーをサンドバッグにしてしまいそうな位、アラサーになっても不安定な自分に悩んでいたので、まさに自分の事すぎてビックリです。。<br>自分の過去を成仏させるため、ここに記させて下さい。。<br><br>私の幼少期に母が育児ノイローゼで精神がおかしくなって毎日怒っている様を周りの大人に言えなかった。<br>ちゃんと着るものや食べ物は用意してくれていて機嫌が良い時と悪い時の差がものすごく大きく恐怖でした。<br>多忙な中やっと帰宅したと思っても助けてくれない父にも、よくおかずを作って持ってきてくれた祖母(むしろ、いい子にするんだよと言われ続けて苦しかった)にも助けてほしいと、わかってほしいと、伝えることが出来ませんでした。<br>父は、私達小さな子供が母から怒鳴られ外に追い出されても、我関せずで「あ、やっとお父さんが帰ってきたから助けてもらえるかな..!」と思っても出張で疲れ果てている父は「疲れてるんだ！」と怒るし、母は夜中でも「連帯責任だから」と、子供全員を外に追い出して閉め出すのが日常茶飯事でした。怒られている時は耳鳴りや体がふわふわする感覚がずっと続いていた事。長女の私ばかり手を出され過剰に怒られていた事。玄関や廊下に布団を敷いて寝た事も。。<br>後から聞いた話で、幼稚園児の時は、意思表示も上手く出来ないため幼稚園児の先生にも「年少から年長さんまでの性格が変わりすぎて、ものすごくのびのびしてたのにお利口さんになりすぎて心配です」と言われていたようです。「早く出ていってくれ」と小学生の時に何度も言われ自己否定され続けていたので、自分の居場所が家には無いと思いながら生きてきた幼少期。早く人生を終わらせたいと思っていた10代。その中でも、心のどこかで希望を抱いていたくて、創作は自由な発想で誰にも縛られない邪魔されない世界が心の灯火になってたように思います。<br>小学生からアラサーになるまで相手に合わせすぎる、相手に期待しすぎる、我慢が重なると突然切ったり、パートナーに甘えて怒ってしまったり、ずっと人との関わり方に悩んでいるのでその改善の糸口が自分の幼少期に関係しているとわかっただけでも、また少しずつ人間としての心を育てていけそうな気がします。,@-miiim_9431,2025-08-18T21:52:22Z,FpcoL2PZ9zY
"【なぜか優しくできない,怒りが湧く】家族／恋人／子ども／近しい人にほどキツく強く当たってしまう心理",683700,205,何度もこの動画を見たい<br>自分を改善したい<br>子供にあたりたくない…,@ゆか-u6g9k,2025-10-02T11:47:30Z,FpcoL2PZ9zY
【情緒的ネグレクト】親の“感情面への”無関心や関わりの薄さ。生きづらい子どもに多い、見えにくい精神的なネグレクトとは？,179891,205,幼稚園の子から家に帰りたくなくて、寄り道ばかりしていました。食事中、母親はテレビに夢中で私が話しかけても無反応。どうしても相談したい事があり泣きながら訴えたら「お母さんだって大変なんだよ」と一蹴されそれから親と会話するのをやめました。虐待までいかないけど根深い問題ですね。,@piyotto888,2025-04-09T10:12:35Z,WN3RVQSf7l8
【自分軸と自分勝手の違い】わがままが気になる人へ。場面での対比を見て整理しよう,159398,203,自称親切な人が増えたと思う。自分で勝手に想像した「相手がこうしてほしい（だろう）」で<br>勝手にあれこれやって、そして感謝されないと怒りだす。何か修正しても怒り出す。<br>ハッキリ言って迷惑以外のなにものでもない。,@L77-w2h,2024-03-10T01:24:43Z,htWuimTJmlQ
"【なぜか優しくできない,怒りが湧く】家族／恋人／子ども／近しい人にほどキツく強く当たってしまう心理",683700,199,彼女がこれです。<br>ひたすらに傷つけられてきました、苦しくて許せない気持ちでいっぱいでした。<br>こちらが傷ついていることを言っていること、理不尽に怒ってたりしていることをしっかりと言ったら理解してくれたのか今は落ち着いています。<br>逆に我慢させないように、しっかりと愛情を持って接して話し合いながら向き合っていけたらと思います。,@ankoromochimm,2025-08-20T13:30:13Z,FpcoL2PZ9zY
【自立しすぎている人】頼れない、任せない、甘えられない。孤独と傷つきを抱え込んできた人,376235,198,「もう強くならなくていいよ」と言われて結婚したけど１０年後に「強くなって」と言われて離婚した。<br>自立って大事。それも自分。,@らぷ-e8x,2023-10-23T09:52:15Z,Rtfu2tdV6Ks
【完璧主義】ひとり反省会・人生が変わらない・全てに神経を尖らせている→「自然な自分ではいけない。」という自己否定のサイン,182094,198,身につまされる回でした。次から次と目標を高く高く掲げて、頑張って登っていたら、だんだん大変になってきて、燃え尽きて、どん底までゆっくりと落ちていきました。満身創痍で、生命力も意欲もなくなり、屍のように生きています。これまでも現在もつらいです。,@ruisei-涙星,2023-08-10T01:02:55Z,a7x8US7Rwj4
【自己愛性パーソナリティタイプ】自分は特別・自分は悪くない・トンデモ行動。自己愛が強い人への対処と改善までご紹介。／ナルシスト、話を聞かない、押し付け、支配的,234791,194,この動画見て私のことだ‥と思ってる人は自己愛さんじゃないと思う,@ちゃんねる-l1k,2024-02-06T07:50:05Z,9ZqyqvABW_8
【情緒的ネグレクト】親の“感情面への”無関心や関わりの薄さ。生きづらい子どもに多い、見えにくい精神的なネグレクトとは？,179891,192,自分の本当の気持ち話そうとすると涙が出てきて話せなくなったりしてたのもこれが関係しているのかなと思いました。<br>この動画のおかげで自分の家庭で何が起きていたのか少し理解できてよかったです。,@ほにゃららほにゃら,2025-04-01T17:15:33Z,WN3RVQSf7l8
【敵意帰属バイアス】自分を嫌っているんだと誤解・攻撃されたと誤解をしやすい。自己成長や対人関係の弊害。不信感。まずは傾向に気づくこと。,107541,192,過去の体験を乗り越えようとした先で敵意や嫌悪を向けられる……の繰り返しだからバイアスに思えないんだよなあ,@もさぎ-b2l,2024-04-10T12:08:25Z,_uTgEER207c
【抱え込みすぎ】「私がやらなきゃ」「何でもできなきゃ」、気を使いまくり、自分が人や状況を操作したい→限界を超えて心が崩れる,664306,191,人に上手く頼れないのが悩みです…<br>大丈夫？って来られると大丈夫だよ～って返してしまう<br>そこを越えてきて欲しい、自分のことを分かって欲しい、なんて思っちゃうけどそんな人なんていないだろうし…<br>こう見ると面倒くさい性格してるなぁ,@user-ug1zk3cf7z,2023-12-02T11:13:18Z,Gaps0b_VXIU
【選ぶ権利がある】近くにいる方がいい人と、遠ざける方がいい人【割合と頻度を見てね】,256269,190,母がどっと疲れる人です。<br>まわりは親なんだから仲良くと言ってきます我慢してまでつながりたくないです。,@もも大福-f6p,2023-08-21T03:35:02Z,7tTBN-Ul_Pg
【自立しすぎている人】頼れない、任せない、甘えられない。孤独と傷つきを抱え込んできた人,376235,189,私だぁ…<br>アダルトチルドレンで親に余裕がなかったから、いつもイライラして母親のペースを乱すと怒鳴る人だった。<br>勇気を出して頼ってみたり、甘えてみても受け入れてもらった経験が少ないし、逆に怒られて怖くなってしまった。<br>自分は迷惑な存在なんだとさえ思っていた。子供は母親の事大好きだから、自分のせいで怒ってるという思い込みができてしまう。<br>精神的に親を頼らない、何も話さない子になった。<br>自分ではそれが正だと思っていたけど、親に余裕が出てきたらお前は何も話さないし、甘えないし、何考えてるかわからない！ってまた責められた。。<br>もうよくわからなくなった。<br>友人のと感覚のズレに苦労し、友達も続かない。<br>何で皆あんな感情出して受け入れてもらえるんだ？迷惑にならないんだ？って不思議だった。<br>私も変わりたくて勇気出して話しても、ギャップに引かれて離れていく。もう疲れるだけ。もちろん恋愛も上手くいかない。。<br><br>私よく生きてきたな…って改めて思う。<br>そして、育った環境で生き抜くために作られた癖が強力。。<br>我ながら不器用すぎて草,@TOMO-pb9rp,2023-10-22T00:56:42Z,Rtfu2tdV6Ks
【抱え込みすぎ】「私がやらなきゃ」「何でもできなきゃ」、気を使いまくり、自分が人や状況を操作したい→限界を超えて心が崩れる,664306,187,高校生のとき、病院で重度の自律神経失調症とうつ病って診断されて、まさに同じことをお医者さんに言われました。<br>「できない自分も、休む自分も許してあげてね。君は充分頑張ってるから。」って言われてその場で大泣きしてしまいましたw<br>学校休む自分が嫌で、でも体調が悪い…で自己嫌悪の悪循環だったけれど、今は人生ほどほどにマインドで毎日楽しいです。,@おきおき-d6p,2023-12-02T14:41:57Z,Gaps0b_VXIU
【認知の歪み】超身近な苦しくなる思考の癖。認知の歪みとは？10種類の例と改善に向けた対応,130279,186,日々生きづらいという自覚はありましたが、10種類の歪み全部が自分にあてはまっている気がして聞いているのがしんどかったです😢自分を悪者にしなくていいとのことですが、動画を見た直後の今の正直な気持ちは「歪んでいる、おかしい、正常でない状態の自分から少しでも早く抜け出して生きやすくなりたい」です。次の動画も楽しみにしています。,@あさみ-c4j,2023-11-22T10:43:04Z,AxlcavvWwYk
すぐ臨戦体制になり食ってかかりやすい心の癖。人を敵に思いやすい「敵意帰属バイアス」② #心理学 #人間関係 #ストレス #教養,105721,185,"先日母と2人きり1週間の旅行をしました。どうしてこうなっちゃうんだろうというくらい喧嘩しまくりました。母の言動がなんでも自分に対しての嫌がらせに感じ、深く傷つけられる前に自分が戦闘体制に入るのを感じました。この動画を見てまさに自分だとハッとしました。基本的に穏やかなのに母に対してだけはどうしても穏やかにはなれません。<br>幼少期の記憶では、私は母にたくさん暴力を振るわれて嫌なことを言われてきました。高校生の時には母から名前を呼ばれただけで胃液が込み上げてくるくらいでした。母主催のイベント事は楽しかったけど、それ以外の酷い面もしっかり記憶に刻まれています。<br>一方母は大人になった私に子育てを振り返る話をする時、酷いことをしてきたことを忘れたのかな？と思うくらい美化された記憶ばかり聞かされます。<br>2,3日くらいなら仲良しごっこもできるのですが、一生このままなのでしょうか。",@hn8861,2025-03-08T01:04:41Z,wsR2RjpGWDg
【自己愛性パーソナリティタイプ】自分は特別・自分は悪くない・トンデモ行動。自己愛が強い人への対処と改善までご紹介。／ナルシスト、話を聞かない、押し付け、支配的,234791,182,母親がパーフェクトレベルで当てはまってました。そして私は彼女にとって都合のいい利用しやすい相手。辛い。<br>今までの被害と恨みが大きすぎて、母親を赤ちゃんのように受け入れてあげる事はとうてい出来ません。全力で疎遠にしようと思いました。<br>そうすると、ある事ない事、嘘をでっち上げながら近所の人の前でウソ泣きしながら私の悪口を言いふらされることになるでしょうが、もうどうでもいいです。逃げる決心がつきました。<br>今までされたこと、言われたこと、こういう事だったんだと大変勉強になりました。この動画を上げてくださってありがとうございました。,@Ctap-w6q,2024-01-16T19:16:22Z,9ZqyqvABW_8
【愛情と依存の違い】&quot;好き&quot;と混同しやすい&quot;依存&quot;の特徴とは？自分軸で与える愛と、他人軸 or 自己満足で埋めようとする愛。  〜グラデーションで考える〜,211779,182,付き合いたては私が自立側だったのに今は私が依存側になっているのが何故なのか苦しい……,@miumiu-g2x2t,2025-07-22T00:11:59Z,Ui7jIx_0sIU
"【なぜか優しくできない,怒りが湧く】家族／恋人／子ども／近しい人にほどキツく強く当たってしまう心理",683700,180,とってもとっても私です……。<br>最近少しマシになってたのに、やっぱりすごく親密になるとなんてことない行動に薄らイライラしてしまうようになって、今も若干距離を置いてます😭<br>母には特に全然制御できないです。<br>こんな自分が嫌だ〜……。<br>自己内省のきっかけになる動画ありがとうございます。近しい人ほどいい関係を築けるように頑張ります😌,@えむ-v8q,2025-08-08T02:38:31Z,FpcoL2PZ9zY
"【なぜか優しくできない,怒りが湧く】家族／恋人／子ども／近しい人にほどキツく強く当たってしまう心理",683700,180,圧倒的な愛情枯渇が幼少期にあったため見事にこの動画の通りな行動を起こしてしまう<br>本当に嫌なんだよね、大切な人にイライラしてしまう自分、、、、、あとからなんであんなこと言ったんだろう、なんであんな風に強く接してしまったんだろうっていつも後悔してる<br>人生は1回しかないのに、、大切な人も大切にできない、、、もうやだ,@oirgss,2025-09-28T08:32:12Z,FpcoL2PZ9zY
【日常に残る心の影響】知らないで自分を否定したり、現実とのギャップを起こし続けていませんか？大事な自分を理解・受容・幸せへ。,83800,178,電話をかける際に、前もって話す内容を「あ、もしもし。お忙しい所申し訳ありません...」から文章にしておかないと電話出来ないのも何か関係あるのかな？手も声も震えて心臓がバクバク状態でいつも電話かけてます。<br><br>でもメモのお陰で、お相手側からは丁寧でハキハキしてて好印象だと褒めてもらえます。メモが無いと頭真っ白で本当に難儀です。同じ方いらっしゃるかな。,@runta7619,2025-09-17T08:47:20Z,cNzvBWkhm3Y
【自己愛性パーソナリティタイプ】自分は特別・自分は悪くない・トンデモ行動。自己愛が強い人への対処と改善までご紹介。／ナルシスト、話を聞かない、押し付け、支配的,234791,177,自分がこれです。非を認めたら負けだと潜在的に思ってしまい謝れない自分に最近気づきました。失敗が怖いし、人も自分も許せないことが多いです。そのためよく家族を困らせてしまいます。<br>自分の存在価値は下がらないというお言葉、胸に刻みます。<br>負けても大丈夫、非があるなら改善する、この考えをインプットしていきたいと思いました。ありがとうございます！,@yu3_milk,2024-03-09T15:28:49Z,9ZqyqvABW_8
"【なぜか優しくできない,怒りが湧く】家族／恋人／子ども／近しい人にほどキツく強く当たってしまう心理",683700,175,仲のいい友達とも１泊以上は過ごさないようにしている。<br>仲のいいままでいたいから。,@疾風秋,2025-11-24T04:25:47Z,FpcoL2PZ9zY
"【なぜか優しくできない,怒りが湧く】家族／恋人／子ども／近しい人にほどキツく強く当たってしまう心理",683700,173,母親がこれです。今受験生だけど、毎日毎日怒鳴られて心身ともに疲弊しています。<br>外面はいいので母の仕事関係の人に｢いいお母さんね｣と言われるのですが、家での様子を見て欲しいです。<br>とにかく常に目に入ったもの全てに怒っていて、私が重要なテスト前だろうがお構いなしに、部屋に乗り込んできて気の済むまで怒鳴ります。被害者意識が強くて、『誰にも理解されず、傷つけられた』という認識しか持っていません。だから自分が相手を傷つけていると思っていませんし、何なら私を理不尽に怒鳴りながら被害者面をします。<br>彼女にもこうなった経緯があるのも分かりますが、十何年もサンドバッグにされている方としてはたまったものじゃありません。本当に勘弁して欲しい。今こういう傾向を自覚している方はどうかどうか改善する努力をして欲しい。私みたいな子供を増やさないで欲しい。,@はるか-s9p6n,2025-09-06T07:16:27Z,FpcoL2PZ9zY
【情緒的ネグレクト】親の“感情面への”無関心や関わりの薄さ。生きづらい子どもに多い、見えにくい精神的なネグレクトとは？,179891,173,庭に出て日向ぼっこしていたらいつの間にか蚊に刺されてて、「わー、蚊に刺されちゃったー」と言ったら父に、「それはお前が外に出たからしょうがないだろ」と言われました。え？ただ報告しただけなのに、私が悪者にされるの？私のせいなの？と傷つきました。思えば昔からこういう小さな否定をたくさんされてきました。<br>この動画を見て少し情緒的ネグレクト気味だったのかなぁと、腑に落ちました。<br>これから少しづつ自分を大事にして行けたらと思います。,@そこの君あいしてるぜベイベ,2025-11-09T15:02:18Z,WN3RVQSf7l8
"【なぜか優しくできない,怒りが湧く】家族／恋人／子ども／近しい人にほどキツく強く当たってしまう心理",683700,172,"幼少期に親から適切な愛情を受けず承認されずに育った人は危険。<br>うわべでは「話し合って理解しあいたい」などと聞こえのいいことを言ってきますが<br>実際は自分と同じ考えの人を味方、違う感じ方の人を敵とみなしており、意見を押し付けてきます。<br><br>親しい関係になると<br>「あなたは○○と感じたんですね、私は△△と感じたよ。」<br>　↑<br>これを言われただけで自分を否定されたと感じ激高します、手が付けられないです。<br><br>動画の内容には共感ですが、おそらくこの動画を見てる人は被害者のほうが多いと思います。<br>パートナーから被害を受けている人は全力で逃げてください。<br>本人に自覚がない限り話しても無駄、時間とエネルギーを吸い取られ続けます。",@apri9280,2025-08-06T12:28:49Z,FpcoL2PZ9zY
【回避傾向】自分を生きることから逃げる。失敗、責任、批判、恥、人を傷つける恐れなどを最優先にして人生が停滞する,103401,171,まさに私です。<br>回避し続けている人生です。<br>歳をとってみて、なんて勿体ない時間の過ごし方だったんだと、後悔しています。<br>今からでも変えていきたい。,@yui7930,2025-02-05T12:17:28Z,khgpg2jcUCE
【日常に残る心の影響】知らないで自分を否定したり、現実とのギャップを起こし続けていませんか？大事な自分を理解・受容・幸せへ。,83800,171,本音を言うと、誰かにどこかで「◯って言ってたよ」って馬鹿にされたり見下されていたらと思ってあまり言えない。その分私自身も人の本音や気持ちを聞いた時に「よく言えるな」とも思ってしまう時があるから余計に,@AS-wy5sc,2025-08-22T00:22:28Z,cNzvBWkhm3Y
【抱え込みすぎ】「私がやらなきゃ」「何でもできなきゃ」、気を使いまくり、自分が人や状況を操作したい→限界を超えて心が崩れる,664306,170,周りや親が「〜出来て偉いね」って褒め方だとこうなる気がする<br>逆に出来なかったら褒められないんだって思うし、アホなのに周りから好かれてる人を見てなんで自分は頑張らなきゃ行けなんだって悩む時ある<br>ある時にこの褒め方って遠回しに真面目である事を強要してない？って感じてわざと手を抜いて褒められないようにしてる,@user-kw7vy3kz4g,2024-05-13T08:36:44Z,Gaps0b_VXIU
【自立しすぎている人】頼れない、任せない、甘えられない。孤独と傷つきを抱え込んできた人,376235,170,だって、「人よりちゃんとしないと愛が貰えなかったから…」僕の原因はこれではないかと思います。<br>ちゃんとする、しっかりする、きっちりする<br>は出来て当たり前で、もっと出来ないと愛が貰えない。<br>もし出来ないと、愛が貰えない上に責められる…。<br>頼るのは甘えであり悪い事。結果は自己責任で自分のせい。<br>やりたい事よりもやらなくちゃいけない事が優先、いつしか何がやりたいのか分からなくなって…<br><br>なので今は、<br>自分を愛する事を心がけています。自分が親となって、自分を幸せにしてあげるからね安心しなと自分に話しかけています。,@カイム-k6v,2023-10-20T22:54:20Z,Rtfu2tdV6Ks
【情緒的ネグレクト】親の“感情面への”無関心や関わりの薄さ。生きづらい子どもに多い、見えにくい精神的なネグレクトとは？,179891,169,非常に共感能力が低く謎のこだわりが強い父親と、意見と機嫌がコロコロ変わりやすい母親のもとで育ちました。<br>直接的になにかひどいことを言われたり暴力を受けたりということはありませんでしたが、「なぜ結婚したんだろう」と小さいころから思うくらいに両親は仲が悪く、今にしてみるとずっと心が落ち着かない10代を過ごしていたと思います。<br>おっしゃる通り小学校までの記憶がほとんどありません。旅行に行った、などの強く記憶に残る体験がいくつかある以外は、日常でどうやって生活していたのかまったく思い出せないのは、自分がADHDだからだと思っていたのですが、それだけではなかったんですね。<br><br>自分のことをいろいろ調べるうちに母親もADHD、父親はASDの気があるのではと思いましたが、<br>今は2人とも70代で今更診断がついたとて特に何かが変わることもないだろうと思い、受診などは勧めていません。<br><br>20代後半でうつになり、それから数年が経ちますが、いまだに自分の心、そして両親との上手な付き合い方が見いだせていません。,@oimo2918,2025-03-29T09:59:37Z,WN3RVQSf7l8
【抱え込みすぎ】「私がやらなきゃ」「何でもできなきゃ」、気を使いまくり、自分が人や状況を操作したい→限界を超えて心が崩れる,664306,167,聞いてて悲しくなりました。職場で頑張りを利用されて搾取されてました。かなり傷つき退職しました。,@ねこみみ-n6z,2023-11-23T00:55:28Z,Gaps0b_VXIU
【敵意帰属バイアス】自分を嫌っているんだと誤解・攻撃されたと誤解をしやすい。自己成長や対人関係の弊害。不信感。まずは傾向に気づくこと。,107541,167,嫌われたらしい＝迷惑をかけてしまっている様だ＝消えるしかない<br>で、30歳にして転職8回…<br><br>一所に囚われるのも怖く、パート掛け持ちで何とか頑張っています。<br>この動画を最後まで見るのも中々苦しかったです…<br>為になる内容、ありがとうございます。,@1000_mainichibenkyou,2024-04-18T02:32:17Z,_uTgEER207c
【自立しすぎている人】頼れない、任せない、甘えられない。孤独と傷つきを抱え込んできた人,376235,164,自分でやった方が早いし楽だしクオリティが出るからで、誰かが自分を評価しようがどうでもいいんですよ<br>自分が自分を評価して自分の満足出来る仕事をする事が大切なんです,@freefree6446,2023-10-23T10:45:51Z,Rtfu2tdV6Ks
【抱え込みすぎ】「私がやらなきゃ」「何でもできなきゃ」、気を使いまくり、自分が人や状況を操作したい→限界を超えて心が崩れる,664306,163,基本的に否定的でネガディブめな家族と共に育って、私がしたいことをほとんど否定されてきた過去がありました。<br>その結果、自分の気持ちに蓋をして親のしてほしいこと中心で頑張って来たんだろうなって思います。<br>それでも大丈夫、頑張ろう。,@もあ-o3g6f,2024-02-15T14:37:25Z,Gaps0b_VXIU
【共依存】人間関係のストレスや問題の背景。自分の価値を感じられなければ心が保てない。自己犠牲して周りを優先、人をコントロールしたり人を依存させる。,132084,161,親からの愛情不足で育った人が共依存になるのではないでしょうかそう感じました,@rindokazz7046,2024-04-08T15:09:56Z,mxqVWLBiV3k
【敵意帰属バイアス】自分を嫌っているんだと誤解・攻撃されたと誤解をしやすい。自己成長や対人関係の弊害。不信感。まずは傾向に気づくこと。,107541,160,嘘でしょ…これが普通の思考だと思ってた…みんなは違うんだ…<br>気付けばずっとこんな思考だったから、かなり自分の中で衝撃を受けてる…<br>そして何故か涙がとまらない<br>先生がこんなに丁寧に解説してくれてるのに、思ってるより世界は優しいってこともまだ信じられない…<br>なんだか放心状態です<br>わかりやすい動画をありがとうございます,@goioss98,2024-04-10T18:16:11Z,_uTgEER207c
【情緒的ネグレクト】親の“感情面への”無関心や関わりの薄さ。生きづらい子どもに多い、見えにくい精神的なネグレクトとは？,179891,159,やっと見つけた、私の事例。<br>泣いたら怒られた。<br>言葉を持ったら怒られた。<br>いつも黙って笑ってた。<br>黙って心を踏まれてた。,@アルビジア-u1h,2025-10-29T15:04:30Z,WN3RVQSf7l8
【強い劣等感】落ち込みが止まらない、すぐ人と比較、頑張りすぎてしまう、自分を守るために攻撃・敏感になりやすい、理想やプライドが高くなる。,84076,159,ｳﾜ〜何でもかんでも自分のせいにして謝るの心当たりあり過ぎる…<br>逆にプライド高いところもある…心がふたつある〜,@squash1716,2024-03-30T15:06:07Z,3BV7aU3Dl8w
【抱え込みすぎ】「私がやらなきゃ」「何でもできなきゃ」、気を使いまくり、自分が人や状況を操作したい→限界を超えて心が崩れる,664306,156,私のことを言っているようでした。負けず嫌いなのに頑張れない自分が嫌いで、素を出すのが怖くて。根拠はないのに自分を見せたら嫌われるんじゃないかって思っています。結果過食嘔吐になってしまいました。でも親にも友達にも相談できていません。こんなこと言ったらまた迷惑かけるし嫌われる。,@さくらんぼ́-y2e,2023-12-01T14:36:31Z,Gaps0b_VXIU
"【なぜか優しくできない,怒りが湧く】家族／恋人／子ども／近しい人にほどキツく強く当たってしまう心理",683700,155,母がこのタイプです。仕事や友人関係ではおとなしくて従順で面白い人。でも家では外で言えなかったことを子供にぶつけまくる、自他境界もないに等しいので、子供を下げるエピソードを言いふらして笑いをとる。子供の話やつらい訴えは「あんたが悪いに決まってるでしょ」「周りの人はみんないいひとなのよ」としか返ってこない。ちゃんと距離を置きたいのに依存していたころの癖が抜けなくて、苦しんでいますがちゃんと距離をとれるようにしていきます。,@せに-y2y,2025-08-29T02:17:32Z,FpcoL2PZ9zY
【日常に残る心の影響】知らないで自分を否定したり、現実とのギャップを起こし続けていませんか？大事な自分を理解・受容・幸せへ。,83800,155,親が怒ってばかり、過干渉、心配ばかりしてきて私の意見を尊重してくれない。<br>自分の中ですぐ人に責められる設定になってる　すごく当たってます…。　待合室などで隣に人が座っただけでも緊張してどうしていいかわからなくなったり、街で人とすれ違う時もいつもビクビクして歩き方もぎこちなくなります。　病院でもお店でも自分の症状や要望を話す事に、とてもエネルギーを要します。　<br>自分は聞いてもらえないんだ　否定されるんだ　という思いが強く　根付いてるんですね。　NOがいいづらいので、友達とか人と関わるのもしんどくなるので自然と疎遠になり今は1人で過ごすことが多いです😅,@Lokomode,2025-08-21T22:52:48Z,cNzvBWkhm3Y
【自立しすぎている人】頼れない、任せない、甘えられない。孤独と傷つきを抱え込んできた人,376235,154,これ私だ…<br>感情を出すのが苦手、どこまで言葉にしていいのか分からない。「甘える」と「わがまま」の違いもよく分からないし、これ言ったらどう思われるんだろうとか考えちゃう。そのくせ終わった後にもっとああすればよかったとかなんで言わなかったんだとか沢山浮かんで自己嫌悪。<br>もっと素直に生きたい。,@はいね-l8h,2023-10-21T18:04:25Z,Rtfu2tdV6Ks
【完璧主義】ひとり反省会・人生が変わらない・全てに神経を尖らせている→「自然な自分ではいけない。」という自己否定のサイン,182094,151,適当にすることに完璧になっちゃって、しんどくなる経験があります。<br>「完璧主義を完璧にやめなくてもいい」という言葉にほっとしました,@なな-i5j5j,2023-09-09T06:11:12Z,a7x8US7Rwj4
【情緒的ネグレクト】親の“感情面への”無関心や関わりの薄さ。生きづらい子どもに多い、見えにくい精神的なネグレクトとは？,179891,151,分かるわ〜、金だけ。<br>金はかけてもらってた。<br>でも、一緒になんかしたいとか、今会話したいとは一切思えない。,@えり-o2q,2025-05-10T15:50:52Z,WN3RVQSf7l8
"【なぜか優しくできない,怒りが湧く】家族／恋人／子ども／近しい人にほどキツく強く当たってしまう心理",683700,148,自分の気持ちを整理するために書きます。<br>母との関係がまさに当てはまっていると思いました。<br>小さい頃から過干渉で先回って首を突っ込んでは「お前はダメなやつだ、ほらやっぱり、そうなると思った」と言われ、抱える感情も「気のせい、大袈裟に言うな」と受け止めてもらえることがありませんでした。否定の言葉に縛られ、また共感のない幼少期を過ごした結果、母と関わるとふとしたときに「無能な私でさえこの考えに至れていると言うのに倍以上生きてきたお前はなんでこんなことも分からないんだ」と憎しみが湧き、同時にそんなことを考えてしまう醜い自分自身を嫌悪しています。<br>この不満はよくないものと理解しているからこそ、本人に伝えることもできず自分の中でいつも溜め込んでイライラしていました。関わることでイラついてしまうことがあるため、現在は連絡を絶つことで心の平穏を保っています。<br>今までは、あの頃の子供の自分に、親から受けた言葉を投げつけて否定することであの頃の気持ちに蓋をしていましたが、今日この動画を見てあの頃の自分を認めてみようと思えました。<br><br>自分のダメなところを見つめるのは本当に苦しくなりますが、少しずつ、自分も周りの人も不幸にしない自分になれるようにしたいですね。,@wkpromark,2025-08-07T04:13:42Z,FpcoL2PZ9zY
【抱え込みすぎ】「私がやらなきゃ」「何でもできなきゃ」、気を使いまくり、自分が人や状況を操作したい→限界を超えて心が崩れる,664306,145,自己否定してしまう。もう少し出来るんじゃないかとか、何でもっと出来ないんだろうと責めたり。抱え込むこと多くて、職場家庭から頼りにされる。<br>期待に答えたいけど、努力家って感じで言われる。辛いって言えなくて涙を人が居ないときに泣きます,@睦月龍,2023-11-05T23:49:57Z,Gaps0b_VXIU
【情緒的ネグレクト】親の“感情面への”無関心や関わりの薄さ。生きづらい子どもに多い、見えにくい精神的なネグレクトとは？,179891,144,幼少期の記憶があまりなくて覚えているのはネガティブなものばかりです。<br>衣食住何不自由なく育ててもらったので何が嫌だったか言葉にすることができずにモヤモヤしていた時期もありますが、まさにこの情緒的ネグレクトだったんだなと納得しました。<br>実家を離れて生活していくうちに子供の時よりも子供らしい自分の一面を見つけることが多くあって、私って本当はこれが好きだったなとか苦手なんだなと自分を取り戻していく感覚がとても楽しいです🕊️<br>情緒的ネグレクトをする大人に自分もなってしまうことに気をつけながら少しずつですが自分らしく生きています🌱,@ゆうか-r8l,2025-03-26T13:24:57Z,WN3RVQSf7l8
【抱え込みすぎ】「私がやらなきゃ」「何でもできなきゃ」、気を使いまくり、自分が人や状況を操作したい→限界を超えて心が崩れる,664306,141,自分の話す内容、行動はつまらなくないか不愉快じゃないか相手の顔を伺いながら話してしまうし、それに疲れて話す気力がなく結果的に無視してしまう事になって母や兄から沢山言われて辛かったことを思い出しましたとても自分に当てはまっていて私だけじゃないんだと救われました。ありがとうございました。,@mugi9751,2024-01-25T14:41:46Z,Gaps0b_VXIU
すぐ臨戦体制になり食ってかかりやすい心の癖。人を敵に思いやすい「敵意帰属バイアス」② #心理学 #人間関係 #ストレス #教養,105721,138,疲れるとこうなりやすい気がします。後は交感神経が昂っている時…,@yh-mr1sh,2025-08-30T16:37:08Z,wsR2RjpGWDg
【回避傾向】自分を生きることから逃げる。失敗、責任、批判、恥、人を傷つける恐れなどを最優先にして人生が停滞する,103401,137,よくある「若いうちにこれやっとけ」とか「これやらなきゃ◯◯代で詰むぞ」みたいなネットの情報を見すぎて、結局これと言った結論を出せないままズルズルと生きてきていつの間にか大人になってました。<br>そんな後悔から私は、他人から聞きかじった言葉だけで痛みや後悔を分かった気になるのではなく、自分でいろいろ行動して、良い感情も悪い感情もすべて人生の糧にすることが重要だと学びました。,@パンナコッタフーゴ-r8w,2025-02-25T14:55:28Z,khgpg2jcUCE
【抱え込みすぎ】「私がやらなきゃ」「何でもできなきゃ」、気を使いまくり、自分が人や状況を操作したい→限界を超えて心が崩れる,664306,136,声が、落ち着きます……😊<br>このタイプってどんだけ信頼して好きな相手でも、心の中を素直に打ち明けるの、無意識に怖がってしまうんだよな。分かるよ。,@折れた傘,2024-02-07T01:29:45Z,Gaps0b_VXIU
【自立しすぎている人】頼れない、任せない、甘えられない。孤独と傷つきを抱え込んできた人,376235,135,自立し過ぎな人…自分の苦労話をするのが苦手だったりもしますよね？🥲💦私も、本当は聞いてほしい‼︎・慰めてほしい‼︎😭って気持ちがあるのに「あ〜それはあるあるだね」とか「もっと苦労した人いるよ」とか「悲劇のヒロインのつもり？」なんて思われるのが恐くてなかなか話せなかったり、苦労話なのに笑って話してしまったりします…😂←これやめたい😱笑,@かびごんべぇ,2023-10-18T12:27:58Z,Rtfu2tdV6Ks
すぐ臨戦体制になり食ってかかりやすい心の癖。人を敵に思いやすい「敵意帰属バイアス」② #心理学 #人間関係 #ストレス #教養,105721,135,両親から虐待され、学校でも先生からイジメ、友達もできず変質者からよく狙われたりで休む暇がなかったから<br>未だにこうなります。<br>でも自分のせいじゃないし<br>なるたけ人と関わらないようにします。疲れるから,@YukaY-n9n,2024-05-13T15:55:15Z,wsR2RjpGWDg
【自分軸と自分勝手の違い】わがままが気になる人へ。場面での対比を見て整理しよう,159398,133,・自分と他者を分ける<br>・自分の考え=他人の考えにして押し付けていないか<br>この2つ意識してみようと思いました!<br>あと、断るのが苦手なので「ノーが言えるのは自己管理ができる証」というのがとても心強い言葉だなと思いました😌<br>動画ありがとうございます!ハッピーバレンタイン❤,@chammy9474,2024-02-14T10:38:10Z,htWuimTJmlQ
【抱え込みすぎ】「私がやらなきゃ」「何でもできなきゃ」、気を使いまくり、自分が人や状況を操作したい→限界を超えて心が崩れる,664306,132,私は、無理をして優等生をやってしまう、しかもそれが癖になっているタイプです。<br>子供の頃から親の顔色を見ながら、なるべく叱られないようにしていました。それでも親の機嫌が悪かったりしたら、叱られるんですが。<br>アダルトチルドレンっぽいのかなと思うこともありますし、実際に親子関係には問題だらけでした。<br>親にコントロールされている感覚がずーっとありました。<br>キャパオーバーしても、なんか感覚が鈍っていて、爆発してから後悔する日々。<br>それに相手のこともコントロールする癖もあります。<br>それも辛いです。<br>でもプラスの面を知れて、自分軸でゆるゆると自分を愛しながら過ごしたいと思えました。ありがとうございました。,@cyndy4507,2024-06-04T09:19:31Z,Gaps0b_VXIU
【回避傾向】自分を生きることから逃げる。失敗、責任、批判、恥、人を傷つける恐れなどを最優先にして人生が停滞する,103401,132,「回避する事は人生の充実から遠ざかる事」<br>本人が一番分かってるからこそ苦しいんだろうね,@ni-ut9oe,2025-02-15T11:05:14Z,khgpg2jcUCE
"【なぜか優しくできない,怒りが湧く】家族／恋人／子ども／近しい人にほどキツく強く当たってしまう心理",683700,131,私です。本当に治したくて治したくて悩んでいます。他人なんてどうでもいいから近い人や安心できる人を本当に大切にしたいのに…,@st-uq5je,2025-09-11T04:40:52Z,FpcoL2PZ9zY
【情緒的ネグレクト】親の“感情面への”無関心や関わりの薄さ。生きづらい子どもに多い、見えにくい精神的なネグレクトとは？,179891,131,もっと親に愛されていたら、もっと幼い頃に、自分の存在自体に価値があると言われていたら、今よりももっと明るい性格になっていたと思う。,@のんた-x3x,2025-09-02T13:36:03Z,WN3RVQSf7l8
【自己愛性パーソナリティタイプ】自分は特別・自分は悪くない・トンデモ行動。自己愛が強い人への対処と改善までご紹介。／ナルシスト、話を聞かない、押し付け、支配的,234791,130,距離をとりなさいじゃなく、関わり方をアドバイスしてることに愛を感じてすごくいいと思った,@saiyanarmy2919,2024-01-11T10:07:33Z,9ZqyqvABW_8
【アダルトチルドレン】克服の一歩は自己理解。心の平穏を取り戻すため自分に目を向け、心の声に耳を傾けよう。【AC】,151938,130,この動画を見てると　当てはまりすぎて吐き気がして苦しい<br>でも今日は最後まで見られただけでよくがんばった。,@tamagoyude6663,2024-10-31T07:13:16Z,usIp41t_vo0
【自分軸と自分勝手の違い】わがままが気になる人へ。場面での対比を見て整理しよう,159398,129,動画で言われている自分勝手は、今まで他人軸を主軸にして生きていた人が、これからは自分軸で生きていいんだ!ってなった方がまず陥る落とし穴かなと思っています(私がそうだったし、毒親育ちを自覚してそこから先に進めない人がそういう主張してるのをよく見たので)<br>やったことへの感謝や称賛が欲しいから、ありがとうのカツアゲはよくやってしまう…喜ばれなくても仕方ないと考える心はあるのですが、それを考えると称賛を欲しがる自分を抑圧している感覚もあって、自分の機嫌を自分で取るのにまだ難儀しています。,@単3電池-u3c,2024-02-14T23:55:21Z,htWuimTJmlQ
【情緒的ネグレクト】親の“感情面への”無関心や関わりの薄さ。生きづらい子どもに多い、見えにくい精神的なネグレクトとは？,179891,128,学生です。手をあげられたことは無いのに、家庭が安心できないとか、あまり暖かいものだと思えないのは、自分が贅沢な人間なんだと思っていました。そんなものもあるんですね。大人になってからの特徴がもう既に全部当てはまっててびっくりです。何か、自分の中で結論つけて納得できたことで一つ前進できるかなと思います。分かりやすい説明でした！ありがとうございます！,@月見草-m1m,2025-04-03T19:46:22Z,WN3RVQSf7l8
【情緒的ネグレクト】親の“感情面への”無関心や関わりの薄さ。生きづらい子どもに多い、見えにくい精神的なネグレクトとは？,179891,128,「飯を食わせてやった」「金を出してやった」「あんなに手を尽くしてやった」<br>「なのに、どうして普通の事が出来ないんだ？」<br>どれもこれも常識的に考えれば親なら子供にしてあげるのは当たり前の事で、子供に責め立てるように言う事じゃなかったなと大人になってやっと気付けた<br>26年生きてきて、ネットのフレンドに普通を教えて貰って、DVや虐待関係の保護施設に頼って初めて、自分の常識が世間の常識ではなかったんだとやっと分かった<br>それでもまだ受け入れられない事もあって、家出同然でシェルターに逃げて、生活保護を受けて一人暮らしを始めたけど、その所為で迷惑をかけているんじゃないか、自分の行動は間違っているんじゃないか、実家から出ちゃいけなかったんじゃないか、親との連絡手段を断ってはいけなかったんじゃないか……ずっとずっと悩んでしまう<br><br>自分が間違ってないって自信を持って言えるようになりたい,@おてて-t1e,2025-09-10T09:13:16Z,WN3RVQSf7l8
【回避傾向】自分を生きることから逃げる。失敗、責任、批判、恥、人を傷つける恐れなどを最優先にして人生が停滞する,103401,126,逃げてるだけじゃんと人に思われそうなことを、こんなに寄り添って丁寧に話してもらってありがたいです。<br>私はよく迷いに迷って石橋を叩き割ってしまいます。本当は変わりたい。改善のところ何度も見て行動を頑張ります。,@nasuna225,2025-02-05T11:12:41Z,khgpg2jcUCE
【強い劣等感】落ち込みが止まらない、すぐ人と比較、頑張りすぎてしまう、自分を守るために攻撃・敏感になりやすい、理想やプライドが高くなる。,84076,126,友達と一緒にいると楽しいのに、友達と一緒にいると劣等感を強く感じる,@桃香-v1m,2024-07-04T15:21:17Z,3BV7aU3Dl8w
【投影】他人(外側)に自分の感情・欲求や過去を映し出す。＝自分流に解釈している。人間関係や自己理解のために「投影」をチェックしてみましょう,121833,125,人と会話をしただけで、数時間後あのは発言は私のことを舐めているor足を引っ張ろうとしているor軽く見ているなど勝手に思い込んで相手に対して怒りが沸き、関係を切りたくなるまで感情が暴走します。<br>そしてまた会って話してみたら、自分の思い込みだったと気付いて自分の感情の波に恐怖を感じたり😅,@pyonnn258,2024-06-20T17:09:57Z,4StA-DDlEfk
【日常に残る心の影響】知らないで自分を否定したり、現実とのギャップを起こし続けていませんか？大事な自分を理解・受容・幸せへ。,83800,125,子ども頃から自分は人の気持ち、考えてることがわかるって思ってました。<br>顔色をうかがうことに必死だったんですね。<br>自意識過剰、言いたいことより受け入れられそうなことを言ってました。<br>空気のように目立たない存在でいたい。<br>そうやって自分を押し込めて生きてきたんですね。<br>結婚して妻になり子どもが生まれて母になりちょっとずつ積もってきた問題が子どもの引きこもりで自分に向き合わざる得なくなりました。<br>子どもをなんとかしようではなく私自身の問題にちゃんと向き合うチャンスを子どもがくれたんだと最近は理解しています。<br>みんなで幸せに平穏になりたいです。,@mikasan2512,2025-08-23T03:34:37Z,cNzvBWkhm3Y
【抱え込みすぎ】「私がやらなきゃ」「何でもできなきゃ」、気を使いまくり、自分が人や状況を操作したい→限界を超えて心が崩れる,664306,124,自分に当てはまることが多くて、大変参考になりました。きぃさんのわかるという言葉ですごく救われた感じがしました。,@sinthebxsx3810,2023-08-25T02:05:08Z,Gaps0b_VXIU
【選ぶ権利がある】近くにいる方がいい人と、遠ざける方がいい人【割合と頻度を見てね】,256269,124,切りすぎた結果友達ほとんど0になった。それはそれで困ってない。面倒な感情になることはなくなりました。,@miiii8426,2023-12-14T12:59:49Z,7tTBN-Ul_Pg
【共依存】人間関係のストレスや問題の背景。自分の価値を感じられなければ心が保てない。自己犠牲して周りを優先、人をコントロールしたり人を依存させる。,132084,124,母娘間共依存はコメント欄見ててもやっぱり多いんだなぁって思う。<br>適度な距離が難しいんだよね。<br>離れるとめちゃくちゃ罪悪感だったり不安。近づくと精神ダメージくらうのに。,@mmviolin,2024-03-01T12:07:24Z,mxqVWLBiV3k
【情緒的ネグレクト】親の“感情面への”無関心や関わりの薄さ。生きづらい子どもに多い、見えにくい精神的なネグレクトとは？,179891,123,情緒的ネグレクトという概念を知り、救われました。<br>ですが、前向きに捉えたいなと思う気持ちの反面、結局、子供の頃に感情を受け入れてもらえなかった人間は、その思考の歪みに気づくことや感情を受け入れてもらう、そもそも感情を見つけて発露するという訓練をひとりでやっていくしかないんだなと、絶望したくなる時があります。<br>自分が受け入れてあげればいいんだけれど、誰かに頼ったり甘えたりできる頃にできなかったら、死ぬまで「一人で」解決するしかないんだなと思ってしまいます…<br><br>感情を受け入れてもらえる子供として生きたかった。,@an-lx1tx,2025-04-03T15:21:21Z,WN3RVQSf7l8
【人の力を拡大する人と縮小する人】自分自身との接し方・他者との接し方を見つめてみよう。力を縮小する人の背景は、そばにいた人の影響。,155676,121,以前お付き合いしていた方が正論をぶつけてくる人で、私が意見、提案するとまず、それはちがうよとか、普通ならこうだよとか、まず否定から入ってくる方でした<br>私が相手の方の思った通りに動かなかったりしたら不機嫌になり、心が傷つく言葉を平然と言い放つ方でした<br>半年ほどでお別れしました<br>今考えてみたら、自分の思い通りになる人間なのか品定めされていたのかなと思ってしまいます,@むーぎぃ,2024-02-21T13:23:41Z,ZFr_SycknUk
【自立しすぎている人】頼れない、任せない、甘えられない。孤独と傷つきを抱え込んできた人,376235,120,自分はこのタイプだと思うけど、同じようなタイプの女の子と友達になりたい。気持ちが理解し合えるし、本当に助けが必要な時はいい助け合いができそう。,@miehaga7444,2023-10-22T19:39:28Z,Rtfu2tdV6Ks
【敵意帰属バイアス】自分を嫌っているんだと誤解・攻撃されたと誤解をしやすい。自己成長や対人関係の弊害。不信感。まずは傾向に気づくこと。,107541,120,両方経験あります　自分に余裕が無い時正にんな感じでした。<br><br>年取って余裕生まれて分かったのは<br>「人は思ってる程他人に興味が無いし、人（家族も含む）は自分の人生に責任を追ってない」<br><br>些細な事で苛つく時も<br>「こんなのでストレス溜めて寿命縮めるなんて無駄だよな」って一旦自分を振り返る,@やたらデカいヒヨコ,2024-04-11T05:31:23Z,_uTgEER207c
【自立しすぎている人】頼れない、任せない、甘えられない。孤独と傷つきを抱え込んできた人,376235,119,昔頼った事で失敗した事の方が多くて、逆に頼まないほうが上手くいったことの方が圧倒的に多いので自立できているかどうかは分からないけど、どんどん頼るのが難しくなっていました。傷つくくらいなら全部自分でやる、をしがちです・・・。仕事も家具の組み立ても家事も修理も、今思えばコミュニケーションが必要なもの以外は全部自己完結していました。金さえ払えばお互い利害が一致してしかも相手はプロフェッショナルで安心、WINWIN!という専門サービスしか頼れてないです。,@かえる-e8y,2023-10-26T05:26:35Z,Rtfu2tdV6Ks
【選ぶ権利がある】近くにいる方がいい人と、遠ざける方がいい人【割合と頻度を見てね】,256269,119,こういう考え方って、学校ではなかなか教えてくれませんよね。学校は子供に協調性ばかり叩き込もうとするから、素直な子ほど無理してみんなと仲良くしようとして、自己犠牲人間に育ってしまうんじゃないですかね。<br>自分はそれほど素直でもなかったですが、友達ゼロで自己肯定感が地を這うほどに低かったので、自分から友達を選ぶなんてことはおこがましくてできないような子供ではありました。<br>なので人間関係の在り方が相手に従属するような形になり易かったのですが、いろいろあって今では相性の合わない相手と我慢して付き合うくらいなら、ぼっちでいる方が数億倍マシだと思えるようになりました。,@ブラック大門,2023-08-18T12:43:46Z,7tTBN-Ul_Pg
【アダルトチルドレン】克服の一歩は自己理解。心の平穏を取り戻すため自分に目を向け、心の声に耳を傾けよう。【AC】,151938,118,ありがとうございました☺<br>朝起きてから夜寝る時まで<br>　”恥ずかしいどうしよう”<br>　　が止まらないのです涙<br>『いいんだよ、大丈夫。』ですね。,@inotisirauno_awesome50,2024-10-23T12:57:27Z,usIp41t_vo0
【敵意帰属バイアス】自分を嫌っているんだと誤解・攻撃されたと誤解をしやすい。自己成長や対人関係の弊害。不信感。まずは傾向に気づくこと。,107541,118,この傾向がすごく強くて、職場で周りの目を気にしすぎたり、人の会話に耳を傾けて、どんどん孤独感が増して、絶対にみんなに嫌われてるんだ、と思い込んで、いつの間にか息ができないくらいに怖くてたまらなくて、緊張してしまって、どんどん不自然なコミュニケーションになってしまいます。<br><br>昔から常に人に嫌われるのが怖くて、ビクビクビクビクしてしてしまいがちなのですが、この動画を流して耳だけからでも聞いてると、これは正常ではなくて、認知が歪んでいるんだと思えて、安心してきます。,@coco5267,2024-04-16T04:15:03Z,_uTgEER207c
【抱え込みすぎ】「私がやらなきゃ」「何でもできなきゃ」、気を使いまくり、自分が人や状況を操作したい→限界を超えて心が崩れる,664306,117,正直、頼る、弱さを見せることは、子供時代に親から怒られることでしたので、他人に対しても同じように振る舞ってしまってます。<br>自分はかなり敏感なので、親から怒られることは絶望でした😢<br>我慢が重なると自爆することを繰り返してきました。,@mirukohoshino1824,2023-11-28T02:57:07Z,Gaps0b_VXIU
【選ぶ権利がある】近くにいる方がいい人と、遠ざける方がいい人【割合と頻度を見てね】,256269,117,親がそのタイプでした。離れてやっと自分の人生を歩めてます! 親と離れて、私は独りぼっちで辛い人生を歩んでいくと思ってたけど、すっと肩の荷が降りて自分を大切にするようにしたら、自然と自分を大切にしてくれる人が集まってきました。離れて良かった…,@ゆき-z8s6t,2023-09-19T14:57:12Z,7tTBN-Ul_Pg
【認知の歪み】超身近な苦しくなる思考の癖。認知の歪みとは？10種類の例と改善に向けた対応,130279,117,よく自分のせいにするんですけれどその方が楽なんですよね<br>人のせいにすると怒りをどう処理したらいいか分かりませんが自分のせいにすれば自分を攻撃すれば済むんですよね,@チートス-o1p,2023-12-25T15:42:21Z,AxlcavvWwYk
【自分軸と自分勝手の違い】わがままが気になる人へ。場面での対比を見て整理しよう,159398,116,子どもの頃からこの境界線わからなくて、大人になってもずっと人と関わることがストレスでした。<br>「それでいいんですよ」と何度もきいさんがおっしゃってて、涙が出てきました。,@さもも-t1v,2024-03-09T22:09:47Z,htWuimTJmlQ
"【なぜか優しくできない,怒りが湧く】家族／恋人／子ども／近しい人にほどキツく強く当たってしまう心理",683700,115,この手の地雷が埋まってる人に遭遇してびっくりしました。本当によく働きますし力になってくれようとはしてくれるんですが、純粋にお近づきになりたいな、と思って色々聞いて距離が縮まった時に急に今までになかった揚げ足取りや細かすぎる愚痴が始まり、慌てて逃げ帰ってしまいました。トラウマスイッチ入ってしまうとかお試し行動とか発作みたいなものなんでしょうか。せっかく人の前でしゃんとしよう、と思う綺麗な心構えがあるのにトラウマや愛着の問題でこんな事になってしまうのは、悲しいです。,@かえる-e8y,2025-09-05T11:55:51Z,FpcoL2PZ9zY
【選ぶ権利がある】近くにいる方がいい人と、遠ざける方がいい人【割合と頻度を見てね】,256269,115,近くにいた方がいい人、遠ざけた方がいい人、こんなにきれいに別れるものかな？<br>ぼくの友達は会ってて元気になることもあれば疲れるときもあるよ,@kou5900,2023-12-04T02:32:21Z,7tTBN-Ul_Pg
【愛情と依存の違い】&quot;好き&quot;と混同しやすい&quot;依存&quot;の特徴とは？自分軸で与える愛と、他人軸 or 自己満足で埋めようとする愛。  〜グラデーションで考える〜,211779,115,自分に自信が無いからこそ、<br>他人に導いて欲しい。(あくまで自分の都合の良い様に)操って欲しい。<br>そういう思いが出てくる時があります。<br><br>だから、他人に頼る、依存する。そしてやってもらってありがとう。それでおしまいになってしまっていました。<br><br>いつもお客さんの立場でいられたらなんてラクだろう。そう思ったりもしていました。<br>弊害は多々出ています。信用問題と言う点も出てきています。<br><br>自分のことを見つめられることは出来ているので、続けていきたいです。,@ao1341go,2025-02-20T09:56:55Z,Ui7jIx_0sIU
【情緒的ネグレクト】親の“感情面への”無関心や関わりの薄さ。生きづらい子どもに多い、見えにくい精神的なネグレクトとは？,179891,115,これだ、と。<br>人生の後半になって腑に落ちました。<br>衣食住に不自由なく育てていただいたので、傍から見たら贅沢なのだとは思います。<br>が、感情に寄り添ってもらった記憶はなく、未だに少し何か話し出すと「お母さんだって！お母さんの方が！」と自分自分です。つらいです。<br>もうなにも話さなくなりました。<br>10数年前にカウンセリング受けていた時に、愛情を受けてこなかった反動ですかね？と言われましたが、その先生は情緒的ネグレクトの話はとくにされなかったので、ピンとこず、行くのを辞めてしまいましたが…<br>あー、これか、と。<br>今も母との生活が非常につらいです。<br>早くいなくなって欲しいと日々思ってしまう。罪悪感。,@TR-eb1cy,2025-04-21T02:25:33Z,WN3RVQSf7l8
すぐ臨戦体制になり食ってかかりやすい心の癖。人を敵に思いやすい「敵意帰属バイアス」② #心理学 #人間関係 #ストレス #教養,105721,114,難しい。<br>配慮がないと受け取られることはあると思う。<br>「思った事を言っただけ」が正義なのかと言われれば違うし。<br>立場の違いや共感の限界を理解する必要がある。,@tama-eh4vn,2024-07-19T01:13:59Z,wsR2RjpGWDg
"【なぜか優しくできない,怒りが湧く】家族／恋人／子ども／近しい人にほどキツく強く当たってしまう心理",683700,113,夫がまさにそのタイプです。外面はとてもいいけど、家庭内ではこだわりや暴言がひどいです。行動力や判断力が低く、会社でストレス抱えてるんだろうなと思います。<br>あと、何をしてもコイツは逃げていかないだろうと思って、私に甘えてるんだろうなあと感じます。,@ちひろ-h3q,2025-08-13T04:46:08Z,FpcoL2PZ9zY
【自立しすぎている人】頼れない、任せない、甘えられない。孤独と傷つきを抱え込んできた人,376235,113,家族は頼ると「甘えちゃダメ」と言い、頼らないと「無理してる」と言い、本当に勝手なんですよ。何の作為もなくフッと親切にしてくれる他人なら別で、心から「ありがとう」と言えますね。近しい人ほど頼めない。後でどうせ何か言われると思うと当てにできないんですよ。頼るときはお金で頼める真っ赤な他人にビジネスと料金表でお願いした方が気楽。手は動かないのに口だけ動くうちの家族より仕事のレベルも高いし(笑),@chiakit1126,2023-11-07T20:48:27Z,Rtfu2tdV6Ks
【情緒的ネグレクト】親の“感情面への”無関心や関わりの薄さ。生きづらい子どもに多い、見えにくい精神的なネグレクトとは？,179891,111,私もこれだったのだと思います…<br>とても優しい母でしたが、嫌だった事悲しかった事など負の感情を受け入れてくれず、嫌なことがあるのはみんな一緒、泣けばいいと思ってる、大人になったら誰も助けてくれないよ、あなたが弱いだけだ、と責められて子供時代を過ごしました。<br>普段優しい母のことが大好きだったので自分の気持ちを抑圧するようになったし、頼る事も相談する事もしなくなったし「助けて」が言えない人間になりました。<br>自分の気持ちに蓋をし続けた結果、非行の道に行きかけた事もありましたが、いい親御さんなのにどうして？何が気に入らないの？と周りからは理解されませんでした。<br>嫌な事を嫌と言わせてくれないからです、なんてそんな理由はとても幼稚に思えて、そんな事で非行に走ったのかと怒られるのも嫌で言えず、更に心を閉ざすようになりました。<br><br>今、社会人になりいろいろあってうつ病になってしまいましたが、自分と向き合う時間が増え、思い返して分析してみると自分はこれに近いなと感じました。<br>今のこの性格になってしまったのは自分が元々持っている性質もあったと思うし、親を恨んではいないけど、そうなんだね、悲しかったんだね、嫌だったんだね、と感情を認めて欲しかった。<br>親がしてくれなかったことは自分でやるしかないと思うので、改善方法、対処法を参考にしながら、自分の気持ちや感情を自分で育てていこうと思います。<br><br>この動画に共感している方々が、自分に素直になれて、自分を認められて、自分を生きられるようになりますように。<br>長文失礼しました。,@熊野茶々丸,2025-04-18T17:04:35Z,WN3RVQSf7l8
【情緒的ネグレクト】親の“感情面への”無関心や関わりの薄さ。生きづらい子どもに多い、見えにくい精神的なネグレクトとは？,179891,109,この動画を見て泣きながらもまだ「あれだけお金使って育ててもらっておきながらネグレクトなんて親不孝者だな〜」って気持ちが心にあって、もうダメなんやろなと思うわ<br>まじ、余裕あるやつだけが子どもを産んでくれ〜〜😭😭😭😭😭20そこらのガキがデキ婚なんかするな😭😭😭😭😭😭😭😭,@かねうち,2025-04-07T15:08:49Z,WN3RVQSf7l8
【回避傾向】自分を生きることから逃げる。失敗、責任、批判、恥、人を傷つける恐れなどを最優先にして人生が停滞する,103401,109,今就活ですごく回避傾向が出てるなぁと感じます。否定されるのが怖い、という気持ちからですね...でも乗り越えるべく自分と向き合いながら進みます,@タンパク質-o1g,2025-02-07T08:41:00Z,khgpg2jcUCE
【自己愛性パーソナリティタイプ】自分は特別・自分は悪くない・トンデモ行動。自己愛が強い人への対処と改善までご紹介。／ナルシスト、話を聞かない、押し付け、支配的,234791,107,離婚した元夫が、これでした。<br>元夫自身がしたこと、相手(私)を傷つけていることをしても、自覚や反省、行動を振り返ることは、一度もありませんでした。<br>言ってることと行動が矛盾だらけ☠️<br>最終的に、離婚問題から逃げて、義両親が出てきました☠️<br>自分のケツを自分でふけない。責任を取らない。逃げる☠️<br>背景に辛い経験や背景があったとしても、他人を傷つけて良い理由になりません。<br>私は絶対に許せないです😠<br>それは、義両親も同じことでした。<br>2度と関わりたくありません。<br>元夫から連絡が来てますが、もう赤の他人なので、どうなろうが知りません☠️無視してます☠️,@hanana-q1h,2024-01-27T05:41:57Z,9ZqyqvABW_8
【情緒的ネグレクト】親の“感情面への”無関心や関わりの薄さ。生きづらい子どもに多い、見えにくい精神的なネグレクトとは？,179891,107,情緒的ネグレクトという言葉を初めて聞いたのですが、あまりに当てはまっていてびっくりしています。<br>何か聞かれただけで責められた感じがする、<br>小さな嘘をつく、<br>感情意見を表出しづらいなど…。<br><br>親に関して人より恵まれていると思っていました。<br>自分の苦しさはありふれたもので、<br>みんな苦しいから、誰かに頼ったらいけない。(頼ってもどうしようもない)<br>自分がなにかを言っても、放っておかれるし、捨て置かれるような感覚です。<br><br>自分を受け入れること、未だに中々難しいです。,@ぽこよし,2025-03-26T12:25:53Z,WN3RVQSf7l8
【強い劣等感】落ち込みが止まらない、すぐ人と比較、頑張りすぎてしまう、自分を守るために攻撃・敏感になりやすい、理想やプライドが高くなる。,84076,107,大学の頃に鬱っぽくなり、出来なくなったことが増えました。元々出来てなかった部分も含めて何が自分の長所か分からない状態です。それ故に劣等感が常にあり、完璧主義でもあるので行動が起こせない、メンタルがやられてると仕事のクオリティに影響が出てしまう。そして自己批判してしまう。そういう悪循環が止まらない状態です。,@jpjnpjnvdmujnmkp6779,2024-04-06T14:28:51Z,3BV7aU3Dl8w
"【なぜか優しくできない,怒りが湧く】家族／恋人／子ども／近しい人にほどキツく強く当たってしまう心理",683700,106,"【※大小の幅があります】収録後トークでも触れていますが補足です。<br><br>⚫︎白黒二択ではなくグラデーション：<br>心の状態や関係性によって<br>「攻撃性は出るが話が通じる段階」〜「ほとんど話が通じず対話にならない段階」まで幅があります。“程度の問題”です。「頻度や強さ」を見てください。<br><br>⚫︎緊急性：<br>「精神的DV・暴力」のレベルでしたら、される側は問答無用で距離を取り、“自分の安全”を第一にしてくださいね。<br><br>👉 される側の対応は収録後動画もご参考に<br><a href=""https://www.youtube.com/watch?v=o25CZwmopoc"">https://youtu.be/o25CZwmopoc</a><br><br>🎥他の関連動画<br>〜接する側の方へ〜<br>境界性パーソナリティ　<a href=""https://www.youtube.com/watch?v=qrstOfk5Vdw"">https://youtu.be/qrstOfk5Vdw</a> ／<a href=""https://www.youtube.com/watch?v=FpcoL2PZ9zY&amp;t=1065"">17:45</a>〜接し方<br>主張が強い相手との接し方　<a href=""https://www.youtube.com/watch?v=nN-hxjw-LVU"">https://youtu.be/nN-hxjw-LVU</a> ／より詳細な接し方アイディア<br><br>〜怒りっぽくなる側の方へ〜<br>怒りをどう伝えるか　<a href=""https://www.youtube.com/watch?v=Iz2TZ91qd4A"">https://youtu.be/Iz2TZ91qd4A</a><br>人を敵に思いやすい人　<a href=""https://www.youtube.com/watch?v=_uTgEER207c"">https://youtu.be/_uTgEER207c</a> <br>加害者意識と被害者意識　<a href=""https://www.youtube.com/watch?v=5SDKhB1nTAA"">https://youtu.be/5SDKhB1nTAA</a>",@kiitanuma,2025-08-22T03:13:15Z,FpcoL2PZ9zY
【自立しすぎている人】頼れない、任せない、甘えられない。孤独と傷つきを抱え込んできた人,376235,106,頼りたくてもどこまでが自分でしなくちゃいけない部分で、どこからが人に頼ってもいい部分か分からない<br><br>頼ったり助けを求めて拒絶されるのが恐いから、なら最初から人に頼らなければいいという考えになります,@モコ-l2b,2023-10-22T14:37:44Z,Rtfu2tdV6Ks
【情緒的ネグレクト】親の“感情面への”無関心や関わりの薄さ。生きづらい子どもに多い、見えにくい精神的なネグレクトとは？,179891,106,これなのかもな…。<br>嫌なことあって話しても笑われて終わったり、すごく悩みが多かった時期に「あんたに悩みなんてないでしょ」って言われたり、そんなことが続いて親に気持ちを話すことをやめました。<br><br>一人っ子というのもあり相談する人が周りにいなかったので、進路等の決断は自分だけで考えて自分で決めていました。<br>その決めた進路は受け入れてくれて学費は出してくれたし、食事や交通費も不自由なく暮らしていたので、「親に不満を言う自分は甘えだ」と思ってずっと気持ちを抑えてきました。<br><br>今は実家から車で1時間以内のところに一人暮らしをしていますが、<br>親に頼るということをしてこなかったので、体調悪くてどうしても自分で病院に行けなかったとき、親に連絡せず救急車呼んでしまったりしました。<br>今思えば呼ぶほどの症状ではなかったので、関係ない人にご迷惑かけたなと反省しています。<br><br>周りとの人間関係も上手く構築できず、友達はゼロだし、職場の人に話しかけるだけでも毎日時間がかかります。<br>落ち込む毎日だけど、ちょっとずつ受け入れたいです。,@aoao365,2025-03-27T14:21:42Z,WN3RVQSf7l8
すぐ臨戦体制になり食ってかかりやすい心の癖。人を敵に思いやすい「敵意帰属バイアス」② #心理学 #人間関係 #ストレス #教養,105721,106,余裕ない上司が常にこう。,@塩こんぶ-u4y,2024-08-26T10:44:03Z,wsR2RjpGWDg
【自己愛性パーソナリティタイプ】自分は特別・自分は悪くない・トンデモ行動。自己愛が強い人への対処と改善までご紹介。／ナルシスト、話を聞かない、押し付け、支配的,234791,104,自己愛強めなの理解してる上でめっちゃ承認欲求押し殺して生きてるからツラい。<br>かといって自分全開で生きるのもはちゃめちゃな行動してしまうからツラい。,@mx5907,2024-01-18T13:30:52Z,9ZqyqvABW_8
【自立しすぎている人】頼れない、任せない、甘えられない。孤独と傷つきを抱え込んできた人,376235,103,動画を観ながら泣きました。<br>自分でもなんでこんなにひねくれてるんだろうと感じます。少しずつでいいから人を自分を信じられるようになりたい,@ammochi,2023-10-23T12:18:34Z,Rtfu2tdV6Ks
【情緒的ネグレクト】親の“感情面への”無関心や関わりの薄さ。生きづらい子どもに多い、見えにくい精神的なネグレクトとは？,179891,102,父から言われたことなんだけど、泣いてたら「女優さん気分？」怒ってたら「何々、クレーマー？」って言われてたから感情を抑えるようになっちゃったのもこれが原因かな…<br><br>しかも私が「友達に髪型可愛いって言われた〜」って言ったら父は「それはお世辞って言うんだよ、そいつは友達って思ってないよ」とか言われて人と関わるのとか信頼もできなくなった。<br>凄く苦しかったけどこの動画で言語化されてて少しだけ心が楽になりました。,@沙耶-d9p,2025-10-31T10:06:12Z,WN3RVQSf7l8
【完璧主義】ひとり反省会・人生が変わらない・全てに神経を尖らせている→「自然な自分ではいけない。」という自己否定のサイン,182094,100,あぁぁぁ……<br>つい先日夫や母に「変な完璧主義で辛い」んだよねって話をした。<br>普段そんな弱音見せないけどその時はなんか辛すぎて。<br>私の中ではこの「不安からくる完璧主義」って理解できてるけど、聞いてる方は「いやいや、どこが完璧主義なのw完璧じゃないじゃん」って笑われた。<br>完璧を目指してしまっているから辛い完璧主義なんだよと言いたかったんだけど。<br>伝わってなくて辛かった。<br>これを見てからならもう少しうまく自分を説明できたかも…。<br>けど、もう二度と言わない。,@ポポ-q1x,2024-03-08T11:46:19Z,a7x8US7Rwj4
【自立しすぎている人】頼れない、任せない、甘えられない。孤独と傷つきを抱え込んできた人,376235,99,この世の中、限界をみとめてもらえない事の方が多いと思います。自己責任論がつよすぎます。,@ジャボチカバ-b3d,2023-10-19T22:16:36Z,Rtfu2tdV6Ks
【敵意帰属バイアス】自分を嫌っているんだと誤解・攻撃されたと誤解をしやすい。自己成長や対人関係の弊害。不信感。まずは傾向に気づくこと。,107541,99,1週間お休みしていたのですがずいぶん日があいたような感覚です。お久しぶりです！<br>4月は「変化」が多い時期ですので、ストレスや不安から一層、他者を敵対的に解釈しやすい傾向が出ることもあります。<br>怖いんだよね、自分を守りたい、守っていたいんだなと理解しながら、休息も取ってご自愛ください。,@kiitanuma,2024-04-10T10:27:27Z,_uTgEER207c
【完璧主義】ひとり反省会・人生が変わらない・全てに神経を尖らせている→「自然な自分ではいけない。」という自己否定のサイン,182094,98,「適当」にやると粗末な出来になるから完璧主義にならざるを得ないんだよな。適当にやって合格点出せる人が羨ましい。,@ユウ46yu,2025-03-10T03:35:38Z,a7x8US7Rwj4
【アダルトチルドレン】克服の一歩は自己理解。心の平穏を取り戻すため自分に目を向け、心の声に耳を傾けよう。【AC】,151938,98,今までやってこれた自分、今ここにいる自分、生きているだけで上出来だと言ってあげたい。,@sabasaga,2024-10-25T15:11:43Z,usIp41t_vo0
【アダルトチルドレン】克服の一歩は自己理解。心の平穏を取り戻すため自分に目を向け、心の声に耳を傾けよう。【AC】,151938,98,自分に綺麗な感情がほとんどないから他人が綺麗な感情を持ってるところを見ると、嘘、というか映画みたいだなーと思っちゃう、嘘かもしれないけど、もし本当だったなら綺麗で尊いなと泣く。自分もそうだったらいいのに。行き場がないからここに書いちゃった。,@ぱぶじま,2024-10-29T17:57:43Z,usIp41t_vo0
【自己愛性パーソナリティタイプ】自分は特別・自分は悪くない・トンデモ行動。自己愛が強い人への対処と改善までご紹介。／ナルシスト、話を聞かない、押し付け、支配的,234791,97,「自分が大人になって」という対応は、ただ単に自己犠牲でしかないように思いました。,@hiro-tv1kl,2024-07-17T09:10:35Z,9ZqyqvABW_8
【自己愛性パーソナリティタイプ】自分は特別・自分は悪くない・トンデモ行動。自己愛が強い人への対処と改善までご紹介。／ナルシスト、話を聞かない、押し付け、支配的,234791,95,元カレ、完全にこれで疲れて別れました。<br>当時は「受け入れられない自分が悪いのかもしれない、自分の心が狭いのかもしれない」と思っていました。<br>別れて正解でした。,@div_class_sakanaWrap,2024-05-18T03:49:34Z,9ZqyqvABW_8
【自立しすぎている人】頼れない、任せない、甘えられない。孤独と傷つきを抱え込んできた人,376235,94,小中高と精神的に大人すぎるといわれることが多かったですし、人に話しかけられないことが多かったのですが、大学で甘え上手かつ凄く気持ちのいい関係を築いている同級生に出会い、今ではかなり人に頼ることに抵抗感が薄まってきました。ただいまだに人を無意識に上下に格付けして対応を変えてしまうというのが治りません。明らかに理不尽なことをしている自分に落ち込みますね...,@まる-n1g9g,2023-10-20T14:44:05Z,Rtfu2tdV6Ks
【情緒的ネグレクト】親の“感情面への”無関心や関わりの薄さ。生きづらい子どもに多い、見えにくい精神的なネグレクトとは？,179891,94,もっともっと若い時に知りたかった…   50代になって鬱になってしまいました　生きるの下手すぎた<br>自分を大切にしてあげたら良かったな,@hiyori778,2025-04-05T14:01:37Z,WN3RVQSf7l8
【投影】他人(外側)に自分の感情・欲求や過去を映し出す。＝自分流に解釈している。人間関係や自己理解のために「投影」をチェックしてみましょう,121833,94,過去にいじめられていた経験があると防衛して先回りして「嫌われてるかも」と思いがちです。<br>「なんか今日素っ気なかったな…他の人も同じタイミングで素っ気なかったから、<br>仲良しグループ同士できっと悪口言ってそう」とちょっとしたサインを拾って自分の中で仮定を広げて、<br>またネガティブにサインを拾って固めて敵認定してしまいます😭<br>仲良い人にはそう思わなくて、そこそこ話す人に起こしてしまいます。<br><br>何年も経っているのにどうしてやりがちなんだろう、いい加減止めたい！<br>で、また自分を罰したくなります😢,@f-fam5688,2024-06-20T09:02:29Z,4StA-DDlEfk
【共依存】人間関係のストレスや問題の背景。自分の価値を感じられなければ心が保てない。自己犠牲して周りを優先、人をコントロールしたり人を依存させる。,132084,93,周りの感情を察知しちゃいます。いつも言動をアレで良かったのだろうかと一人反省会してしまいます。,@Rui-gj6si,2024-02-28T15:30:47Z,mxqVWLBiV3k
【日常に残る心の影響】知らないで自分を否定したり、現実とのギャップを起こし続けていませんか？大事な自分を理解・受容・幸せへ。,83800,92,この後遺症のような状態がずっと続いてたんですけど、自分の感覚を少しずつ拾えるようになってからは人がいる環境でも楽に過ごせるようになってきました！今日なんかラーメン屋さんで周囲を気にせずに鼻をかむこともできるようになりました🤧笑,@akdrlx,2025-08-21T14:58:56Z,cNzvBWkhm3Y
"【なぜか優しくできない,怒りが湧く】家族／恋人／子ども／近しい人にほどキツく強く当たってしまう心理",683700,91,自分がそうです。<br>子供に対してどうしようもなくイライラしてしまうんです。境界線が薄いからなんだなって気づきました。子供は他人、自分とは違うと肝に銘じます。,@MoomiPeikko,2025-08-10T03:31:12Z,FpcoL2PZ9zY
【自己愛性パーソナリティタイプ】自分は特別・自分は悪くない・トンデモ行動。自己愛が強い人への対処と改善までご紹介。／ナルシスト、話を聞かない、押し付け、支配的,234791,91,これの人が以前の職場にいました。<br>小さな会社で、<br>私は女性唯一の正社員。<br>彼女はパート。<br><br>邪魔な存在だったんでしょうね。<br>散々いじめられました。<br><br>2年耐えましたが、<br>自宅の近くで迷子になったり、胸が痛くなり救急車に乗ったりと、メンタルから来ていると思われる異変が起こり始め<br>退職を決意。<br><br>私が退職する前に彼女は解雇になりましたが、<br>彼女は会社への不法侵入、花壇に車を突っ込み花を潰したり、除草剤を撒いたり、<br>◯人予告したりと言う事を繰り返していたみたいです。<br><br>その方のお父様も、<br>放火の前科持ちだったそうですが、<br>環境に問題がある方だったのかもしれません。<br><br>どちらにせよ、<br>自己愛の人がいる場合、逃げるのが最善です。あの人たちは自覚ないので救えない。,@siawaseyumeko,2024-01-24T23:44:14Z,9ZqyqvABW_8
【人に依存しすぎている人】自分に主導権がなくなっている・人に何かしてもらうことを求めすぎる人（自立しなさすぎている状態）,91609,91,SNSでたまたま見たアドラーさんの言葉に「この人がいないと生きていけない・この人には私が必要だと思っているのならそれは依存です」とあって←後者の方も依存なんだとびっくりしたことがあります😳💦私は自己犠牲ギバー型なところがあると思うので、誰かに尽くさなくても存在意義を感じられるように意識していこうと思います🌟😊,@かびごんべぇ,2023-10-25T14:27:09Z,27c9_QRTctI
"【なぜか優しくできない,怒りが湧く】家族／恋人／子ども／近しい人にほどキツく強く当たってしまう心理",683700,90,私の母親。分かってくれると思ったを私に押し付けるくせに私を理解しようとしなかった。親だったからそう言うところに腹が立つ。,@千一夜-e5e,2025-08-08T13:59:48Z,FpcoL2PZ9zY
【情緒的ネグレクト】親の“感情面への”無関心や関わりの薄さ。生きづらい子どもに多い、見えにくい精神的なネグレクトとは？,179891,90,「情緒的」と付くと自分にも当てはまる😮<br>私の母や祖母は軽くあしらう、無視する、笑う、赤ちゃん扱いするみたいな感じでした。<br>うちは先祖代々アダルトチルドレンだと思うからどこから始まったか分からないけどみんな愛が分からないまま親になったんだと思います。,@konkonyukinko,2025-04-24T09:17:29Z,WN3RVQSf7l8
【自己愛性パーソナリティタイプ】自分は特別・自分は悪くない・トンデモ行動。自己愛が強い人への対処と改善までご紹介。／ナルシスト、話を聞かない、押し付け、支配的,234791,89,自己愛って量の問題だと思うので<br>誰しも当てはまる要素は多少はあるのかなって過去の知り合いや自分を含めて思いました。<br>でも明らかに自己愛過剰のタイプの人と違ったりするのは、どれだけ周りが迷惑を被っているかじゃないかと思いました。,@merrowmelon3024,2024-01-10T13:02:16Z,9ZqyqvABW_8
【敵意帰属バイアス】自分を嫌っているんだと誤解・攻撃されたと誤解をしやすい。自己成長や対人関係の弊害。不信感。まずは傾向に気づくこと。,107541,89,こうやって思える人って優しい人なんですよ。貴方が優しいから相手が怒ってないかな？とか嫌われてるんじゃないか？って過剰に心配になる。<br>それって自然に相手の気持ちを尊重できる能力。人に寄り添ったり、相手を気遣ったりって簡単なようで難しいことをサッと出来る。<br>感情を表に出す人って自己表現豊かだけど、負の感情(怒りや悲しみ)を表に出すより、ニコニコ笑顔で正の感情(楽しい嬉しい)を表に出す人が好かれます。<br>この人から嫌われてるんじゃないかな？って思ったら、難しいかもだけど自然に挨拶してみるといい。挨拶がかえってきたら大丈夫よ。<br>ただプライベートで気持ちが荒れてるだけだったり、体調が悪かったり、何か他に嫌なことがあったりして周りに冷たくなってる場合もあるので。,@鈴木ミカエル-w9d,2024-04-19T10:58:39Z,_uTgEER207c
【強い劣等感】落ち込みが止まらない、すぐ人と比較、頑張りすぎてしまう、自分を守るために攻撃・敏感になりやすい、理想やプライドが高くなる。,84076,89,劣等感を強くする背景の４つの例、全て当てはまっていました。<br>正直、資本主義で競争社会をやっている以上、劣等感を助長する仕組みが既に出来上がっていて、こればかりは変えようがないものだと思います。<br>私もその中に埋もれ、しんどい思いを沢山しているのだということが頭ではわかるようになってきたのですが。。。,@-liner6943,2024-03-20T14:15:58Z,3BV7aU3Dl8w
【情緒的ネグレクト】親の“感情面への”無関心や関わりの薄さ。生きづらい子どもに多い、見えにくい精神的なネグレクトとは？,179891,88,ああ、これだ。<br>ご飯や幼稚園の時の送り迎えはしてくれてた。<br>押し付けではあったけど、服も最低限は買ってくれてた。<br>でも手を握った事もハグした事も記憶にほぼ無い。<br>生まれてきたから仕方なく育ててた感。<br><br>学校の様子や会社の様子など聞かれる事もなかった。<br>ただ、ひたすら自分の思想や価値観を親の暇な時間に言い続けられていた。<br>今思うと洗脳しようとしたのだと思います。<br>他の家庭や話し合いと全く違う、と結婚してから気づきました。<br>世にいうネグレクトとは違う、情緒的ネグレクトでした。,@queserasera9425,2025-04-10T16:26:26Z,WN3RVQSf7l8
【抱え込みすぎ】「私がやらなきゃ」「何でもできなきゃ」、気を使いまくり、自分が人や状況を操作したい→限界を超えて心が崩れる,664306,87,抱え込んでるかはわからんけど、昔から辛い感情は1人で部屋で解決してきたから人に頼ることに慣れてないかも🥹「大丈夫？」って聞かれると大丈夫じゃなかったら何かしてくれるのかな、めんどくさがられるだろうなって思って「大丈夫」ってこたえちゃうからもうその後は大丈夫な自分でいないとって苦しくなる。,@Mike-iu3mk,2024-06-24T13:46:47Z,Gaps0b_VXIU
【自分軸と自分勝手の違い】わがままが気になる人へ。場面での対比を見て整理しよう,159398,87,多感な時期に自己中って言葉を使って相手を操ろうとしてきた人たちの楔なんだろうな…と思えました,@高菜-f2k,2024-02-20T00:45:07Z,htWuimTJmlQ
【抱え込みすぎ】「私がやらなきゃ」「何でもできなきゃ」、気を使いまくり、自分が人や状況を操作したい→限界を超えて心が崩れる,664306,86,全て当てはまりました。<br>中学の時にいじめに遭った時も<br>親が嘆いて悲しむ姿を見たくなかったので言わずに耐えました。<br>大人になった今も人に甘えられずに自己否定ばかりです。。,@sea4388,2023-12-09T08:19:56Z,Gaps0b_VXIU
【自立しすぎている人】頼れない、任せない、甘えられない。孤独と傷つきを抱え込んできた人,376235,86,母から「あなたが何かしたら恥をかくのはお母さんなのよ」と言われて育ったせいか、母に文句を言わせないように何でもひとりでやってきました。以前の上司からは自分に厳しすぎると言われましたが、その時はピンときませんでした。<br>今の上司は私の小さなミスを笑い飛ばして、私のゆるさを引き出してくれました。ドーンと受け止めてくれる人に出会って気持ちがとても楽になりました。<br>子供の頃から人間関係で苦労をしてきましたが40代の今、本当にラクな気持ちで人と接することができます。<br>周りから「きっちりしてる人」とずっと言われてきたけれど、本当の私はゆるくておおざっぱでした。若さは取り戻せないし、やり直せないことが多過ぎるけれど、今の心のまま穏やかな老後を迎えたいです。,@kero9598,2023-10-21T01:28:38Z,Rtfu2tdV6Ks
【情緒的ネグレクト】親の“感情面への”無関心や関わりの薄さ。生きづらい子どもに多い、見えにくい精神的なネグレクトとは？,179891,86,はじめまして。38歳、女です。<br>幼い頃から母の仕事や父親の愚痴を聞かされてきました。でも私が少しでも弱音を吐くと厳しく叱られました。言いたい事を言えない、親の顔色を常にうかがう窮屈な家でした。,@ao9118,2025-04-01T23:41:05Z,WN3RVQSf7l8
【情緒的ネグレクト】親の“感情面への”無関心や関わりの薄さ。生きづらい子どもに多い、見えにくい精神的なネグレクトとは？,179891,86,鈍い親とHSCだとこうなりやすい、んでしょうか…<br>まだ独り立ちしてない学生です。ちょっと吐き出させてください。<br>関心がないわけじゃないんだけど、こっちが何か言うのに手間取って、そもそも何か言おうとしてることに気付かれない、気付いてもらえない、ことが多くて。<br>カウンセリングも受けつつメモみたいな手紙も使って「話すのに時間がかかるから待ってほしい」「ゆっくり聞いてほしい」と伝えたんですが、やんわりと、どうしてもできないからそっちが頑張って、というような返しをされたような気がします。<br>言いたいことはわかる。親なりにわかろうとしてるのもわかる。でもうまくできないのもわかる。そもそもこっちが理解しづらい存在なのもわかる。諦めたほうが楽なんじゃ、とも思う。現在進行形で世話を焼いてもらってるから不安のほうが強いけど、とっとと一人暮らししだしたほうが楽な気もする。<br>それでも、あと数年は同じ家に住む以上、もう少しわかってほしい、とも思う。<br>まず自分で何をわかってほしいのかわかってないんだけれども。,@kotona_room,2025-03-27T01:09:49Z,WN3RVQSf7l8
すぐ臨戦体制になり食ってかかりやすい心の癖。人を敵に思いやすい「敵意帰属バイアス」② #心理学 #人間関係 #ストレス #教養,105721,85,これがチンピラの心理か,@sonicformula4611,2024-04-28T08:18:12Z,wsR2RjpGWDg
【愛情と依存の違い】&quot;好き&quot;と混同しやすい&quot;依存&quot;の特徴とは？自分軸で与える愛と、他人軸 or 自己満足で埋めようとする愛。  〜グラデーションで考える〜,211779,84,難しいな、と正直な気持ちで思いました。自立し過ぎて倒れたり限界を迎えたこともあるので、自立も怖いし、依存も悪なのかなという先入観があります。<br><br>とてもストレスのかかる出来事に遭って心身の不調を日々感じながら療養してる私にとっては、どうしても依存が多くなってしまいます。自分で出来ることは自分でやっているけれど、どうしても頼ることや甘えることが多くならざるを得ません。<br><br>自分の人生を自分で歩んでいくんだ！という意欲より、まだ、「あの時のあれがしんどかった、、」とか「今体も心もしんどい、休みたい、、」が多いです。<br><br>感想を書こうと思いここまで書いたのですが、書いていて、「自分はとりあえず今のまま療養を続けていけばいいんじゃないだろうか。自立しなきゃと頑張るより」と思いました。<br><br>自立＝ひとりでなんでも出来ること済ますこと、という先入観がなかなか抜けない私にとっては、自立しなきゃと苦しくなるより、<br><br>今はゆっくり休もう、が合ってる気がします。,@sasa-hokkorisoncho,2025-02-27T13:10:00Z,Ui7jIx_0sIU
【情緒的ネグレクト】親の“感情面への”無関心や関わりの薄さ。生きづらい子どもに多い、見えにくい精神的なネグレクトとは？,179891,84,親に自分の気持ちをわかって欲しいから、泣きながらちゃんと訴えかけるのに、まずその私の感情すら受け入れてもらえないのよね。「そんな事ないよ」「よくわかんない」「よく親にそんなこと言えるね」とか。他のコメントにもあったけど、だから親と喋らなくなる。喋っても受け入れられない事をよくよく分かっているから。,@カモシカ-r6h,2025-10-13T11:43:40Z,WN3RVQSf7l8
"【なぜか優しくできない,怒りが湧く】家族／恋人／子ども／近しい人にほどキツく強く当たってしまう心理",683700,83,善人願望って小さい器を薄く薄く伸ばして大きい器に見せかけているようなもの。デカく見えるけど薄く伸ばした分モロいし容量変わってないからすぐに溢れる,@deykos01010,2025-12-02T19:55:45Z,FpcoL2PZ9zY
【抱え込みすぎ】「私がやらなきゃ」「何でもできなきゃ」、気を使いまくり、自分が人や状況を操作したい→限界を超えて心が崩れる,664306,83,特徴は結構当てはまってるけど長所は全然当てはまらない(努力できない、期待かけられない、人集まらないし好かれやすくもない)ただのダメ人間で泣いた,@ぴょん吉-z6x,2023-12-24T16:24:20Z,Gaps0b_VXIU
【選ぶ権利がある】近くにいる方がいい人と、遠ざける方がいい人【割合と頻度を見てね】,256269,83,少しお話とは違うかもしれませんが、訪問医療の仕事をしておりクレーマーというか、仕事と関係ない事でも毎回怒鳴り散らしてくる患者様がいらっしゃって、こちらの出身地等どうにもならない事や相槌など何でもキレてストレス発散したいだけなのでしょうけど、自分が担当なので毎週何回もご自宅に伺い怒鳴られ続けて精神が疲弊して上に相談しても耐えてこそ成長できると言われ取り合ってもらえず努力が足りないのかと自分を責めていました。<br>でも動画で耐えると頑張るは違うとおっしゃっていたので、もう耐えなくてもいいかなと思えました。退職します。,@蝶野花代,2023-08-26T00:03:24Z,7tTBN-Ul_Pg
【自己愛性パーソナリティタイプ】自分は特別・自分は悪くない・トンデモ行動。自己愛が強い人への対処と改善までご紹介。／ナルシスト、話を聞かない、押し付け、支配的,234791,82,自分は隠れ自己愛な人にやられたなぁ。<br><br>普段は思いやりもあるし、人の話も聞くし、肯定的。ただ思い出してみると「ありがとう」を言わないし「ごめんなさい」も上手く言わずに済ませていることに気付いた。<br>大ごとになればなるほど絶対に非を認めないし、誤魔化して言い訳。むしろこちらのせいにする。<br>確かに自分にも至らない部分はあるからお互い様。<br>お互いに改善しようと提案しても、改善は努力無く出来るほんのちょっとをやるだけ。むしろこっちがそれを手助けしなければならないし、勝手気ままで一切悪びれてない。<br><br>なぜ非を認めないのか？　なぜ悪びれないのか？　理解に苦しみ、結局喧嘩になった。<br>相手の中では「○君は人を論破して喜んでる」という被害者意識で責められて、こっちもさらに頭に血が登ってしまう、という。<br>こっちは「ごめんない」という言葉と改善の姿勢が欲しかっただけだし、そうでなくとも非を認めて悪びれる素振りさえ見せてくれりゃ、それなりに諦めもつくんだが……。ずっと被害者ポジションで、こっちだけ悪者にして決して謝らない。<br><br>まあ、元妻だったんだけどさ。<br>異性問題であれこれ数人とやらかしておいて、なぜあんな態度が取れるのか本気で不可解だった。<br>でも、隠れ自己愛性パーソナリティだと気付いて全てが腑に落ちたよ。<br><br>才色兼備で仕事も家事育児も全て上手くこなして、人当たりもいい。本人の自意識も高い。賢いだけに話が伝わるかと思ったら全く伝わらないし、「何か責められそう」と感じとると急に頑なになって話が通じなくなり被害者ぶる。<br><br>自分がストレートすぎる自覚はあるけど、相手の賢さに頼ったのが完全に間違いだった。<br><br>全く動画の言う通り。賢さに頼った話し合いより、褒めた方が素直に聞く。<br>元妻は「ちやほやされると途端に全てが緩くなる」人。,@OrangeCamus,2024-01-21T14:18:14Z,9ZqyqvABW_8
【愛情と依存の違い】&quot;好き&quot;と混同しやすい&quot;依存&quot;の特徴とは？自分軸で与える愛と、他人軸 or 自己満足で埋めようとする愛。  〜グラデーションで考える〜,211779,82,モラハラのパートナーと別れてから「自分が自分を好きになる」ことを意識して生活しています。<br>パートナーと別れたからって自分の価値は下がらないと今では思えていますが、パートナーが必要としてくれるから自分の価値があるんだ、と当時は潜在的に思っていました。<br>そんな私にとってこれまで考えてきたことのおさらいになる動画でした、いつも分かりやすくあたたかい動画をありがとうございます！,@habitat_37,2025-02-19T11:01:43Z,Ui7jIx_0sIU
【回避傾向】自分を生きることから逃げる。失敗、責任、批判、恥、人を傷つける恐れなどを最優先にして人生が停滞する,103401,82,自助会のような安全だろうと思った場所で嫌な思いをしたので、また不安と回避傾向が強くなっていました。運が悪いのか、自助会ってそんなものなのか。きぃさんの言葉で少し持ち直しました。ありがとうございます🥲,@ぼたんrf,2025-02-05T23:09:43Z,khgpg2jcUCE
【抱え込みすぎ】「私がやらなきゃ」「何でもできなきゃ」、気を使いまくり、自分が人や状況を操作したい→限界を超えて心が崩れる,664306,81,「お前の「大丈夫」は大丈夫じゃない」と長年連れ添った(まだ生きてます)主人に言われた時に「あれ？私って大丈夫って口癖なんだ･･･」と初めて知りました。パートナーが最大の理解者なのが救われる。<br>でも明日からまた「大丈夫」と言いながら頑張るんだろうなぁ…私,@はるはる-r9z,2024-06-04T10:04:29Z,Gaps0b_VXIU
【情緒的ネグレクト】親の“感情面への”無関心や関わりの薄さ。生きづらい子どもに多い、見えにくい精神的なネグレクトとは？,179891,81,苦しくなったら、本当はどうして欲しかった？どうなりたい？自分に問いかけて感情に寄り添ってみよう。,@むら-h3m7v,2025-03-26T13:28:48Z,WN3RVQSf7l8
【アダルトチルドレン】克服の一歩は自己理解。心の平穏を取り戻すため自分に目を向け、心の声に耳を傾けよう。【AC】,151938,81,肯定されたり共感されたり慰められたり、とにかく「自分に寄り添ってくれる」という事があると涙が止まらない人間です。<br>この動画を見終わる時には訳もわからないまま大泣きしていました。<br>生き抜いてきたという事実しか今は受け止められないですが、なんだか救われたような気がしました。,@ばくはつ-b9f,2024-12-13T15:54:36Z,usIp41t_vo0
【愛情と依存の違い】&quot;好き&quot;と混同しやすい&quot;依存&quot;の特徴とは？自分軸で与える愛と、他人軸 or 自己満足で埋めようとする愛。  〜グラデーションで考える〜,211779,80,"愛情と依存の違いは、恋愛関係以外にも当てはまります。<br>関連動画7選をご紹介しておきます🌱ダメと否定しているわけではなく、割合を見て、人生や対人関係を見つめるきっかけにしていただければ幸いです。<br><br>■依存しすぎを掘り下げる動画<br><a href=""https://www.youtube.com/watch?v=27c9_QRTctI"">https://youtu.be/27c9_QRTctI</a><br>■共依存を掘り下げる動画<br><a href=""https://www.youtube.com/watch?v=mxqVWLBiV3k"">https://youtu.be/mxqVWLBiV3k</a><br>■自分軸と他人軸を掘り下げる動画<br><a href=""https://www.youtube.com/watch?v=ZTnUrBU2_5k"">https://youtu.be/ZTnUrBU2_5k</a><br>■自分軸と自分勝手の違いを掘り下げる動画<br><a href=""https://www.youtube.com/watch?v=htWuimTJmlQ"">https://youtu.be/htWuimTJmlQ</a><br>■回避傾向、回避依存の心理を掘り下げる動画<br><a href=""https://www.youtube.com/watch?v=khgpg2jcUCE"">https://youtu.be/khgpg2jcUCE</a><br>■そうならざるを得なくなった家庭環境を見つめる動画、アダルトチルドレン<br><a href=""https://www.youtube.com/watch?v=usIp41t_vo0"">https://youtu.be/usIp41t_vo0</a><br><br>その他、色々な関連動画を出していますので、ピンとくるものを回遊してみてください。",@kiitanuma,2025-02-19T13:03:21Z,Ui7jIx_0sIU
【日常に残る心の影響】知らないで自分を否定したり、現実とのギャップを起こし続けていませんか？大事な自分を理解・受容・幸せへ。,83800,80,「詳しくなくてもいい、自分のちょっと好き、ちょっと気になる」を見つけるの部分で、じゃあ私漫画が好きだなって考えてたらなんで好きかって「自分の行動が物語に関わらないから好き」なんだって気がついてどこまで行っても自分の言動が怖いんだって再認識して自分に呆れた……,@すずかすてら-y8q,2025-09-25T18:43:57Z,cNzvBWkhm3Y
【抱え込みすぎ】「私がやらなきゃ」「何でもできなきゃ」、気を使いまくり、自分が人や状況を操作したい→限界を超えて心が崩れる,664306,79,サムネイルを見て、まさに自分自身の事が書いてあると思い動画を視聴しました。<br>動画途中の「失敗してもいい」｢必要とされてなくても価値がある｣という言葉に泣いてしまいました。<br>心の筋トレを少しずつ生活に取り入れていきたいと思います。<br>この動画は私の宝物になりそうです。<br>ありがとうございました。,@JJ-mk6vw,2024-02-02T13:09:12Z,Gaps0b_VXIU
【愛情と依存の違い】&quot;好き&quot;と混同しやすい&quot;依存&quot;の特徴とは？自分軸で与える愛と、他人軸 or 自己満足で埋めようとする愛。  〜グラデーションで考える〜,211779,79,昔、大して仲良くもない子になぜか異様に好かれ、しかし「あなたのこういうところがイヤ」「あなたは冷たい」「もっと優しくしてほしい」「こういうところを直してほしい」と、恋人でもないのに散々文句を言い、その子の理想通りの行動をしなければ些細なことで怒り、ネガティブな面ばかり指摘するくせに「あなたが大好きでたまらない。家族みたいになってほしい」と言って泣く…………まったく訳がわかりませんでした。結局私のほうからきっぱり絶縁し今は関りはありませんが、今にして思えばあの子はかなり依存心の強い子だったんだろうな……と思いました。,@パリパリな海苔,2025-02-22T03:26:28Z,Ui7jIx_0sIU
【情緒的ネグレクト】親の“感情面への”無関心や関わりの薄さ。生きづらい子どもに多い、見えにくい精神的なネグレクトとは？,179891,79,親が忙しすぎて、仕事と家のことをやるので精一杯でした。子どもに細かく顧みる余裕がなかったのだなと思います。<br>私自身、一人ぼっち感が強く、人とのやり取りが上手くできず、何か生きづらさを感じてきました。今日のお話が自分を顧みるのに参考になりました。「よく我慢してきたね！」と自分を労ってあげたいです。,@ひろりん-n8f,2025-03-26T12:27:34Z,WN3RVQSf7l8
【回避傾向】自分を生きることから逃げる。失敗、責任、批判、恥、人を傷つける恐れなどを最優先にして人生が停滞する,103401,79,39歳でこの状態です。<br>思い込みでなく現実的に価値がないですよね。こんな状況からつい回避してしまいます。😢,@たまゆ-p6y,2025-02-06T14:20:40Z,khgpg2jcUCE
【強い劣等感】落ち込みが止まらない、すぐ人と比較、頑張りすぎてしまう、自分を守るために攻撃・敏感になりやすい、理想やプライドが高くなる。,84076,79,事実うつ病になり今までできていたことができなくなっていることが多くて劣等感に苦しんでます。対処の中からできることを心がけていきたいと思います。,@sinthebxsx3810,2024-03-20T10:31:12Z,3BV7aU3Dl8w
【情緒的ネグレクト】親の“感情面への”無関心や関わりの薄さ。生きづらい子どもに多い、見えにくい精神的なネグレクトとは？,179891,78,生きにくい、なんて自分には贅沢な言葉だと思っていました<br>そんな考えは捨てて、自分に優しくしてみようと思います<br><br>動画を見て、うまく言えないんですが「こんな自分のことを見てくれて、考えてくれる人もいるんだ」と安らいだ気持ちになりました<br>ありがとうございます,@くろきみ,2025-03-26T13:15:14Z,WN3RVQSf7l8
【選ぶ権利がある】近くにいる方がいい人と、遠ざける方がいい人【割合と頻度を見てね】,256269,77,なんだ！なんだ！なんだ！世直し！？<br>こんな無料でYouTubeで人生を助けてくれる人が存在している事に驚きました。凄く凄く素晴らしい動画でした。細かく論理的で言語化もされているし共感と感心しました。動画に出会えて凄く嬉しいです。,@AA-ce9xx,2023-11-26T13:00:29Z,7tTBN-Ul_Pg
【共依存】人間関係のストレスや問題の背景。自分の価値を感じられなければ心が保てない。自己犠牲して周りを優先、人をコントロールしたり人を依存させる。,132084,77,有料級の動画ありがとうございます。<br>とても参考になります。<br>「境界線が薄く人のことで頭がいっぱい」に共感の嵐です。<br>他者評価で自分の価値を確かめようとしてたのかなと思いました。<br>自分評価を高められるように生きていけたらなと思います。,@nana-strawberry,2024-02-28T12:21:51Z,mxqVWLBiV3k
【選ぶ権利がある】近くにいる方がいい人と、遠ざける方がいい人【割合と頻度を見てね】,256269,76,すんごい納得！！耐えること=努力て勘違いしてたところあったと思います。また忘れそうになったらこの動画に戻ってきます❤,@doll0726,2023-11-09T16:03:04Z,7tTBN-Ul_Pg
【回避傾向】自分を生きることから逃げる。失敗、責任、批判、恥、人を傷つける恐れなどを最優先にして人生が停滞する,103401,76,申し訳ないけど解決しませんでした。<br>自身の性質への自覚はあるけど、解決方法として「受け入れる」と言われてもピンときません。<br>それができるなら既に悩んでないしこの動画見にきてないよ、と思ってしまいました。,@ソプラノ-r5y,2025-03-01T07:02:05Z,khgpg2jcUCE
【自立しすぎている人】頼れない、任せない、甘えられない。孤独と傷つきを抱え込んできた人,376235,75,男ですが失礼します。<br><br>自身の弱さを理解しているからこそ、それが露見しないように振る舞ってきました。素直に他者に弱みを見せる事ができたり、甘えたりできる人に嫉妬してきました。もちろん表には出しません。小さい男だと思われたくないですからね。<br><br>私の前では頑張らなくていいよと言ってくれた彼女の前で、喉を枯らすまで泣いたのは11年前の話です。<br><br>真面目な人ほど損をする、と良く言われますがコレのことだと思います。<br><br>「”独りでやる事、できる人間であること”に依存している。」これ、ハッとしました。自分のプライドに殺されそうになることがありますね。,@りり-y2p,2023-10-20T18:25:09Z,Rtfu2tdV6Ks
【自己愛性パーソナリティタイプ】自分は特別・自分は悪くない・トンデモ行動。自己愛が強い人への対処と改善までご紹介。／ナルシスト、話を聞かない、押し付け、支配的,234791,75,"訂正)<a href=""https://www.youtube.com/watch?v=9ZqyqvABW_8&amp;t=777"">12:57</a> 自己肯定感が低い・劣等感<br><br>---<br>2024年、きっと幸せを沢山感じられるように<br>一緒に頑張りましょう。<br><br>今年もよろしくお願いいたします💐",@kiitanuma,2024-01-10T09:37:08Z,9ZqyqvABW_8
【選ぶ権利がある】近くにいる方がいい人と、遠ざける方がいい人【割合と頻度を見てね】,256269,74,さんざん利用されたり、下げられる人生で、最近やっと付き合う人は選んで良いという考えを受け入れられてラクになれました。<br>早くそう思いたかった。<br>鈍感でちょっとした事に気付けなかったりすると冷たいとか思いやりがないとか言われる度に自分が悪いのかな？と思ってしんどくなり、そういう事を言う人と距離を置いてました。<br>なるべく一緒にいて楽しい人と関わるようにしたら苦しくなる事が減りました。,@marim5002,2023-11-23T00:11:21Z,7tTBN-Ul_Pg
【情緒的ネグレクト】親の“感情面への”無関心や関わりの薄さ。生きづらい子どもに多い、見えにくい精神的なネグレクトとは？,179891,74,私ももしかしてこれなのか……？？？<br>父は気難しくて、些細なことですぐ機嫌が悪くなって、理不尽なこともよくあったけど、責めようとすると母に「我慢しなさい」「気にしないで」とかよく言われて、何で私ばっかり我慢しなきゃいけないのかと思ったり<br>母は久しぶりに会うと自分の愚痴ばっかりで、私が何か話そうとすると、「そうなんだ、私はね〜」とすぐ自分の話に持っていくので、帰ってからどっと疲れる<br>実家住みの時はいつも落ち着かなくて、常にちょっと身体が浮いている感じがしていた<br>毒親と言うにはちょっと違う気もする、でも落ち着く所ではない<br>一人暮らし始めるまでは自分がしたいことがあってもすぐに親に反対されたり、心配されたりすることが多くて新しいことを始める時も親に言わずにこっそりやっていました<br>一人暮らししてからは「私、意外と色々できるな……？？」と気づいてからはポンポン外出したり遊んだり、ほぼノープランで旅行もできるようになりましたが,@arata_101,2025-09-19T16:44:40Z,WN3RVQSf7l8
【回避傾向】自分を生きることから逃げる。失敗、責任、批判、恥、人を傷つける恐れなどを最優先にして人生が停滞する,103401,74,"「自分が生きたいように生きていい」。これは大前提です。<br><br>◉「逃げちゃいけない」と思いすぎている人は・・・<br>“逃げないことで実は逃げている”ということについて、<a href=""https://www.youtube.com/watch?v=khgpg2jcUCE&amp;t=700"">11:40</a>〜をご覧ください。<br>↑↑もしこのパートに当てはまる方は、自分を優先して対象や状況から逃げる＝休む、離れる、止まることが必要です<br><br>◉そしてこのチャンネルでは随時お伝えしておりますが、<br>「強い反応として出ているか？」「頻繁に、または繰り返し起きているか？」そんな視点でチェックしてみてください🌱<br>どんな人でも、まったく当てはまらないということはありません。<br><br>◉心には状態や段階があります。今回の内容（踏み出す段階）が苦しく感じる方は、<br>まずは受容や自己理解の段階に関する動画を参考にしてみてください🎥💫<br><br>ーー受容系のおすすめ紹介<br>・【辛い時】どっちでもいい【ありのまま】<br><a href=""https://www.youtube.com/watch?v=_F7ze-YowX4"">https://youtu.be/_F7ze-YowX4</a><br>・【充分な子どもでいられなかった】環境くらの影響と自分を理解して過去に寄り添う<br><a href=""https://www.youtube.com/watch?v=I-czc8arAvA"">https://youtu.be/I-czc8arAvA</a><br>・【自分を大事にする方法】自分を幸せにする言葉を見つけよう<br><a href=""https://www.youtube.com/watch?v=3BtkmPYWxR8"">https://youtu.be/3BtkmPYWxR8</a><br>・【過去の後悔】「いいよ」と自分を許す練習<br><a href=""https://www.youtube.com/watch?v=RvvUSO29An4"">https://youtu.be/RvvUSO29An4</a>",@kiitanuma,2025-02-05T10:36:36Z,khgpg2jcUCE
【自立しすぎている人】頼れない、任せない、甘えられない。孤独と傷つきを抱え込んできた人,376235,73,恋愛ね…下手だよね。「甘えてる自分が気持ち悪い」わかる。,@megmilk1393,2023-10-22T12:40:06Z,Rtfu2tdV6Ks
【自己愛性パーソナリティタイプ】自分は特別・自分は悪くない・トンデモ行動。自己愛が強い人への対処と改善までご紹介。／ナルシスト、話を聞かない、押し付け、支配的,234791,73,実母に全部あてはまる,@もも大福-f6p,2024-01-10T10:05:45Z,9ZqyqvABW_8
【愛情と依存の違い】&quot;好き&quot;と混同しやすい&quot;依存&quot;の特徴とは？自分軸で与える愛と、他人軸 or 自己満足で埋めようとする愛。  〜グラデーションで考える〜,211779,73,何気なく見たこの動画で、自分が依存体質であると知った,@鳥トントン,2025-03-05T11:05:42Z,Ui7jIx_0sIU
【共依存】人間関係のストレスや問題の背景。自分の価値を感じられなければ心が保てない。自己犠牲して周りを優先、人をコントロールしたり人を依存させる。,132084,73,自分もほぼ全部当てはまり、幼少期はコレが楽な時期もありましたが、段々生きていく過程で苦しさや生きづらさが大きくなり疲弊してしまい、ひきこもり状態までいってしまいました。この動画でもしかしたら「境界線が薄いんだなぁ」「自己肯定感が低いだなぁ」と感じ気づきました。今後、一旦自分を客観的にみる習慣を身につけ人と関わっていけたらと思いました。<br>気づかせていただきありがとうございました。,@ヨッシー-s1e7w,2024-02-28T14:15:02Z,mxqVWLBiV3k
【回避傾向】自分を生きることから逃げる。失敗、責任、批判、恥、人を傷つける恐れなどを最優先にして人生が停滞する,103401,73,他の人が褒められてるの聞くと傷ついちゃいます😭ぐさって😭<br>頭ではわかっていても、結びつけているなって自覚あります、しんどい…,@あおい-p2g8q,2025-02-06T08:50:15Z,khgpg2jcUCE
【抱え込みすぎ】「私がやらなきゃ」「何でもできなきゃ」、気を使いまくり、自分が人や状況を操作したい→限界を超えて心が崩れる,664306,72,その通りなんですよね。でも治らないし変わらないので、生きてる意味とかなんだか虚しいとか寂しいとかいつも考えてしまいます。,@てんき-k7s,2023-12-04T07:29:37Z,Gaps0b_VXIU
【完璧主義】ひとり反省会・人生が変わらない・全てに神経を尖らせている→「自然な自分ではいけない。」という自己否定のサイン,182094,72,うわぁ、まさに私だ😢<br>仕事だと無能とか使えないとか思われたくなくて、頑張らないとって思っちゃうんですよね…<br><br>あと、断捨離とかもやらなきゃと思ってるけどどこからしたらいいかすら分からないし出来る自信がなくて結局ほぼ変わらないまま,@渡辺蓮-m2t,2023-08-10T01:37:44Z,a7x8US7Rwj4
【完璧主義】ひとり反省会・人生が変わらない・全てに神経を尖らせている→「自然な自分ではいけない。」という自己否定のサイン,182094,72,小さい頃からずっと完璧主義で、優等生でいなければいけないという強迫観念に取り憑かれていました（両親が高校教諭であることも関係あるかもしれませんが）。あんなにテストで良い点数を取ることに拘っていたのに、浪人しても大学受験に失敗してしまい、もう何年も燃え尽き症候群です。「頑張りたいけど、動けない。昔はあんなに努力できたのに。頑張っても報われないのが怖い。頑張れない自分には価値がない。頑張らなければ、頑張らなければ…」という焦燥感で、常に頭がいっぱいでした。<br><br>ちょっとずつでも前に進む。できない自分を許す。一つできたら承認。この動画で学んだことを意識して、ポジティブな完璧主義にシフトしていくことが今の目標です🫶学びをありがとうございます。,@でこ-v5y,2023-08-10T05:30:57Z,a7x8US7Rwj4
【アダルトチルドレン】克服の一歩は自己理解。心の平穏を取り戻すため自分に目を向け、心の声に耳を傾けよう。【AC】,151938,72,考えてもみようよ、俺達は幼い頃から<br>&quot;そういう風に生きる&quot;ことを自分に強いてきた<br>少年少女だったあの頃、俺達は自分を人質にする事でしか生き抜けなかった<br>本当によくやったよ、そしてよくやってるよ<br><br>でも、そんな事を大切な誰かが同じようにやっていたらどう思う？<br>途端に嗚咽がするくらい悲しくないか？<br>なんで綺麗な君が？なんで優しい君が？<br>絶対にそう思うはずなんだ<br><br>実はそれって、俺達のことを見てる大切な誰かも<br>きっとそういう風に思ってるんだよ<br>知らなかっただけで、本当は最初っから<br>ずっと愛されてて、ずっと心配されてたんだ<br>そして、最初っから許されてたんだよ<br><br>でも長い事ずっと、自分を許してこなかったのは他でもない自分なんだよ<br>もう良いんじゃないか？<br>もう認めて良いんじゃないか？<br><br>だって、何も持ってないって自分で思ってるのに<br>そんな自分のそばにいてくれる人がいるんだから<br>そして、例えそんな人が一人もいなかったとしても<br><br>俺は許すことにしたよ<br>俺を、そんな俺達を、あんた等を<br>ポエムみたいな恥ずかしい文章だけどな<br><br>さらに言えば、許せなくたっていいんだよ<br>ダメで良いんだよ、俺達は最底辺なんだろ？<br>じゃあ、少しずつ許してみようよ<br>登る段差は高さが小さい方が、登りやすいだろ<br>転げ落ちても良いんだよ、一緒に落ちよう<br><br>ほんの少しずつ、ちょっとずつ<br>慣れてきたら一段を高くしてみたり<br>疲れたらまた低く積み上げたり<br><br>なんでも良いんだ、誰も急かさない<br>そして、いつか夢見た0のラインで会おうぜ<br>それまでの間、何度でも、きいさんの動画を見ようぜ<br>自分を学ぼう、考え方や、受け入れ方を<br><br>長くてすまんな、最後まで読んでくれた人ありがとう<br>俺はダラダラと行ったり来たりして、ゆっくり生きて行くことにするよ<br>みんな、達者でな,@ぴざマロ,2025-04-20T04:00:20Z,usIp41t_vo0
【選ぶ権利がある】近くにいる方がいい人と、遠ざける方がいい人【割合と頻度を見てね】,256269,71,「良い人だね」と言われるけど、あなたにとって都合の「良い人」ってだけなんだろうなって感じで素直に喜べないし、あなた達に嫌われない為の良い人だから、結局その優しさは自分の為なのよ,@厩戸皇子-s9l,2023-12-10T16:15:28Z,7tTBN-Ul_Pg
【選ぶ権利がある】近くにいる方がいい人と、遠ざける方がいい人【割合と頻度を見てね】,256269,71,本当に大切なのは「自分で自分を認めること」だけ。<br>長所も、短所も、客観的事実として認める。<br>他人と比べて善し悪しの評価しない。時間の無駄。<br>自分の人生は、自分でしか切り開けない。“自分”を幸せにするのは“自分”だけ。<br><br>与えられるものに依存すれば、<br>「目に見える愛」しか信じられない不幸な人生。<br>本当に価値があるのは「目に見えない愛」。<br>それを掴めるのは、非認知能力がある人。<br>まずは、自分を認めることから。,@Your_life_is_yours.Good_luck.,2023-11-25T08:15:16Z,7tTBN-Ul_Pg
【自己愛性パーソナリティタイプ】自分は特別・自分は悪くない・トンデモ行動。自己愛が強い人への対処と改善までご紹介。／ナルシスト、話を聞かない、押し付け、支配的,234791,71,自分が自己愛強いタイプです<br>なんとか自己受容したいとは思うものの<br>親に愛されたくてたまらなかったのに、これからもそれに耐え続けなければならない現実に不満が溢れてしまう時が多いです<br><br>周りは愛されてるのに、なんで自分は愛情をもらえないんだろうとずっと思っています<br><br>自分も自己愛を克服して、自分を愛せる様になりたいです,@momomo-f5d,2024-05-27T23:44:05Z,9ZqyqvABW_8
【情緒的ネグレクト】親の“感情面への”無関心や関わりの薄さ。生きづらい子どもに多い、見えにくい精神的なネグレクトとは？,179891,71,「子供の頃の記憶がない」というところにとても共感しました。<br><br>自分語りになりますが、記憶が無いことで就職活動をするときにとても困りました。<br>子供の頃の具体的な記憶がないので、一貫した自己を見つけられませんでした。結局、自分が何をしたいかもわからないまま就活は失敗してしまいました。<br>今は就活を一旦お休みし、カウンセリングを受けながら、「自分の感情に向き合うこと」にトライしているところです。<br><br>情緒的ネグレクトを受けられてきた他の方々も、あるがままの自分を受け入れて肩の力を抜ける日が来ることを願っています。,@user-xv563,2025-05-03T00:13:46Z,WN3RVQSf7l8
"【なぜか優しくできない,怒りが湧く】家族／恋人／子ども／近しい人にほどキツく強く当たってしまう心理",683700,70,まさにこれ。過去に付き合っていた相手にも「このくらいなら許してくれるだろう」って慢心があったまま接していた自覚あるし、上手くいかなくなった頃には「何で恋人なのに大事にしてくれないんだ！」なんて考えが反芻していた。<br>本当に申し訳なかった、自分のできなかったことばっかり思い出してしまう<br>今はまた同じことをしてしまいそうで、愛されたいのに怖くて行動できない,@5月28日,2025-08-06T15:20:07Z,FpcoL2PZ9zY
"【なぜか優しくできない,怒りが湧く】家族／恋人／子ども／近しい人にほどキツく強く当たってしまう心理",683700,69,自分このタイプです。<br>自分自身が「自分に厳しく他人に優しい」性格なので「自分と同一視できるほど親しい人」ほど厳しく接してしまいます<br>「自分と他人は違う」「自分にも他人にも優しくする」「多くを求めない(諦める)」と言うことを意識して多少マシになりましたが、今でもたまに家族に厳しくしてしまうので気をつけています,@Kazuha623,2025-08-23T03:08:30Z,FpcoL2PZ9zY
【回避傾向】自分を生きることから逃げる。失敗、責任、批判、恥、人を傷つける恐れなどを最優先にして人生が停滞する,103401,69,これを見ているだけで少しは向き合えている…と思いたい,@FK-yt8wx,2025-02-08T05:02:14Z,khgpg2jcUCE
【選ぶ権利がある】近くにいる方がいい人と、遠ざける方がいい人【割合と頻度を見てね】,256269,68,アメリカ人で今日本に住んでいます。とても大事な発信をされていると思います。他の動画にもコメントしたいことありますが、パート4で仰っていた、みんなと仲良くしましょうねって学校の先生が生徒に言う言葉ですが？なんでそんなこと言うのかな、そんなの無理だし、そもそも目標とすることじゃない、と不思議に思ったので考えてみたんですが、日本の方って思考がぼんやりしていることが多いんですよね。頭悪い、とかじゃなくて、思考のピントがちょっとぼんやりしている。だから言語化が苦手。で、先生が本当は言いたかったことは、「みんなお互いを尊重して、自分がされたくないことは自分も相手にしないようにしましょう」ってこと。これをぼんやりと、結晶化せずに考えると「仲良くしましょう」になっちゃうんだと思います。,@Satopi3104,2024-04-19T01:44:05Z,7tTBN-Ul_Pg
【共依存】人間関係のストレスや問題の背景。自分の価値を感じられなければ心が保てない。自己犠牲して周りを優先、人をコントロールしたり人を依存させる。,132084,68,やばい！私共依存体質！！<br>疲れちゃうから最近は強気でいってますw 母親をこの間泣かせました。<br>この母親が曲者で毒親 コントロールしてくる人です。,@LoveNetflixForever,2024-03-01T04:15:34Z,mxqVWLBiV3k
【敵意帰属バイアス】自分を嫌っているんだと誤解・攻撃されたと誤解をしやすい。自己成長や対人関係の弊害。不信感。まずは傾向に気づくこと。,107541,68,私は嫌われても大丈夫、勝手に嫌っとけ（笑）めんどくさ。と思うようになりました。,@うさぎのラナチャンネル,2024-04-30T02:36:55Z,_uTgEER207c
"【なぜか優しくできない,怒りが湧く】家族／恋人／子ども／近しい人にほどキツく強く当たってしまう心理",683700,67,外ヅラが良い人…って事ですよね。家の中（身内）にはキツイ感じ。<br>私の父親もそうでしたね。母いわく父は結婚したらガラッと変わった…と言っていました。<br>特に昭和生まれの男の人は割と多い気がしますね。,@じゅんじゅん-w1g6n,2025-08-10T13:25:48Z,FpcoL2PZ9zY
【情緒的ネグレクト】親の“感情面への”無関心や関わりの薄さ。生きづらい子どもに多い、見えにくい精神的なネグレクトとは？,179891,67,全て当てはまってる。<br>私は多分、左利きから右への強引な矯正だと思う。<br><br>毎日左を使おうとする私を、何度も何度も右にさせたらしい。<br><br>今では古き少数派な感覚だと思うけど、もし子供が左を使おうとしていたら、のびのび左を使わせてあげて下さい。,@1nvillage,2025-03-26T12:17:01Z,WN3RVQSf7l8
"【なぜか優しくできない,怒りが湧く】家族／恋人／子ども／近しい人にほどキツく強く当たってしまう心理",683700,66,父も母も妹もそうでした。感情がぶつかり合って問題が解決されず不毛な日々が続く地獄の家庭でした。親は外面がいいから、外の大人や親戚に相談しても、親のことを悪く言う私が意地の悪い人間だと思われることもあり絶望でした。大学出て就職とともに家を出ました。精神科の看護師さんと知り合いカウンセリングを知り、悩んだら相談しながら、自己改革しながら生きてきました。結婚し今は子供二人も成人になり平和に過ごしています。実家と距離を置く事を続けることで自分自身の人生を生きています。,@yuwanko6688,2025-08-08T00:26:46Z,FpcoL2PZ9zY
【アダルトチルドレン】克服の一歩は自己理解。心の平穏を取り戻すため自分に目を向け、心の声に耳を傾けよう。【AC】,151938,66,精神的な自立、というのがずっと難しいと思いながらここ数年過ごしております。だからずっと自分に自信がないし、自分で決められもしないくせに、と自己否定を繰り返してきました。<br>思えば、ずっと親が決めることが1番だと思ってきたから、自分の意思がわからないし、自分で決めたことに責任を取るという行為が難しくなっているんだと、この動画を見て改めて理解ができました。<br><br>自分で決めて、自分で選んで、自分で責任を取るというのは本当に難しいことですが、今からでも少しずつ小さなことからそれを繰り返していこうと思います。,@あまいろ-d8d,2024-10-25T13:46:23Z,usIp41t_vo0
【抱え込みすぎ】「私がやらなきゃ」「何でもできなきゃ」、気を使いまくり、自分が人や状況を操作したい→限界を超えて心が崩れる,664306,65,お兄ちゃんなんだから、の呪いと僕は名付けています,@ミイラ男,2023-12-04T07:20:44Z,Gaps0b_VXIU
【認知の歪み】超身近な苦しくなる思考の癖。認知の歪みとは？10種類の例と改善に向けた対応,130279,65,私も認知の歪み解説待ってました。ありがとうございます。「骨盤の歪んでいる人」の例えがわかりやすくて<br>「骨盤の歪んでいる人イコール悪い人間」じゃないように、認知の歪んでいる人も悪じゃないと置き換えて納得できました。善か悪かで捉える白黒思考もクセになっているので、よく「当てはまる自分が悪い」と思いがちですが「悪じゃなく心のために対応しよう」と言い聞かせていきます！<br>繰り返し見て客観視します,@nasuna225,2023-11-22T13:02:54Z,AxlcavvWwYk
【敵意帰属バイアス】自分を嫌っているんだと誤解・攻撃されたと誤解をしやすい。自己成長や対人関係の弊害。不信感。まずは傾向に気づくこと。,107541,65,小学校から現在までずっとこれです🪦<br>年々、事ある毎に悪化して疑心暗鬼+自己嫌悪に塗れて生きてました    最近は「もう自分がいくら気を割いたってこの世には悪意を向けてくる人しかいないし...」と半ば自暴自棄的な状態でしたが、この動画を見てほんの少しでも前進できたらと思います。<br>でも人の心が覗ける特殊能力を得られたりしない限り、一生引きずるんだろうな...,@烏有-s5t,2024-04-10T15:46:44Z,_uTgEER207c
【自立しすぎている人】頼れない、任せない、甘えられない。孤独と傷つきを抱え込んできた人,376235,64,相手に頼ろうと胸の内を話しても、結局相手の「普通」「こうあるべきもの」みたいなのを押し付けられる形になって絶縁を選ぶしかなくなる。「弱者なら弱者らしく振る舞いなさい」みたいな感じ。弱者になりたくて相手に頼っているわけではないので凄く困る。親も今まで関わってきた人たちもそうだったから。私自身は人間関係を上下で見ていなくても相手がそうしようとする恐怖から逃げているといった方が私自身にはしっくりくる。多分「無意識に自立し過ぎてる人」と「自立し過ぎを余儀なくされた人」とがいると思う。,@masamin4546,2023-11-04T10:12:13Z,Rtfu2tdV6Ks
【自立しすぎている人】頼れない、任せない、甘えられない。孤独と傷つきを抱え込んできた人,376235,64,でも人って簡単に裏切るじゃないですか。理不尽をこれでもかというほど浴びせられ続けると、他人に隙を見せるなんてとてもじゃないができません。信じるって、最も勇気ある行動と思います。人を信じたくても恐怖が勝つ日々です。,@sohgetsu,2023-10-27T19:55:25Z,Rtfu2tdV6Ks
【人の力を拡大する人と縮小する人】自分自身との接し方・他者との接し方を見つめてみよう。力を縮小する人の背景は、そばにいた人の影響。,155676,64,そのうち「競争社会（成果主義、採用されるかされないか/首切られるか切られないかが相対的に決まる社会）」でなくなりさえすれば、否、競争社会は一部に残ってもいいけど「食事できる」「定住できる」が競争にパッケージされなくなりさえすれば、心の病気が劇的に減り、giverが爆増する筈ではないのかな、などと思っております,@esp76orz,2024-02-28T23:15:00Z,ZFr_SycknUk
【アダルトチルドレン】克服の一歩は自己理解。心の平穏を取り戻すため自分に目を向け、心の声に耳を傾けよう。【AC】,151938,63,寛解と再発を繰り返すしかないのでしょうか？<br>幼少から25年間を自己否定、自罰、希死念慮で過ごして、25歳から「自分が自分の親となって、自分を育て直す」という方針に変えました。大事な我が子に言わないようなことは言わない、しない、既に愛していてそのままを受け止める、悪いことをしたら諭す、でも見放さないしずっと傍にいる。帰ってこれる場所である。そのように、自分に接しました。<br>そこからの人生は本当に楽しかった。人生ってこんなに生きやすいんだと初めて思った。それでも5年後に駄目になりました（マイルド表現）。何が原因だったか分かりません。治療中の人には酷な話だと思います。ごめんなさい。私にも酷なことでした。駄目なまま5年経ちます。<br>ただ、一度育んだ安全基地は、まだ動作しているように感じます。自己受容、自己肯定は健在してるんです。この両極がアンバランスさを強調はしてますが、それもまた受容しています。<br>またいつか人生が楽しくなるのでしょうか？駄目になってから、プロの手を借りようと思うようになり、カウンセリングを続けていますが、これによる寛解は5年、10年スパンだろうなと思ってます。それでも続いていくしかないのでしょうか。,@gosakusato163,2025-03-24T00:29:56Z,usIp41t_vo0
【投影】他人(外側)に自分の感情・欲求や過去を映し出す。＝自分流に解釈している。人間関係や自己理解のために「投影」をチェックしてみましょう,121833,63,私は子ども頃からキラキラした世界(芸能界など)に自分を投影することが多く、大学卒業後、実際に芸能界を目指すべく　歌をやっていた時があります。でも私の場合そこまで歌が好きというわけではなく、なぜか子どもの頃の同級生たちにすごいと言われたいという想いが圧倒的に強かったなということを思い出しました。自分でもその想いにちょっと気づいてはいましたが、芸能界を目指すことを心身を壊すまで止められませんでした。<br>自分の中ではそのことは黒歴史で、恥ずかしい、なんでそんな選択をしてしまったんだろうと自分を責めていましたが、この動画を見て、自分は子どもの頃、自分には何もないと感じたり、周りと比べてみじめな思いをすることもあったなと思い出し、過去の自分をいたわることができました。じわっと来るものがありました。<br>解釈が間違ってたらすみません。そして長文ですみません。<br>でもとても自分の中で大切な動画になったので、つい書いてしまいました。ありがとうございます。感謝です。,@yukorin277,2024-06-22T06:11:10Z,4StA-DDlEfk
【回避傾向】自分を生きることから逃げる。失敗、責任、批判、恥、人を傷つける恐れなどを最優先にして人生が停滞する,103401,63,確かに、誰かに相談する時もあくまで仕事上「相手を否定しては行けない」ことと守秘義務がある人にしか相談できない。<br>身近な人間だと相手の時間を拘束したりその場だけでも気にさせたり、言ってしまえば“迷惑”をかけていると思うから。,@R-GLAY-p8n,2025-02-06T09:00:03Z,khgpg2jcUCE
【人に依存しすぎている人】自分に主導権がなくなっている・人に何かしてもらうことを求めすぎる人（自立しなさすぎている状態）,91609,63,どっちもあるな‥<br>幼少期から<br>ずっとギバー型で生きていたからこそ<br>取り戻したい感が酷くて<br>テイカー型になってしまったから‥<br>人や状況によってギバーになったり<br>テイカーになったりしちゃってるな‥。<br>どっちに転んでも依存してるんだな私,@みさ-j9r,2024-03-22T13:12:11Z,27c9_QRTctI
【日常に残る心の影響】知らないで自分を否定したり、現実とのギャップを起こし続けていませんか？大事な自分を理解・受容・幸せへ。,83800,63,過去の記憶が思い出せない　音や人の声に敏感　……あるある。　大人になっても「好き勝手したらいけない（よくないことがある）」とか「自分のやりたいことを第一優先にしてはいけない（周りに配慮すべき）」と考えがち。正しいことに客観的な基準があって、その正しさから外れることで良くないことが起きると思い込んでる。常に他人軸の「正解」探しをしている。自分が何をやりたいのか分からなくなって、もはや「何もやりたくない」「生きることは面倒くさい」というレベルに達した。生きづらい。,@TriangleNiagara,2025-08-29T03:16:25Z,cNzvBWkhm3Y
【抱え込みすぎ】「私がやらなきゃ」「何でもできなきゃ」、気を使いまくり、自分が人や状況を操作したい→限界を超えて心が崩れる,664306,62,負けたくないんだよな<br>すごい強欲<br>それが好きとかやりたい訳じゃなくて、見栄を張りたいか結果を出したいんだけど頑張り方が下手で我慢するとか身を粉にするほうを選んじゃって、結果上手くいっちゃってそれが癖になっちゃってるから抜け出せない。前まではまだ上手くいってたからよかったけど、だんだん体が追いつかなくなったり、目標が高度になるにつれて上手くいかなくなることが増えた。なんで前までは上手くいってたのにって、やっぱ自分ってダメなのかなって自分にがっかりしてできない自分をどんどん嫌いになった。<br>見栄とか関係なく自分が本当はどうしたいのか心の声を聞いて、本当はやりたくないことを諦める、諦めるにはどうするか考える時間をとったり、少しでもできたことを褒めて必要以上に自分を落とさないことが大事なのかなと思う。,@レモン-h3j,2024-11-25T05:32:24Z,Gaps0b_VXIU
【抱え込みすぎ】「私がやらなきゃ」「何でもできなきゃ」、気を使いまくり、自分が人や状況を操作したい→限界を超えて心が崩れる,664306,62,動画拝見しました。<br>自分に当てはまりすぎて、電車の中なのにボロボロと泣いてしまいました。今月で仕事辞める予定なのに次が決まってなくて…親には言えなくてモヤモヤしてて。少し勇気だそうと思います。ありがとうございます。,@ゆらまさ-e6z,2023-12-04T07:38:50Z,Gaps0b_VXIU
【愛情と依存の違い】&quot;好き&quot;と混同しやすい&quot;依存&quot;の特徴とは？自分軸で与える愛と、他人軸 or 自己満足で埋めようとする愛。  〜グラデーションで考える〜,211779,62,自分は相手に依存してるんだってわかってるだけでだいぶ違うと思う。自分の気持ちをそのまま相手に伝える前に立ち止まって自分の中で整理する癖をつけたいと思います,@mm-w9e-g7y,2025-11-15T13:10:47Z,Ui7jIx_0sIU
【情緒的ネグレクト】親の“感情面への”無関心や関わりの薄さ。生きづらい子どもに多い、見えにくい精神的なネグレクトとは？,179891,62,私も数ヶ月前に、これ、情緒的ネグレクトだった！と気づいたとき、腑に落ちました。いい言葉だと思いました。<br>わが家も、物質的にはぬくぬくとしていた家庭だったので、<br>何か親に言われると、<br>自分がわるいんだな、と思うようちなったんだなー、と思っています。<br>今は父と絶縁し、母とも疎遠で、それだとほっとして、その方が気持ちがのびのびしてます😂<br>こんなこと思っていいのかな？と想いつつ、素直なきもちです。,@ハートファースト,2025-03-27T01:44:45Z,WN3RVQSf7l8
【自分軸と自分勝手の違い】わがままが気になる人へ。場面での対比を見て整理しよう,159398,62,・自分の選択が自己犠牲になっていないことが大事<br>・なっていても、納得感があればOK<br>・納得感がないと不満や被害者意識がでる←私はまさにこれでした<br><br>・自分の意思が人の不都合になること、期待や希望に沿わないことはあってもいい<br>・期待に応えなくてもいい<br>→理解できます<br>でも、理解できるのと実行できるのとは別なんです<br>期待に応えられないとき、罪悪感や劣等感を感じずにすむ方法や考え方があれば知りたいです。<br><br>また、私は「自分の要求を言うのはワガママだよな」とは思わないけど<br>「断ったら別の人に声かけるんだろう」「そしたら私には見向きもされなくなるかも」みたいな見捨てられ不安がものすごく強くあります<br>それに対してはどう対処したらいいんだろう…と思っています。,@hinata4866,2024-02-16T13:34:46Z,htWuimTJmlQ
【日常に残る心の影響】知らないで自分を否定したり、現実とのギャップを起こし続けていませんか？大事な自分を理解・受容・幸せへ。,83800,62,ずっと子供の頃の記憶があまりなくて、自分だけおかしいのかと思ってました。やっとその原因がわかったような気がしました。ありがとうございます,@sky-jb5id,2025-08-25T13:33:10Z,cNzvBWkhm3Y
【日常に残る心の影響】知らないで自分を否定したり、現実とのギャップを起こし続けていませんか？大事な自分を理解・受容・幸せへ。,83800,62,本人が辛いなら後遺症だけど、前向きに捉えればめちゃくちゃ長所だよね<br>鈍感で太々しい人よりも、色々気づける人のほうが好きです,@匂わせ地雷女,2025-08-23T14:03:43Z,cNzvBWkhm3Y
【人の力を拡大する人と縮小する人】自分自身との接し方・他者との接し方を見つめてみよう。力を縮小する人の背景は、そばにいた人の影響。,155676,61,力を奪う人の元で育って、ネガティブを撒き散らす人間になってたけど、力を与える人と長い間一緒にいたら、自分も人に力を与えられるようになりました！<br><br>人にパワーを与える人の近くには何かしらの対価を払ってでもいた方が、自分の変化につながりました。<br>見本を変えるというのが大切だと思いました。<br>周りに悪い見本しかいないのであれば、環境を変えて探しに行くのはめっちゃ大切。,@tt-vc5ll,2024-02-27T14:29:51Z,ZFr_SycknUk
【抱え込みすぎ】「私がやらなきゃ」「何でもできなきゃ」、気を使いまくり、自分が人や状況を操作したい→限界を超えて心が崩れる,664306,60,誰にも素を出せない心を開けない家でも外でも自分1人になる場所以外では常に猫を被る。そんな生活を幼い頃から続けてきたら、自分で自分を見失いました。,@律-k3t,2024-06-23T05:06:49Z,Gaps0b_VXIU
【日常に残る心の影響】知らないで自分を否定したり、現実とのギャップを起こし続けていませんか？大事な自分を理解・受容・幸せへ。,83800,60,すべてが当てはまります。後ろで誰か不機嫌な様子だと、その音を聞いて身体が緊張します。そのせいで肩や背中が張ったり、頭痛になります。人の足音を聞き分けられます。誰が近づいてくるのか足音でわかります。小さな身体のわたしは、いつもビクビクしていたし、楽しいと親の前ではしゃいだりしてはいけませんでした。だから、今でも楽しいと思う気持ちに早い段階でブレーキをかけてしまいます。小さなわたしは今でもこころの中で怯えて怖がっています。,@くまくま-b3s,2025-08-21T20:20:08Z,cNzvBWkhm3Y
【自立しすぎている人】頼れない、任せない、甘えられない。孤独と傷つきを抱え込んできた人,376235,59,自立している自分自身に依存するのは、他の誰かに依存するよりマシじゃないですか？<br>最初から1人なら立っていられるけど、1度誰かに依存したら多分もう1人じゃ立てない。<br>誰かに依存してその人を押し潰してしまうことも、その人を失うことも、1人になって立てなくなることも、全部無理なので誰にも依存したくない。<br>そして依存せずに程よく頼るバランス感が決定的に欠如している自覚があるので、それなら孤立してる方がマシ。<br>なんでもひとりで出来ると思ってないけど、ひとりでできないことは基本的に諦める。私には手の届かないところだと理解してるつもり。<br><br>でも人に圧を与えちゃってるのかなあ。そんなつもりはないんだけどなあ。,@aoi-mz2gp,2023-10-23T11:33:06Z,Rtfu2tdV6Ks
【回避傾向】自分を生きることから逃げる。失敗、責任、批判、恥、人を傷つける恐れなどを最優先にして人生が停滞する,103401,59,アダルトチルドレンも発達障害も境界知能もありますし、その上で回避も強いから、自分で人生を切り開けない感覚があって苦しいです…<br>外に出ることに不安で、社会に出て現実に向き合うことに恐怖を覚えます。崖に立っているようなイメージというか。<br><br>じっくりと自分と向き合えず、日々が過ぎ去るばかりで、自分を諦めてると思います。諦めたくないけど、現実を変える力がないと思ってます。20代で自分を大切に出来なかったことを悔やんでいるし、30になってもまだ自己を受容できずにいて、焦る気持ちばかりで何も進められていません。,@nya-co3171,2025-02-14T21:38:26Z,khgpg2jcUCE
【強い劣等感】落ち込みが止まらない、すぐ人と比較、頑張りすぎてしまう、自分を守るために攻撃・敏感になりやすい、理想やプライドが高くなる。,84076,59,数ヶ月前にきいさんの動画を見つけて、スキマ時間でも何度も視聴してました。<br><br>感情の起伏が激しく、少しの小さなストレスで過去の傷が広がってくような感じがして人が変わったように怒ったり悲しんだりしていました。<br><br>でも最近はお陰様で、人が当たり前に出来ることを出来なくてもいい、私はこのままでいいって思えるようになりました。<br><br>ありがとうございます。,@とるとる-p6s,2024-03-21T01:27:42Z,3BV7aU3Dl8w
【自己愛性パーソナリティタイプ】自分は特別・自分は悪くない・トンデモ行動。自己愛が強い人への対処と改善までご紹介。／ナルシスト、話を聞かない、押し付け、支配的,234791,58,私に当てはまってて泣いた<br>だから友達いないのか、、、,@キャオナシ-3043,2025-04-21T06:32:05Z,9ZqyqvABW_8
【自己愛性パーソナリティタイプ】自分は特別・自分は悪くない・トンデモ行動。自己愛が強い人への対処と改善までご紹介。／ナルシスト、話を聞かない、押し付け、支配的,234791,58,初めてコメントします。<br><br>父親がまさに自己愛性パーソナリティです。家族や親戚、周囲の人はずっと困らされてきました。大人になってから双極性障害になり、主治医から「父親とは接点を持ってはならない」と、言われました。<br>まさか「ドクターストップ」がかかるとは思っていませんでした。<br>親子なので「いつか分かってくれるかも」「いつか分かり合える」と思っていましたが、無理だと分かりました。<br><br>「距離を置く」なんて緩いものではなく、「断絶」するぐらいでないと、こちらが壊れると思います。,@sanako-02eva19,2024-11-02T14:39:45Z,9ZqyqvABW_8
【自己愛性パーソナリティタイプ】自分は特別・自分は悪くない・トンデモ行動。自己愛が強い人への対処と改善までご紹介。／ナルシスト、話を聞かない、押し付け、支配的,234791,58,"理由・背景は2,3が当てはまると思いました。自己愛の強い親に厳しく育てられました。子どもの頃はただ単に厳しいなと感じてつらかったですが、自分が大人になるにつれて、どんな事象でも自分の非を認めない親に「自己愛が強いんだな」と感じることで少し楽になった気がします。しかし出来上がった自己愛の強い自分には、未だに苦しめられています。",@sheep5271,2024-01-13T18:06:06Z,9ZqyqvABW_8
【人の力を拡大する人と縮小する人】自分自身との接し方・他者との接し方を見つめてみよう。力を縮小する人の背景は、そばにいた人の影響。,155676,58,人の力を拡大する人は、良い人なんだろうけど、疲れてポッキリ折れてしまいそうな危うさを感じます。<br>人の力を縮小する人は、嫌なヤツだけど、しぶとく生き残ってそう。,@sh-e1d,2024-03-13T07:49:11Z,ZFr_SycknUk
【回避傾向】自分を生きることから逃げる。失敗、責任、批判、恥、人を傷つける恐れなどを最優先にして人生が停滞する,103401,58,自覚はしてるけど改善できる気がしない...,@yy3674,2025-09-14T15:55:38Z,khgpg2jcUCE
【回避傾向】自分を生きることから逃げる。失敗、責任、批判、恥、人を傷つける恐れなどを最優先にして人生が停滞する,103401,58,こういう人はね1だけ動いて欲しい、0より1個進んだっていうのがミソなんです。誰も100は求めてない。,@m.y.y,2025-02-16T15:10:27Z,khgpg2jcUCE
【人に依存しすぎている人】自分に主導権がなくなっている・人に何かしてもらうことを求めすぎる人（自立しなさすぎている状態）,91609,58,私は30年間親に依存して、やっと独立しましたが、あまりにも慣れなくてうつになったりしてました。<br>でもどんどん自分の人生は自分が作っていくことに気づいたところで、この動画はとても役にたちます！ありがとうございます❤,@riri4821,2024-02-28T10:54:19Z,27c9_QRTctI
"【なぜか優しくできない,怒りが湧く】家族／恋人／子ども／近しい人にほどキツく強く当たってしまう心理",683700,57,20代前半で母を亡くしましたが、母がこのタイプでした。幼い頃から父、祖父母、職場の愚痴を聞かされて育ち、5歳の頃には知的と発達障害がある弟のことを守ってねと言われました。<br>母はまさに、職場や友人関係では良い人に見られていたので、葬儀には、会社関係の方が100人近く来てくれてました。それも母が全力で生きてきた証だと思うので嬉しかったです。<br>しかし、亡くなってから私も母のように家族にあたってしまう事が増えました。私も同じように幼少期に寂しい思いをしてきたんだと気づきました。悲しい事に負の連鎖は遺伝しますね。,@ringo1359,2025-08-29T12:28:31Z,FpcoL2PZ9zY
"【なぜか優しくできない,怒りが湧く】家族／恋人／子ども／近しい人にほどキツく強く当たってしまう心理",683700,57,いくつかのコメントに<br>「こんな自分でもできるのに、なぜお前はできないんだ」と思ってしまう<br>というものがあり、心から共感しました。<br>許せない気持ちになるんですよね。特に、自分が不調に陥っているときに、別にこれといった支障ないパートナーが、こんな私より家のことをきちんとしてくれていないときなど。<br>自分のやっているラインを高く設定することもできず。,@なぎさ-h8f,2025-08-22T14:20:46Z,FpcoL2PZ9zY
【自己愛性パーソナリティタイプ】自分は特別・自分は悪くない・トンデモ行動。自己愛が強い人への対処と改善までご紹介。／ナルシスト、話を聞かない、押し付け、支配的,234791,57,母がこれです。結婚するまで気付きませんでした。母に尽くしてきました。結婚してからは会うと体調を崩すようになり距離を置きましたが、周りの人、きょうだいなどにさも自分がいじめられてるように伝えて私がまわりから責められました。ずっとその後距離を置いてましたが、歳を取って寂しいからと甘えてくるようになり、可哀想に思ってまた近付くと、自分の思い通りにならないとキレる、怒鳴る、嘘をついたり人を操ろうとしてきて昔より酷くなっていました。気づいてほしかったけど一生無理だと分かり、とことん距離を置くことにしています。,@t8-kq9yv,2025-07-29T02:24:54Z,9ZqyqvABW_8
【情緒的ネグレクト】親の“感情面への”無関心や関わりの薄さ。生きづらい子どもに多い、見えにくい精神的なネグレクトとは？,179891,57,この動画親に送り付けたいくらい、痛いくらい同意する。<br>本当の私の事なんて見てない、あなたはこういう子でしょう？という理想像しか見てない<br>私の事なんも分かってないよね<br>不機嫌で私の感情コントロールしてたのも自覚ないんだろうな,@マイタケmushroom,2025-09-30T10:11:13Z,WN3RVQSf7l8
【人に依存しすぎている人】自分に主導権がなくなっている・人に何かしてもらうことを求めすぎる人（自立しなさすぎている状態）,91609,57,親が過干渉な家庭で育ちました。それに気づいたのは、大学生になってからです。今まで素敵な家族で大好きと思っていたが故に、今の人に依存しやすかったり些細なことでも1人で決断できない自分の原因が家族にあったと思うと、ある意味裏切られた気分や急な嫌悪感でいっぱいです、、、社会人になったのですが今は実家暮しで、物理的に距離を置くことができません。お金が溜まりしだい、一人暮らしをするつもりなのですがまだまだ道のりは長そうです🥲,@user-wt2fq4gi4r,2024-09-22T20:07:59Z,27c9_QRTctI
【自立しすぎている人】頼れない、任せない、甘えられない。孤独と傷つきを抱え込んできた人,376235,56,子供のころから、親は他の兄弟を溺愛して、私は親の愚痴聞き係でした。<br>結果的には、回りに頼れない性格になり、最後は頼られるばかりで自分が頼ろうとすると、向こうから逃げられます。もちろん親からは条件付きの愛情でしたよ。<br>ただ、身内だけならまだいいのですが、他人からも同じように利用される傾向なのを、大人になって感じたので、自分を守るために、他人を助けるのはひとまずやめています。,@モーニングサラダ,2023-10-21T08:31:50Z,Rtfu2tdV6Ks
"【なぜか優しくできない,怒りが湧く】家族／恋人／子ども／近しい人にほどキツく強く当たってしまう心理",683700,55,モラハラやDV夫の深層にはこれがあるのだと納得です。<br>対処法も是非お願いします❗️,@ばあばら-o8l,2025-08-19T02:15:33Z,FpcoL2PZ9zY
"【なぜか優しくできない,怒りが湧く】家族／恋人／子ども／近しい人にほどキツく強く当たってしまう心理",683700,55,自分と他人は別人であると先ず認識して欲しい。<br>相手にも感情があって思考があること。人は思い通りに動かせる物じゃないこと。<br>負の感情をぶつけられ続けた側は、いつか壊れてしまうこと。をわかって欲しい。,@yua101,2025-10-02T09:33:30Z,FpcoL2PZ9zY
すぐ臨戦体制になり食ってかかりやすい心の癖。人を敵に思いやすい「敵意帰属バイアス」② #心理学 #人間関係 #ストレス #教養,105721,55,思ったこと言っただけがほんとに、周りから見てデリカシーないときあるからなぁ笑,@apmdgt,2025-09-29T09:59:34Z,wsR2RjpGWDg
【回避傾向】自分を生きることから逃げる。失敗、責任、批判、恥、人を傷つける恐れなどを最優先にして人生が停滞する,103401,55,性格を成型する期間にそうしなければ、自分を守らなければ生きていけなかった環境に身を置いた結果が今のジレンマを生み出すのよね……,@星宮イチボ,2025-03-19T13:43:29Z,khgpg2jcUCE
【完璧主義】ひとり反省会・人生が変わらない・全てに神経を尖らせている→「自然な自分ではいけない。」という自己否定のサイン,182094,54,本当にこれ…🥹<br>もう辛すぎる完璧主義。<br>パート1日目、しょっぱなから1人でレジ→混雑→ほかスタッフさんお客様対応で分からないところ聞けない→客に急いでるんでと急かされる→レジミス→超自己嫌悪<br>で休みの次の日も引きずりまくってます…😭,@チーク-n5y,2023-12-22T10:09:57Z,a7x8US7Rwj4
【情緒的ネグレクト】親の“感情面への”無関心や関わりの薄さ。生きづらい子どもに多い、見えにくい精神的なネグレクトとは？,179891,54,幼少期の記憶があまり無いのはなぜだろうと思っていたのですが、今回の動画を見て腑に落ちました。両親の顔色をうかがったり学校では友達に嫌われないように必死で、しんどかったです。現在の人格はその頃に形成されてしまったと思います。,@mao4320,2025-03-27T15:16:05Z,WN3RVQSf7l8
【敵意帰属バイアス】自分を嫌っているんだと誤解・攻撃されたと誤解をしやすい。自己成長や対人関係の弊害。不信感。まずは傾向に気づくこと。,107541,54,職場の人は、能力のない私ともう働きたくないし、荷物だし、できることなら関わりたくないと思っていて、それを複数人と共有していると思う。私の帰ったあとにややぼやきのように悪口を言って共感し合ってると思う。<br>社会人2年目です。｢どうやって採用してもらったの？｣と女部長に言われてから常に緊張と不安でいっぱい。,@iro5295,2024-04-18T15:50:19Z,_uTgEER207c
【抱え込みすぎ】「私がやらなきゃ」「何でもできなきゃ」、気を使いまくり、自分が人や状況を操作したい→限界を超えて心が崩れる,664306,53,抱え込みすぎで大泣きは年に数回ややけくそ、1人になれば、私がいなくなれば…と考えてしまったりマイナスの側面や特徴に当てはまりすぎて…<br>コメントにも似たような方がいて少し安心です😭,@mizu9682,2024-01-31T18:38:43Z,Gaps0b_VXIU
【自己愛性パーソナリティタイプ】自分は特別・自分は悪くない・トンデモ行動。自己愛が強い人への対処と改善までご紹介。／ナルシスト、話を聞かない、押し付け、支配的,234791,53,ASD女性の方で自己愛さんの人を見たことがありますね。<br><br>物凄く自分にストイックなので努力家に見えるし能力も高そうに見えるのですが、とにかく自分よりも下の人間を馬鹿にして、間違いや失敗は全部他人や環境のせいだと言いふらして周ります。自分はこんなに頑張ってるんだ、私はこんなに凄いんだ、でも周りのせいで理解されない、と言うタイプでしたね。<br><br>被害妄想癖も凄く強くて、ストーカーされたとか、重い病気になっていて手術するだとか、実際はそんなことないのに、他人にかまって欲しくて平気でそんなことを言うので本当に困っています。イマジナリーフレンドが見えているとか言い出すので、正気なら統合失調症なんじゃないかと思いました。<br>ASD由来で辛い経験をしたせいなんだろうとは思いますが、言語理解性が低いのか、全然言っても理解してくれないし、基本人の話は聞かないので、もうどうにか助けるのは諦めました。,@拳さん-i1f,2024-01-25T01:12:05Z,9ZqyqvABW_8
【愛情と依存の違い】&quot;好き&quot;と混同しやすい&quot;依存&quot;の特徴とは？自分軸で与える愛と、他人軸 or 自己満足で埋めようとする愛。  〜グラデーションで考える〜,211779,53,「誰かが認め、愛してもらえる状態じゃないと私には価値がない」という考え方の癖を直さなくてはならないですね。<br>他人軸から自分軸へ生き方を変えるのは容易ではないですが、そもそもこの世に普遍的な価値や、<br>優劣、善悪なんてものは存在しないと理解できれば、おのずと生きることが楽になってくると思います。,@kskof,2025-02-28T05:53:48Z,Ui7jIx_0sIU
【アダルトチルドレン】克服の一歩は自己理解。心の平穏を取り戻すため自分に目を向け、心の声に耳を傾けよう。【AC】,151938,53,まとめの言葉で思わず涙してしまいました。,@t_haruka_f,2024-10-23T10:23:32Z,usIp41t_vo0
【認知の歪み】超身近な苦しくなる思考の癖。認知の歪みとは？10種類の例と改善に向けた対応,130279,53,失恋というか浮気されたことが最悪なことにトラウマになってしまい、大学を辞めるくらいに辛かったのですが、ぼのぼののアニメ映画で生き物に生まれてくる目的なんかないから、ただ見てれば良い。退屈になったらいろいろやってみればいいじゃないか。ってスナドリネコさんが言ってて、それでなんとなくハッとしました。認知の歪みがちょっと自然体に戻ったってことですかね。,@コクヨかパイロットか,2023-11-24T05:33:16Z,AxlcavvWwYk
【人に依存しすぎている人】自分に主導権がなくなっている・人に何かしてもらうことを求めすぎる人（自立しなさすぎている状態）,91609,53,支配的な人がそばにいると気分が悪くなります。ただそばに人がいないと不安だったりっていうことがあり、異性をそばに置きたくなってしまいます。女性に依存しているのかもしれません。心が弱いのかもしれませんね。,@sinthebxsx3810,2023-10-25T11:21:38Z,27c9_QRTctI
【自立しすぎている人】頼れない、任せない、甘えられない。孤独と傷つきを抱え込んできた人,376235,52,頼りたくても頼る人がいない、甘えたくても甘える相手がいない、1人でやりたくなくても誰もいない。<br>どーすればいいんですか？<br>改善対応策は他力を借りる、人を信じる、など全て相手あってのことですよね。その相手がいない場合はどうしたら…,@Mm-um7qv,2023-10-23T14:20:44Z,Rtfu2tdV6Ks
【自立しすぎている人】頼れない、任せない、甘えられない。孤独と傷つきを抱え込んできた人,376235,52,まさに自分だと思いました。うつ病になってしまい初めてその事に気付かされ、できたことができなくなってもなおプライドを保とうとしてしまうのが嫌だったりもします。,@sinthebxsx3810,2023-10-18T11:07:27Z,Rtfu2tdV6Ks
【自分軸と自分勝手の違い】わがままが気になる人へ。場面での対比を見て整理しよう,159398,52,今まで当たり前に他人軸で生きてたような人は、むしろ自分勝手になろうとするくらいじゃないと自分軸になれない気がする,@user-qg3xk2xy1t,2024-07-08T04:17:42Z,htWuimTJmlQ
【敵意帰属バイアス】自分を嫌っているんだと誤解・攻撃されたと誤解をしやすい。自己成長や対人関係の弊害。不信感。まずは傾向に気づくこと。,107541,52,B強めの対人恐怖症です。<br>人とすれ違ったりするだけでも、イライラと自己嫌悪を繰り返して苦しいです。,@ブロッサム-j6i,2024-04-11T16:15:01Z,_uTgEER207c
【愛情と依存の違い】&quot;好き&quot;と混同しやすい&quot;依存&quot;の特徴とは？自分軸で与える愛と、他人軸 or 自己満足で埋めようとする愛。  〜グラデーションで考える〜,211779,51,まさに今ある方に依存しており、仕事に行けない程に心を病んでしまいました。いつもかけてくれた言葉が突然消え、それで気にしすぎて、満たされなくて、鬱になりました。,@dragonsummoner11,2025-03-11T11:25:26Z,Ui7jIx_0sIU
【愛情と依存の違い】&quot;好き&quot;と混同しやすい&quot;依存&quot;の特徴とは？自分軸で与える愛と、他人軸 or 自己満足で埋めようとする愛。  〜グラデーションで考える〜,211779,51,本題とは関係ありませんけど、お部屋が緑でいっぱいで間接照明もステキ。<br>こういう部屋でカチャカチャとキーボードを打って、紅茶を飲んでみたいなぁ。憧れます。,@x1cs,2025-02-23T02:06:25Z,Ui7jIx_0sIU
【アダルトチルドレン】克服の一歩は自己理解。心の平穏を取り戻すため自分に目を向け、心の声に耳を傾けよう。【AC】,151938,51,自分に感謝<br>自分を尊敬<br>自分に愛を,@沢矢勇,2024-10-26T00:28:06Z,usIp41t_vo0
【自立しすぎている人】頼れない、任せない、甘えられない。孤独と傷つきを抱え込んできた人,376235,50,"“自立のし過ぎ（超自立：hyper-independence）”は、対人コミュニケーション・恋愛・夫婦関係等に関わるお悩みでよくある心理テーマです。<br>ソロライフや一人行動を自発的に楽しんでいる方へ突っかかっているわけではありません。<br>🌱『自立と自立しすぎの違い』<a href=""https://www.youtube.com/watch?v=_XQnBLQ5jFw"">https://youtu.be/_XQnBLQ5jFw</a><br><br>●コメントは全て読んでいます。<br>●届き方というのは色々だと思いますが、動画の内容が自己理解を深める気づきや、前向きな未来への参考になりましたら幸いです。<br>●概要欄に書いております通り、他の方へのアドバイスにあたるコメントは削除させていただきます（見渡せる限りはこの方針です）ご了承ください。<br>●女性に限定した発信ではありません。",@kiitanuma,2023-10-19T11:23:25Z,Rtfu2tdV6Ks
【情緒的ネグレクト】親の“感情面への”無関心や関わりの薄さ。生きづらい子どもに多い、見えにくい精神的なネグレクトとは？,179891,50,自分のことも人のことも信じないスタンスで生きているけど、将来恋人や家族ができたときにそれではやっていけないよな〜と不安になる,@レッサーパンダって言うな,2025-04-04T12:14:57Z,WN3RVQSf7l8
【情緒的ネグレクト】親の“感情面への”無関心や関わりの薄さ。生きづらい子どもに多い、見えにくい精神的なネグレクトとは？,179891,50,共感能力の欠如、というのは　あとから獲得できないものなんでしょうかね・・<br>母親90歳　何も変わってない<br>あれしてやったこれしてやった、不満を言う方がおかしい、って言われてきましたが<br>いつも寂しくて苦しくて辛かったんですよ・・,@cnimura3550,2025-08-14T09:54:48Z,WN3RVQSf7l8
"【なぜか優しくできない,怒りが湧く】家族／恋人／子ども／近しい人にほどキツく強く当たってしまう心理",683700,49,私の父がこれです。ネグレクトされて育ったそうです。<br>ですが、父は家族に永遠とキツく当たってきたため、私達は父と関係を切りました。私は自分を守るために、自分がこれ以上傷付かないために関係を切りました。<br>父と離れてからすごく気持ちも安定したし、ポジティブになりました。父の痛みも理解はしますが、それでもあの暴言や批判、嫌味、溜め息など、どうしても受け止められないし受け止めようとすると私が壊れてしまいます。父自身が治療するなどして自分と向き合ってくれたらまた近づけるかもしれませんが、そうでなければ二度と関わることはないでしょう。私だって仲良くしたかったです。“お父さん”という言葉を温かい言葉だと思えるようになりたかった。,@bicolor-13,2025-09-22T09:31:46Z,FpcoL2PZ9zY
【自立しすぎている人】頼れない、任せない、甘えられない。孤独と傷つきを抱え込んできた人,376235,49,オススメに出てきて見てみると<br>自立しすぎていると思っていなかったけど共感出来る所が多いです…<br>何故か涙が出てきました😢,@KSY06655,2023-10-25T08:27:10Z,Rtfu2tdV6Ks
【自己愛性パーソナリティタイプ】自分は特別・自分は悪くない・トンデモ行動。自己愛が強い人への対処と改善までご紹介。／ナルシスト、話を聞かない、押し付け、支配的,234791,49,自分が自己愛性の傾向が強いです（精神科医に人格障害は否定されています）<br>「とにかく自己愛さんから距離を取って！」な記事ばかりで、どうやって改善していけばいいかわからずでした。<br><br>本動画では原因や改善法があってとてもよかったです。,@mh-eh8fi,2024-05-02T14:03:56Z,9ZqyqvABW_8
【完璧主義】ひとり反省会・人生が変わらない・全てに神経を尖らせている→「自然な自分ではいけない。」という自己否定のサイン,182094,49,管理職になって、いつのまにか自分のためだったはずの完璧主義が、消極的な完璧主義に変化、拍車がかかって、苦しくてたまりません。後輩の模範にならなければと誰が監視しているわけでもないのに自分で自分を追い込んで…もう潰れそう。でもそんな風になっている状況、完璧じゃない自分を見せるのも辛くて、、鬱手前をなんとか踏ん張ってる…ほんとだよな、失敗しても死ぬ訳じゃないに。。でも自分にとっては死に匹敵するぐらい怖い。。,@torave,2024-02-12T23:15:00Z,a7x8US7Rwj4
【選ぶ権利がある】近くにいる方がいい人と、遠ざける方がいい人【割合と頻度を見てね】,256269,48,相手の愚痴は聞く方なんだけど、ずっと同じような愚痴言ってる人は結局疎遠になりましたね。この動画見て気づいたんですが、耐えること＝努力と思っているような人でした。,@yona9897,2023-11-24T04:36:44Z,7tTBN-Ul_Pg
【選ぶ権利がある】近くにいる方がいい人と、遠ざける方がいい人【割合と頻度を見てね】,256269,48,悪口と愚痴が一緒の認識でおりました！ずっと愚痴が言える環境に身を置いて居なかったので、この動画を見て腑に落ちました!!ありがとございました！たくさんの人に見てほしいなと思います。,@jyunkuramu636,2023-10-21T00:23:33Z,7tTBN-Ul_Pg
【自分軸と自分勝手の違い】わがままが気になる人へ。場面での対比を見て整理しよう,159398,48,担当の決まってない仕事を自分ばかりやってるとか、みんなで取り組んでる風だけど細かいところは自分ばかりやってるとか…そういうのめちゃくちゃありました😂<br>｢私がやらなきゃだれがやるの！？誰もやらないじゃん！｣と思ってやってしまってたけど、これは｢仕事は○日前には余裕を持って終わらせておくべき｣｢仕事は責任を持って、完全にミスなくやり遂げるべき｣｢受けた仕事は即実行すべき｣とか…クソがつくほど真面目な社会人像という他人軸を傘に着て、自己中をかましてたんだろうなぁと気づきました…。<br>周りは別にサボり魔とかじゃなく、私とは違う価値観だから｢後でやろう｣とか｢これくらいで終われせていいよね｣と思ってたりするということを、当たり前なのに気付けてませんでした。完全に押し付け💧<br><br>それから同じような経験をしてる人達にお伝えしたいのが、1度ぜーーんぶやめてしまって手放したら意外と上手くいくということです☺️✨<br>魔法とかじゃなく｢周りは何もしてくれない｣と思って早々諦めてただけで、結構上手く回るんですよね。<br>最初は信じ難いし難しくて苦しかったけど、何より楽なので！！！<br>しんどいならダメ元でも今までと違うやり方を試してみるのも良いと思いますよ！,@rprp_1111,2024-03-18T10:39:50Z,htWuimTJmlQ
【アダルトチルドレン】克服の一歩は自己理解。心の平穏を取り戻すため自分に目を向け、心の声に耳を傾けよう。【AC】,151938,48,やりたくて始めた事が義務化していく、評価が無いと無駄でどうせ上手くいかない<br>ってなるの本当にそう。何も楽しくない,@ヘムヘム-r8d,2025-05-14T16:33:47Z,usIp41t_vo0
【投影】他人(外側)に自分の感情・欲求や過去を映し出す。＝自分流に解釈している。人間関係や自己理解のために「投影」をチェックしてみましょう,121833,48,普段から親しい人以外には愚痴や不平不満はこぼさないように抑えてます。なので職場などでなんの躊躇もなく悪口やぶっちゃけトークをする人に嫌悪を抱いてました。ストレスの原因は投影だったのですね😢あんまり自分を抑えすぎないようにしたいと思います😊💗,@ほのぼの-h7u,2024-06-23T12:05:09Z,4StA-DDlEfk
【回避傾向】自分を生きることから逃げる。失敗、責任、批判、恥、人を傷つける恐れなどを最優先にして人生が停滞する,103401,48,人間はみんな不完全な生き物なんだから失敗して当然なんだけどね。頭では分かっても不完全だから不完全さを認めにくいんだろうね。<br>自分を大切にするってとても深い自己理解がいると思う,@ひろりんち,2025-02-06T01:57:18Z,khgpg2jcUCE
【日常に残る心の影響】知らないで自分を否定したり、現実とのギャップを起こし続けていませんか？大事な自分を理解・受容・幸せへ。,83800,48,ほぼ当てはまりました。私の思いはどれだけ説明しても採用されないから、感覚や感情は消してきました😢話しても親の正解以外は否定されるし、怒られる前提、観察され否定されるのが当たり前だから、通りすがりの視線も否定的な目なんだと思い込んでました。<br>でも、親以上に厳しい人は逆に言えばいません😂自分に注目するのは身内だからであり、他人は関心が薄いからです。まともな人に出会えたら少しずつ厳しい人もいるけど、優しい人も絶対にいるんだと分かりました😊<br>やっと自分のことを考えて生きて良いんだと嬉しいです。,@むぎむぎむぎ通信,2025-08-21T17:03:09Z,cNzvBWkhm3Y
"【なぜか優しくできない,怒りが湧く】家族／恋人／子ども／近しい人にほどキツく強く当たってしまう心理",683700,47,自分の彼女がそんな感じです。<br>本人は自分といることで癒されたり気分転換できたり愚痴ったりしてエネルギーを補充してるんだろうけど、そのエネルギーを会社の中で良い人を演じたり愛想良くしたりして他で使ってきて、また自分でエネルギーを補って…を繰り返されるとキツすぎる。<br>自分だけ枯渇していく感覚があります。,@yukyuka7he,2025-12-03T00:15:17Z,FpcoL2PZ9zY
【自己愛性パーソナリティタイプ】自分は特別・自分は悪くない・トンデモ行動。自己愛が強い人への対処と改善までご紹介。／ナルシスト、話を聞かない、押し付け、支配的,234791,47,主人に全て当てはまっていてびっくりしました。普通はそんな事で怒らないでしょって所で憤慨。疲れます。理解していく糸口になりました。,@ちい-f2d5c,2024-01-13T11:13:24Z,9ZqyqvABW_8
【自己愛性パーソナリティタイプ】自分は特別・自分は悪くない・トンデモ行動。自己愛が強い人への対処と改善までご紹介。／ナルシスト、話を聞かない、押し付け、支配的,234791,47,亡くなった母がほとんどあてはまります。<br>闘病の負担も相まって年々ひどくなり、他界したあとは肩の荷が降りました。もう怒鳴り声で目覚めなくていいのは幸福です。<br>当時は全く相手にしないことで自分を守りましたが、苦しんでいる時にこの動画を見ていたら、もっと楽になったかもしれません。<br>母は知識はあったはずですが（他者を自己愛さんだと発言してました）自覚には一切至りませんでした。この動画を自発的に覗き自覚まで至った方は十分立派です。<br>今も解放されていない方や、自覚を持ち苦しむ方が少しでも楽になることをお祈りしています。,@佐佐貫,2024-03-12T14:19:53Z,9ZqyqvABW_8
【情緒的ネグレクト】親の“感情面への”無関心や関わりの薄さ。生きづらい子どもに多い、見えにくい精神的なネグレクトとは？,179891,47,「よく命を続けてきましたね」の一言に泣けました。この言葉を自分に言い続けながらこれからを生きたいと思います。,@atukonoda6947,2025-09-18T08:27:08Z,WN3RVQSf7l8
【アダルトチルドレン】克服の一歩は自己理解。心の平穏を取り戻すため自分に目を向け、心の声に耳を傾けよう。【AC】,151938,47,&quot;adult&quot; children of alcoholic<br>大人(アルコール依存症の親を持つ)<br><br>というのが語源なんですよね<br>だから子供っぽいとか大人になりきれないというニュアンスはそもそもない<br><br>アダルトチルドレンという呼び方が誤解や偏見を生む大きな要因の一つだと思います,@t5kkomura,2025-03-18T14:32:39Z,usIp41t_vo0
【回避傾向】自分を生きることから逃げる。失敗、責任、批判、恥、人を傷つける恐れなどを最優先にして人生が停滞する,103401,47,自分のことが許せないし、自分のこと信用してないし、認めてもないって、自分が1番自分を傷つけてる<br>他人から傷つけられるのを避けるためでこれは自己防衛。けど辛い,@たかつき,2025-02-06T06:39:42Z,khgpg2jcUCE
【回避傾向】自分を生きることから逃げる。失敗、責任、批判、恥、人を傷つける恐れなどを最優先にして人生が停滞する,103401,47,ADHDの回避癖とはメカニズムが違うんですね。<br>・優先順位のつけられなさ<br>・目の前に現れることに飛びつく衝動性<br>・飽きやすさ、気の多さ<br>・すぐ忘れさってしまう<br>・興味ないことに気が全く向かない<br><br>これ脳特性なのでほんとに一生困ります。。,@omochanotsuki,2025-02-06T06:38:51Z,khgpg2jcUCE
【強い劣等感】落ち込みが止まらない、すぐ人と比較、頑張りすぎてしまう、自分を守るために攻撃・敏感になりやすい、理想やプライドが高くなる。,84076,47,「部分」であって「全部」ではない。それが心に残りました。,@ruisei-涙星,2024-03-21T18:24:44Z,3BV7aU3Dl8w
【自立しすぎている人】頼れない、任せない、甘えられない。孤独と傷つきを抱え込んできた人,376235,46,同じ人間が多くて安心するコメント欄,@なち子-o7y,2024-04-09T15:44:16Z,Rtfu2tdV6Ks
【自立しすぎている人】頼れない、任せない、甘えられない。孤独と傷つきを抱え込んできた人,376235,46,泣くな、怒るな、反論するなを幼少期から往復ビンタと蹴りで父に躾られたから甘えるだとか頼るだとか分からないし、母は逆にヒステリックに泣いて私に毎回愚痴りまくる。だから安心する経験もない。ずっと緊張しながらしっかり真面目に生きてきてしまったなぁ,@0hin-renge,2023-10-24T05:45:05Z,Rtfu2tdV6Ks
【自立しすぎている人】頼れない、任せない、甘えられない。孤独と傷つきを抱え込んできた人,376235,46,抱えている困難を他人に共有できなくて「融通の効かない人」認定されることと、コントロール欲求が強いことの2点が特に刺さりました…ほかにもいろいろ動画内で触れられていたので、何回も見ようと思います。,@8時間睡眠-l2w,2023-10-27T03:49:40Z,Rtfu2tdV6Ks
【選ぶ権利がある】近くにいる方がいい人と、遠ざける方がいい人【割合と頻度を見てね】,256269,46,私にとっての『近くにいた方がいい人』から見て、私自身が『遠ざかった方がいい人』になってしまわないように気をつけたいものですね。,@38虹色鯨,2024-03-15T10:13:04Z,7tTBN-Ul_Pg
【自己愛性パーソナリティタイプ】自分は特別・自分は悪くない・トンデモ行動。自己愛が強い人への対処と改善までご紹介。／ナルシスト、話を聞かない、押し付け、支配的,234791,46,甘やかされて育ったタイプの女の子が後輩にいましたが、めちゃくちゃ大変でしたね、<br>上司がわたしに今日は話しかけてくれないとか、、仕事の仕方を注意したらいじめられてるって言ったり、、<br>わたしは話しかけないけど、周りの人がわたしに気を遣って話しかけてくるべきって思ってる人もいたな。。<br>自分のこと、お姫様だと本気で信じているのかなってね,@amtpad-n6w,2024-01-13T16:58:06Z,9ZqyqvABW_8
【自己愛性パーソナリティタイプ】自分は特別・自分は悪くない・トンデモ行動。自己愛が強い人への対処と改善までご紹介。／ナルシスト、話を聞かない、押し付け、支配的,234791,46,妻がまったくこれに該当します。「わたしは自分軸で生きている」と思ってしまっているので、言動が周囲を不快にしている自覚すらないようです。<br>一番近いパートナーがそういう人なので、本当に心が疲弊し、こちらが鬱になりました。人を見る目って大事です。,@ゼクスデザイン,2024-03-11T06:24:27Z,9ZqyqvABW_8
【愛情と依存の違い】&quot;好き&quot;と混同しやすい&quot;依存&quot;の特徴とは？自分軸で与える愛と、他人軸 or 自己満足で埋めようとする愛。  〜グラデーションで考える〜,211779,46,小さなことにイライラしたり人の事で頭がいっぱいになるのがまさか依存だったとは…    まさに今の私です💦<br>思ってた以上に依存の割合が高い方に当てはまるので、自分との向き合う良いきっかけをもらえました🥲✨,@saom_599,2025-02-19T16:49:11Z,Ui7jIx_0sIU
【情緒的ネグレクト】親の“感情面への”無関心や関わりの薄さ。生きづらい子どもに多い、見えにくい精神的なネグレクトとは？,179891,46,学校や塾に突っ込めばマトモで成績が良い子になると思って育てられた気がする。電子レンジでチンすれば美味しいものができるはずでしょ…ってノリや発想。<br>辛いときに追い詰めてくる事もあった。子供の面倒な所は向き合えない親だったと思います。,@チュパカブラ進行,2025-04-27T12:24:17Z,WN3RVQSf7l8
【自分軸と自分勝手の違い】わがままが気になる人へ。場面での対比を見て整理しよう,159398,46,NOが言えるようになりました。<br>「意見が違うということで終わりにしましょう。」と伝えたら相手が受け入れました。<br>私としては咄嗟に最善の行動がよく取れたなと思う一方で罪悪感なのかモヤッとする気持ちもあります。<br>ここを掘り下げて自分をもっと理解するためにこの動画に出会えたのかもしれません。<br>＞断れる　は自己管理が出来る事<br>の言葉に救われる自分がいます。<br>ありがとうございました。,@SO-vj3qz,2024-03-16T02:39:39Z,htWuimTJmlQ
【投影】他人(外側)に自分の感情・欲求や過去を映し出す。＝自分流に解釈している。人間関係や自己理解のために「投影」をチェックしてみましょう,121833,46,これほど科学的に論理的に解説されているのにスピリチュアルに受け取る人間の多さに恐怖を覚えた。,@小学5年生-g6u,2024-06-24T02:32:33Z,4StA-DDlEfk
【敵意帰属バイアス】自分を嫌っているんだと誤解・攻撃されたと誤解をしやすい。自己成長や対人関係の弊害。不信感。まずは傾向に気づくこと。,107541,46,人が怖いです。嫌われていると思います。敵意とまではと思っていましたが、舐められてると思っています。能力が無いから馬鹿にされていると思います。<br>自己評価なんてありません。褒められると裏があると考えています。,@yokomaeda474,2024-04-11T11:28:39Z,_uTgEER207c
【抱え込みすぎ】「私がやらなきゃ」「何でもできなきゃ」、気を使いまくり、自分が人や状況を操作したい→限界を超えて心が崩れる,664306,45,親とか友達から相談したら駄目みたいなこと言われたことないし、面倒くさいみたいな雰囲気醸し出されたことあるわけでもないのに、なぜか相談するのが苦手すぎる<br>別に責任感強いわけじゃないのにな、なんでだろ,@のほと,2024-04-07T04:11:27Z,Gaps0b_VXIU
【情緒的ネグレクト】親の“感情面への”無関心や関わりの薄さ。生きづらい子どもに多い、見えにくい精神的なネグレクトとは？,179891,45,いつもいつも居心地が悪くて自分だけが浮いているような感覚<br>役に立てていない感覚、居辛さがありました<br>まさに当てはまってます<br>よく生きてきたなあ,@Y太郎-x7m,2025-04-03T10:06:03Z,WN3RVQSf7l8
"【なぜか優しくできない,怒りが湧く】家族／恋人／子ども／近しい人にほどキツく強く当たってしまう心理",683700,44,私の父だ。家族を管理　監視　話を聞かない、少しでも逆らうと逆ギレ。自分からは　関わらないようにしている,@nao70hana,2025-08-09T02:17:41Z,FpcoL2PZ9zY
【抱え込みすぎ】「私がやらなきゃ」「何でもできなきゃ」、気を使いまくり、自分が人や状況を操作したい→限界を超えて心が崩れる,664306,44,迷惑かけるのが嫌<br>負けるのが嫌い<br>心配されるのも嫌<br>みんなに忘られたい<br>っていうタイプですが、<br>失うものがないのである意味楽です,@taji1678,2024-09-30T11:29:41Z,Gaps0b_VXIU
【抱え込みすぎ】「私がやらなきゃ」「何でもできなきゃ」、気を使いまくり、自分が人や状況を操作したい→限界を超えて心が崩れる,664306,44,自分は他人優先では無い気がします。<br>自分の無能を突きつけられて傷つきたくないから頑張るし、他人のせいでしんどいのは嫌なので「あー搾取されてんなー」と思うと関係を切ります。嫌なことは断るし、それをあとから後悔することもあまりありません。<br>ただ、悩みを相談するのって大抵の場合親しい人や心理士さん、精神科や心療内科のお医者さんで、そういう人たちはみんな自分に優しくしてくれるから「本当の自分を知ったらもう優しくしてくれないんじゃないか。表向きは今まで通りでも、内心ドン引きしてるんじゃないか」と思って悩みは誰にも相談できず全て抱え込んでしまいます。,@te_water,2024-06-26T18:19:15Z,Gaps0b_VXIU
【アダルトチルドレン】克服の一歩は自己理解。心の平穏を取り戻すため自分に目を向け、心の声に耳を傾けよう。【AC】,151938,44,希死念慮を抱いていた自分、<br>「よく命を続けてきたね」というところで涙しました...,@GO.TO.YUKICHI-LAND,2024-10-24T00:42:29Z,usIp41t_vo0
【アダルトチルドレン】克服の一歩は自己理解。心の平穏を取り戻すため自分に目を向け、心の声に耳を傾けよう。【AC】,151938,44,だいぶかかりましたが、責めるのではなく次こうしよう！ができるようになり嬉しい今日この頃です。これからもゆるっと生きます😊,@とんとんとんこ,2024-10-23T13:41:42Z,usIp41t_vo0
【人に依存しすぎている人】自分に主導権がなくなっている・人に何かしてもらうことを求めすぎる人（自立しなさすぎている状態）,91609,44,アラサーの男ですが、かなり当てはまっていると思います。<br>自分の依存的な性格に向き合わなかったせいで、ものすごく人目を気にする人間になりました。(視線恐怖症のレベルにまで)<br>個人の心理的な問題は必ず原因があるから結果・問題が出てくるんですね…<br><br>ものすごくキツイ人生になってしまいました。<br>正直とても恥ずかしいです。<br>平均的な同世代よりかなり劣った人生になりましたが、これから改善出来ることを頑張りたいと思います💪,@Donguribatinojo,2024-02-12T02:59:39Z,27c9_QRTctI
【自立しすぎている人】頼れない、任せない、甘えられない。孤独と傷つきを抱え込んできた人,376235,43,"<a href=""https://www.youtube.com/watch?v=Rtfu2tdV6Ks&amp;t=120"">2:00</a> 人に頼らないのではなく、人に任せてよかった試しがないという経験則からの帰納的推論で頼るという選択肢を排除しただけだと思う。",@くまみみ-v5o,2025-01-23T19:52:52Z,Rtfu2tdV6Ks
【自立しすぎている人】頼れない、任せない、甘えられない。孤独と傷つきを抱え込んできた人,376235,43,全て当てはまりすぎて共感しまくりです。<br>小さい頃からそう育ってきて、今更誰にも頼れない自分がいます。<br>周りが自分のイメージを勝手に決めがちなのでそれに合わせるように生きてきました。<br>正直疲れました。,@Shiragami_mashiro,2023-11-05T14:00:09Z,Rtfu2tdV6Ks
【自己愛性パーソナリティタイプ】自分は特別・自分は悪くない・トンデモ行動。自己愛が強い人への対処と改善までご紹介。／ナルシスト、話を聞かない、押し付け、支配的,234791,43,パワハラ上司はみんなこれ<br>しかも教員にホントに多い<br>勘違いしてる<br>無理,@pon4483,2025-06-17T14:51:27Z,9ZqyqvABW_8
【情緒的ネグレクト】親の“感情面への”無関心や関わりの薄さ。生きづらい子どもに多い、見えにくい精神的なネグレクトとは？,179891,43,小さい時の自分の心の苦しさ（自分が喋ったらそれが変だとか思われたらどうしようとか思っていて感想とか気持ちを口に出来なかった）を思い出しました。のびのび育ったという言葉が羨ましくて仕方がありません😂<br>物理的には不自由なく育ててもらいました。まさに当てはまるなーと思います😂,@y.o-o2m,2025-03-26T22:57:57Z,WN3RVQSf7l8
【アダルトチルドレン】克服の一歩は自己理解。心の平穏を取り戻すため自分に目を向け、心の声に耳を傾けよう。【AC】,151938,43,あくまでも自分に対して思うことですが…<br><br>もう生育環境のせいにしてる年齢じゃないでしょとか、実家を離れて数年経って自分の生活をしてるでしょとか思うんです。<br><br>けど、家族の存在や目を気にしてしまうし、近くには住んでいるから自分優先に生活出来なかったりもします。<br><br>仕事でも、決められない、人の目が気になる、頼れない……事柄が変わっても同じ理由で うまくいかないことが多いです。<br><br>やりたい事だと思ってやっても、なんだか段々疲れてしまって、結局実はやりたい事ではなかった（承認欲求が故にやった）みたいな事も沢山ありましたし、あります。<br><br>自分らしく生きなさいと言われても、今までの自分が自分らしさだから、じゃあ自分って何？って思うと空っぽに感じます。<br><br>今日の投稿をみて、そんなことを繰り返している自分もまた、許してあげても良いんじゃないかと少し思えました。<br>ぐるぐる同じところを回っているけど、螺旋の様に少しでもあがっていければ良いなと思います。<br><br>なんだか感情が溢れ出してばぁーっと書いてしまいました。<br>いつも投稿に癒されています。😊ありがとうございます。,@hachimaru-x6t,2024-10-26T18:24:58Z,usIp41t_vo0
【アダルトチルドレン】克服の一歩は自己理解。心の平穏を取り戻すため自分に目を向け、心の声に耳を傾けよう。【AC】,151938,43,"<a href=""https://www.youtube.com/watch?v=usIp41t_vo0&amp;t=992"">16:32</a> 『責任』という言葉がとても恐ろしいと感じてしまいます<br>この言葉を聞くだけで身体が硬直して呼吸が浅くなる感覚<br>涙まで出そうになります<br>でもこちらの動画で『対応する』という言葉を使われているのを見て少し気持ちが楽になりました<br>やることは同じでも言葉ひとつで受け取る印象がこうも変わるなんて…<br>ありがとうございます<br>自分自身に対応していきたいと思います",@ohaoha9,2024-11-07T13:40:57Z,usIp41t_vo0
【日常に残る心の影響】知らないで自分を否定したり、現実とのギャップを起こし続けていませんか？大事な自分を理解・受容・幸せへ。,83800,43,本当に全て当てはまってしまった。<br>ずっと封印してるしずっと逃げてきた。<br><br>少しずつ自分のやりたいようにやっているけど、他人が関わる事だと結果が絶対報われないから、単独行動に逃げてしまうのも本当に嫌。<br><br>負のスパイラル状態です。<br>いつか抜けられたら…そう思い続けてもう人生折り返しです。,@1nvillage,2025-08-21T21:32:35Z,cNzvBWkhm3Y
【自立しすぎている人】頼れない、任せない、甘えられない。孤独と傷つきを抱え込んできた人,376235,42,こういう自分を直そうと勇気をもって頼ると「甘えるな」「いい大人がそんな弱音吐いちゃダメ」と言われる。<br>そして結局元の木阿弥。,@さいジュン,2023-10-30T00:42:23Z,Rtfu2tdV6Ks
【情緒的ネグレクト】親の“感情面への”無関心や関わりの薄さ。生きづらい子どもに多い、見えにくい精神的なネグレクトとは？,179891,42,DVやモラハラもある家庭で育ちましたが、情緒的ネグレクトのほうがずっと影響している気がします。最近、アダルトチルドレン関連の本を読んで、昔を思い出して落ち込んでいたので、きぃさんの優しい語りが心に染みました。ありがとうございました。,@ぼたんrf,2025-03-26T21:07:43Z,WN3RVQSf7l8
【情緒的ネグレクト】親の“感情面への”無関心や関わりの薄さ。生きづらい子どもに多い、見えにくい精神的なネグレクトとは？,179891,42,セルフネグレクトは結構強いなと再確認しました。<br>苦しかったのは、風邪引いて寝てると、いつまで風邪引いてるんだ、またなのか？と邪険にされるので、不調を隠すようになったこと。<br>今でも痛みを我慢する癖とか体の不調に気付かないというか問題視しないところがあります。<br>結果不健康になってます。。<br>それだけが原因ではないとは思っているのですが,@nya-co3171,2025-03-26T20:56:25Z,WN3RVQSf7l8
【日常に残る心の影響】知らないで自分を否定したり、現実とのギャップを起こし続けていませんか？大事な自分を理解・受容・幸せへ。,83800,42,実家と縁を切って十年以上経つし、親を言い訳にしない、負けるものかと思って生きてきたけど、悉く当て嵌まって辛い。<br>未だに何かを選択する時は『母の意に添いそうなものか』『母が否定する要素＝付け入る隙がないか』が基準になっていて、自分の好みや本当に欲しいものも分からない。<br>大きな音が苦手なのもそうだし、誰も注目なんてしないと思っていても、歩いてて対向車が来るだけでも緊張する。<br>人の気持ちの全てを分かるとは思わないけど、欲しがってる言葉やして欲しい事はなんとなく分かるから、無意識にそれを差し出してしまって、こっちも一杯一杯なのに寄り掛かられて依存される。<br>端的に纏められないのはご覧の通り。<br>多分生涯これと向き合い続けなきゃならないんだろうなと思うし、人生掛けても抜け出せるか分からない問題なんだろうなと思うけど、考え過ぎると動けなくなってしまうから、自分の興味が持てそうなものを少しずつ探してます。<br>悩みに悩んで辿り着いた考えだけど、もっと昔にこんな動画があればなあ。,@AAA-mr1nr,2025-09-09T07:47:53Z,cNzvBWkhm3Y
【日常に残る心の影響】知らないで自分を否定したり、現実とのギャップを起こし続けていませんか？大事な自分を理解・受容・幸せへ。,83800,42,アルバイトの面接に行った時にフリーターであることを「なんにもやってないんですね」と言われたり 応募時の情報と全然違うことを言われたので「お手伝い感覚で大丈夫と書いていたので来たのですが...？」と聞くと「そうなんですねー」と言われてしまいました。<br>結局柔軟に対応出来ない自分が悪いんだと思い今も自分を否定し続けてしまいます。こうやって気にし続けてる部分も他人からしたら面倒くさいですよね。もうどうしようもないです。,@mi-ke8eu,2025-08-21T11:18:45Z,cNzvBWkhm3Y
【自立しすぎている人】頼れない、任せない、甘えられない。孤独と傷つきを抱え込んできた人,376235,41,まさに自分でした。<br>甘えていいよとか頼ってねってありがたい言葉を掛けてくれるけど、まさにやり方がまったくわからない。甘えるって何？<br><br>基本いつもニコニコして絶対に弱味も見せないし、何でも自分一人で解決してきたし今更頼り方もわからない。<br>強く見られるけど、でも裏では死にたくなるくらい辛い…,@LuLu1028t,2023-10-27T07:43:51Z,Rtfu2tdV6Ks
【選ぶ権利がある】近くにいる方がいい人と、遠ざける方がいい人【割合と頻度を見てね】,256269,41,「友達100人」は呪い。www😆確かに、そんなことに頑張らなくてもちゃんと理解してくれる友達作れたらいい。,@たかえもん-f8p,2023-11-26T14:25:28Z,7tTBN-Ul_Pg
【選ぶ権利がある】近くにいる方がいい人と、遠ざける方がいい人【割合と頻度を見てね】,256269,41,「人のせいにしても良い」という言葉を聞いた瞬間、心がスッと軽くなりました。<br>今まで「人のせいにしてはいけない」「その人にもその人の事情があるだろうから」「自分だって悪い所があっただろうし…」とそんな考えがあって…<br>しかし、どことなくモヤモヤした気持ちを抱えてました。「相手にだって悪い所があったよな？」と心の隅では思うこともしばしば…そんな自分を無理やり抑え込むことが多かったです。<br>「人のせいにしても良い」と聞いて、確かに相手が悪いこともあるよなと納得し、長年のモヤモヤが晴れたような気持ちです。本当にありがとうございます。,@user-naatuwogozonjika,2023-12-31T12:28:42Z,7tTBN-Ul_Pg
【自己愛性パーソナリティタイプ】自分は特別・自分は悪くない・トンデモ行動。自己愛が強い人への対処と改善までご紹介。／ナルシスト、話を聞かない、押し付け、支配的,234791,41,高いところにいないと存在価値がないと考えてしまうのとてもよく分かります...<br>良い子でいなきゃいけないという気持ちも強いです。<br>私は理由・背景は2に当てはまるかなと思いました。<br>負けても大丈夫。自分の存在価値が下がるという訳では無いということを聞いて安心しました。<br>動画ありがとうございます😊,@chammy9474,2024-01-11T11:47:19Z,9ZqyqvABW_8
【回避傾向】自分を生きることから逃げる。失敗、責任、批判、恥、人を傷つける恐れなどを最優先にして人生が停滞する,103401,41,これってLINEの返信が遅すぎるのも傾向があるんですかね？昔は返信で気疲れしちゃって気付いてても何日も空けて返してました。その頃は劣等感もかなりありました。今は気付いたらすぐ返すし気疲れもありません。あんまり深く考えず返せるようになりました。因みに今の自分好きですし自信もあります！,@ととろとろとろ,2025-02-06T00:18:40Z,khgpg2jcUCE
"【なぜか優しくできない,怒りが湧く】家族／恋人／子ども／近しい人にほどキツく強く当たってしまう心理",683700,40,もう冒頭部分見ただけで自分のことだとわかる…<br>私は子供を持つべきじゃなかった<br>カッとなったら子供から一番遠い部屋に行って壁に頭打ちつけてる,@donabechan,2025-11-11T00:35:21Z,FpcoL2PZ9zY
【選ぶ権利がある】近くにいる方がいい人と、遠ざける方がいい人【割合と頻度を見てね】,256269,40,あぁ。私は無理してたんだ😭それを頑張るコトがいいコトだと思ってました。変わらない自分にずっと喝を入れてました😢キツかったです。ありがとうございます🥺,@mika-x7n,2023-10-19T08:13:00Z,7tTBN-Ul_Pg
【完璧主義】ひとり反省会・人生が変わらない・全てに神経を尖らせている→「自然な自分ではいけない。」という自己否定のサイン,182094,40,『達成感や満足感とは無縁』というのが本当にそうです。『もっとこうすれば良かった』とか『もっとこうしなくちゃ』という反省だらけで達成感な満足感を感じられないんですよね･･･<br><br>『自分がこんな風にずっと生き辛さを抱えてきたのは、親が否定してきたからだ。自分が一番認めて欲しいことを認めてくれなかったからだ』と親に対する恨み・確執みたいなものがいまだに手放せません。<br><br>そういう感情とはどう向き合っていけば良いのかの動画もあげていただけたらありがたいです。,@sachiko4594,2023-10-27T15:56:19Z,a7x8US7Rwj4
【情緒的ネグレクト】親の“感情面への”無関心や関わりの薄さ。生きづらい子どもに多い、見えにくい精神的なネグレクトとは？,179891,40,いま思い返すと、毎日のように泣いて怒られていたような気がします。<br><br>また、自分の趣味を「色気付いて」「少女趣味」のように茶化されがちでした。<br>服の選択権があまりなくて、中学生になっても動物さんの柄のついたパンツとかはいてました😂<br><br>お母さんに学校で嫌だったことを話すと、「それはあんたが悪いからだ」と言われたり。<br>いま考えると、わたしは悪くないことも割とあります😂もー！<br>中学生になると、親が好きな話題だけ選んで話すようになりました。<br><br>お友達の◯◯ちゃんはあなたより美人、◯◯ちゃんはあなたよりしっかりしてる、あなたはまだまだだね。<br>のような比較も、よくありました！<br><br>ずっと記憶に蓋をしていたことです。<br>いま少し思い出すことができました。<br>嫌なことも吐き出せました。<br>気づきをありがとうございます。,@shigimisa,2025-04-02T15:59:17Z,WN3RVQSf7l8
"【なぜか優しくできない,怒りが湧く】家族／恋人／子ども／近しい人にほどキツく強く当たってしまう心理",683700,39,私にも当てはまります。外で見せる他人への優しさは、私が無理するからできる優しさであって、自分を蔑ろにしてしまうことで、逆に自分を傷つけている。もう外で良い人ぶるのはやめます。自分に優しくなります。,@ayax64,2025-08-25T03:08:09Z,FpcoL2PZ9zY
【愛情と依存の違い】&quot;好き&quot;と混同しやすい&quot;依存&quot;の特徴とは？自分軸で与える愛と、他人軸 or 自己満足で埋めようとする愛。  〜グラデーションで考える〜,211779,39,自分自身の依存を自覚することはできても、相手に依存の傾向があると気付いてもらうのってなかなか難しそうですね,@瑠虎637,2025-02-19T12:00:08Z,Ui7jIx_0sIU
【アダルトチルドレン】克服の一歩は自己理解。心の平穏を取り戻すため自分に目を向け、心の声に耳を傾けよう。【AC】,151938,39,自分が育って辛かった家の環境や親との関係を、連鎖させないようにとあれだけ思っていたのに我が子に同じ目に遭わせてしまっていることに少し前に気づきました。<br>子供への申し訳なさや後悔と自分自身のいろいろで気持ちがぐちゃぐちゃです。,@cherish.v.v.v,2024-11-09T08:19:54Z,usIp41t_vo0
【認知の歪み】超身近な苦しくなる思考の癖。認知の歪みとは？10種類の例と改善に向けた対応,130279,39,自己流占い全部凶 とても腑に落ちすぎて笑いました,@まき-o1l,2023-11-22T18:08:02Z,AxlcavvWwYk
"【なぜか優しくできない,怒りが湧く】家族／恋人／子ども／近しい人にほどキツく強く当たってしまう心理",683700,38,自分に心当たりがありすぎる。こんな自分が嫌で人を無意識に傷つけてしまうのも嫌で、もう友達を作らないようにしてます。<br>これに当てはまらない人たちが羨ましい。どうしたら、いつになったらみんなと同じように普通に人間関係を築けるようになるんだろう。良い人を演じるのをやめて、友人の前では気を使って会話してるつもりでも、結局誰と居てもみんな私から離れていく。,@aya9418,2025-10-30T15:43:24Z,FpcoL2PZ9zY
"【なぜか優しくできない,怒りが湧く】家族／恋人／子ども／近しい人にほどキツく強く当たってしまう心理",683700,38,まさに私です。そして、タイムリーにこのことで悩んでいるタイミングでこの動画に出会えました奇跡です。。<br>外では本当に評価が高いんです。。その分無理してる反動なのか、近い存在にイライラを抑えられず苦しくなって自ら距離をおい引きこもってました。。頭ではわかっているのに、抑えられず過去のトラウマや傷がうずきます。。<br>1人で抱えてる時こそ、わかってくれてる人の話を聞くだけでも救われることがあります、いい動画を出してくださってありがとうございました😢,@sm.4516,2025-08-16T14:52:43Z,FpcoL2PZ9zY
【抱え込みすぎ】「私がやらなきゃ」「何でもできなきゃ」、気を使いまくり、自分が人や状況を操作したい→限界を超えて心が崩れる,664306,38,ちょうど今日、抱え込みすぎて自爆してしまい、仕事を休んでしまいました。<br>そんな時にこの動画を発見し、私と同じだ！と共感しながら拝見させていただきました。<br>職場で弱音を吐けずにいたので、思い切って上司に相談したいと思います。,@saaya590,2023-11-30T10:55:56Z,Gaps0b_VXIU
【自立しすぎている人】頼れない、任せない、甘えられない。孤独と傷つきを抱え込んできた人,376235,38,長男や長女やひとりっこに多い気がする（偏見ごめんなさい）　<br>自分がそうなので、痛いほどわかる。機能不全家庭の環境の中、家族の潤滑油として一生懸命いろんな自分を演じ頑張ってきたし、ほんとに色々なことをひたむきに頑張ってきた。小学生くらいからもうすでに鬱みたいになってた。,@hiromoide,2024-08-26T16:43:51Z,Rtfu2tdV6Ks
【自立しすぎている人】頼れない、任せない、甘えられない。孤独と傷つきを抱え込んできた人,376235,38,自分も部分的にこのタイプだと思う<br>特に社会人になってからは、、<br>でも、実力で圧倒できる状態が気持ちいいし、そんな自分が好きだし<br>上がってしまった自他に対する要求基準は下げられないし<br>（もう誰かを好きだと思うことも減ってしまったし）<br>このまま突き進んでみようかなー、、、なんて思ってます<br><br>一方こう言う動画を見るってことは、どこかで理解者を求めてるんでしょうね、、、<br>やだなあー,@まる-c8w5g,2023-10-23T05:47:37Z,Rtfu2tdV6Ks
【選ぶ権利がある】近くにいる方がいい人と、遠ざける方がいい人【割合と頻度を見てね】,256269,38,そっか、私、距離を置かれてたんだ、と気づいてしまって落ち込んでしまいました。,@nm-yr4jr,2023-11-26T14:55:28Z,7tTBN-Ul_Pg
【完璧主義】ひとり反省会・人生が変わらない・全てに神経を尖らせている→「自然な自分ではいけない。」という自己否定のサイン,182094,38,最近、あなたは何がやりたいの？と、自分でやりたいことを考えられる場に立った時、どうしようと焦った。「世間が、周りが」と他者を気にした発言で一般的な方を選ぼうと思ってましたが、それの正体は「母」でした。母が望む進路を辿ろうとして生きてきて、だけど自分の気付けない本心とは違うからどうしても達成できず、体調を崩しました。<br>動画もそうですが、コメント欄も同じような人がいて共感しました😢,@okome_oishii,2023-11-30T04:42:24Z,a7x8US7Rwj4
【情緒的ネグレクト】親の“感情面への”無関心や関わりの薄さ。生きづらい子どもに多い、見えにくい精神的なネグレクトとは？,179891,38,めちゃくちゃ自分に当てはまってて聞いてて涙が出そうになりました。<br><br>ずっと自分の好きなものを変って母親に言われ続けてきて、祖母には喋ったり笑ったりするとうるさいと制止され続けていました。<br><br>物質的には満たされても心が満たされない気持ちを中学生くらいからずっと抱えていたので、それが情緒的ネグレクトからくるものなのだとわかってスッとしました。,@gapgtgt,2025-03-26T13:14:16Z,WN3RVQSf7l8
【アダルトチルドレン】克服の一歩は自己理解。心の平穏を取り戻すため自分に目を向け、心の声に耳を傾けよう。【AC】,151938,38,ちょうど今日家族への長年の我慢と怒りが爆発してしまい母に当たり散らし涙を流し続けた一日を過ごしていたので<br>更新された動画タイトルを見た瞬間、あまりのタイミングの良さに本当に驚きました。<br>ずーっと頷きながら拝見しました。まとめの言葉で安心の涙が溢れました。<br>自分のことを改めて振り返ってみて、よくここまで苦しみながらも生きてきてくれたな、と本当に思いました。<br>きいさんのおかげです。本当に素敵で貴重な発信をありがとうございます。<br>他の動画も合わせてこれから苦しくなった時何度も見返したいと思います。本当に本当に心から感謝致します🥲,@hoppetapon,2024-10-23T13:08:25Z,usIp41t_vo0
【共依存】人間関係のストレスや問題の背景。自分の価値を感じられなければ心が保てない。自己犠牲して周りを優先、人をコントロールしたり人を依存させる。,132084,38,講演会とかで話聞くだけでもいい人に見られようとかいいように目立ちたいとか思ってしまう。変な空気にならないようにめちゃ気遣う。お話し合いの時もその場だけの人たちなのにアホそうないい子そうな子を演じてしまう。すごく気にいられてあなたいい子だわとか言われて心の中でよっしゃ！とか本気で思って、でもどっと疲れてて、ふと我に返る。何やってんだ？わたし。っていつもなる。過去の恋愛も酷いもんだった。私が下だと思ってるだろうけど私の方が上だからなって思ってた。<br>あと変なプライド高くてバカにされたくないからめっちゃ真面目に仕事する。競争する。力抜けよってくらいほんとアホみたい。,@夏美加,2024-03-03T10:10:21Z,mxqVWLBiV3k
【共依存】人間関係のストレスや問題の背景。自分の価値を感じられなければ心が保てない。自己犠牲して周りを優先、人をコントロールしたり人を依存させる。,132084,38,きいさんの動画を見ると、心がとても安心します😌,@ももなか-o6h,2024-02-28T13:27:26Z,mxqVWLBiV3k
【回避傾向】自分を生きることから逃げる。失敗、責任、批判、恥、人を傷つける恐れなどを最優先にして人生が停滞する,103401,38,もう傷つけられたくない、リスク取っても自分を守らないと、ヘトヘトの人生で。<br><br>何度も仕事でモラハラをされたのは、「私は、そんな扱い」って思ってたからかもしれません。,@kaoruikeda0913,2025-02-05T14:21:24Z,khgpg2jcUCE
"【なぜか優しくできない,怒りが湧く】家族／恋人／子ども／近しい人にほどキツく強く当たってしまう心理",683700,37,私って善人願望が強いんだ,@タオズ-p8r,2025-08-07T04:59:31Z,FpcoL2PZ9zY
【自立しすぎている人】頼れない、任せない、甘えられない。孤独と傷つきを抱え込んできた人,376235,37,頼れる人には頼りたい気持ちはもちろんありますけど、頼れる人が見つけられてないんですよね😂周りから頼れる人と見られてるとは思うけど、投げつけられるのは違うから反発してしまうことがあります。辛いです。<br>とにかく利用されたくないんですよね。,@ちゃんちゃん-e6e,2023-10-27T11:16:04Z,Rtfu2tdV6Ks
【自己愛性パーソナリティタイプ】自分は特別・自分は悪くない・トンデモ行動。自己愛が強い人への対処と改善までご紹介。／ナルシスト、話を聞かない、押し付け、支配的,234791,37,当てはまる方見つけたけど、おばぁさんで、幼い頃苦しかったのはよくわかるけど……<br><br>アラサーの私に強く当っても、赤ちゃんの様には接する事は難しいです。<br>本当に困りました😢,@斉藤なお-u6d,2024-01-16T09:41:18Z,9ZqyqvABW_8
【情緒的ネグレクト】親の“感情面への”無関心や関わりの薄さ。生きづらい子どもに多い、見えにくい精神的なネグレクトとは？,179891,37,凄く当てはまっていて腑に落ちました。自然と涙がこぼれ落ちました。<br>子どものころの出来事の記憶はほぼないので、なんでみんなそんなに記憶力がいいんだろう…と悩んだこともあります。親からは『お前はちゃんとしている』とよく言われてきました。自分の素直な気持ちを共有できる環境ではなかったのはもちろんですが、ダメな自分を見せちゃダメだ、ちゃんとしなきゃと自分を取り繕って生きているように感じます。これが理由かわかりませんが、小学低学年から肩こりです。<br>まだまだ自分がどういう人間なのかよくわかっていないですが、本当に少しずつでも自分の感じる感覚を大切に生きていきたいと思います。<br>この動画と出会えてよかったです。<br>きいさん、ありがとうございました。,@もやもや-p7z,2025-03-27T05:47:39Z,WN3RVQSf7l8
【強い劣等感】落ち込みが止まらない、すぐ人と比較、頑張りすぎてしまう、自分を守るために攻撃・敏感になりやすい、理想やプライドが高くなる。,84076,37,耳が非常に痛いであります………他者だと自分が弱くなり、身内には攻撃してしまいます………,@kane-you-0124,2024-03-20T12:58:07Z,3BV7aU3Dl8w
【日常に残る心の影響】知らないで自分を否定したり、現実とのギャップを起こし続けていませんか？大事な自分を理解・受容・幸せへ。,83800,37,両親が自分の前で夫婦喧嘩をしない代わりに、不機嫌になると部屋のスライドドアを思い切り叩き付ける様に閉じて外へ出て行く人でした。<br>そのせいか自分は意識せずスライドドアを閉める時、どんな場所でも必ず2cmぐらい隙間を開ける様になりました(30歳頃に気付いてから、意識して閉め切る様にしてます)<br><br>実生活での弊害は少ないですが、この動画を観てもしかしたら後遺症の一種なのかな〜と感じました。<br>いつもスッと腑に落ちる動画をありがとうございます。,@くろわっさん-c9z,2025-08-22T02:10:22Z,cNzvBWkhm3Y
【抱え込みすぎ】「私がやらなきゃ」「何でもできなきゃ」、気を使いまくり、自分が人や状況を操作したい→限界を超えて心が崩れる,664306,36,あなたの魅力はそんなんじゃ減りません。という言葉にすごく救われました。,@みみ-v5f,2024-05-07T10:33:52Z,Gaps0b_VXIU
【抱え込みすぎ】「私がやらなきゃ」「何でもできなきゃ」、気を使いまくり、自分が人や状況を操作したい→限界を超えて心が崩れる,664306,36,私もちょっと前までこのタイプでした〜<br>義務感、焦燥感に駆られていました<br>でも、今は好き勝手やって楽しく生きれています<br>楽しく生きてやろうぜぇ〜,@mimo_137,2024-06-24T11:32:13Z,Gaps0b_VXIU
【愛情と依存の違い】&quot;好き&quot;と混同しやすい&quot;依存&quot;の特徴とは？自分軸で与える愛と、他人軸 or 自己満足で埋めようとする愛。  〜グラデーションで考える〜,211779,36,ダメ男とかクズ男好きになりやすいタイプはこのタイプ多い<br>正確には好きというより、依存が目的になってるからなんですよね。<br>周りの普通の女の人から止められてるのに本人はダメ男とかと付き合ってしまってるタイプは大抵このタイプ<br>誠実で精神的に自立してる人は精神的にも寄りかかれない、寄りかかってもこないから依存関係になれないから付き合わないんだよね,@tt-om3yd,2025-02-24T07:21:18Z,Ui7jIx_0sIU
【完璧主義】ひとり反省会・人生が変わらない・全てに神経を尖らせている→「自然な自分ではいけない。」という自己否定のサイン,182094,36,上司が完璧主義なので、叱られるのが嫌で完璧主義になりました。。自分は適度な遊びの部分がないと、壊れちゃうタイプなので、ギリギリの紙一重の状態を5ヶ月続けました。結果、適応障害を患ってしまいました。仕事で心や体を壊すって、なんなんだろう。悪いことはなにもしていないのに。,@joryco11,2024-03-03T21:35:50Z,a7x8US7Rwj4
【情緒的ネグレクト】親の“感情面への”無関心や関わりの薄さ。生きづらい子どもに多い、見えにくい精神的なネグレクトとは？,179891,36,凄く言語化してくれていて、泣きそうになりました。<br>少し指摘をされただけで、怒られていると感じて、自分のことを全否定されたようで、悲しかった。<br>今でもそれは変わりません。<br>うちの親、教員だからなのか、何かを指摘する時に威圧的な言い方になる。そして声も心なしか大きくなる。<br>そうされると、怒られているように感じる。<br>本人は、「そういうふうに受け取るあなたが悪い、解釈違いも甚だしい」みたいなことを言いますが、「怒られている、否定された」という思いというか、そういう気持ちって、私が解釈がおかしいのかな、変なのかな、と思っていたけど、そうなんだ、この動画見て、なるほどと思いました。<br>世の中の親の人にたくさん見て欲しい動画だなと思いました。<br>でも見る人少ないんだろうなぁ…。,@葛城藍子,2025-04-10T11:25:09Z,WN3RVQSf7l8
【人の力を拡大する人と縮小する人】自分自身との接し方・他者との接し方を見つめてみよう。力を縮小する人の背景は、そばにいた人の影響。,155676,36,とても分かりやすかったです。<br><br>自分がなりたくて、こうなったわけではないのに、<br>両親がそうだったから、&quot;力を奪う人&quot;に<br>そうなってました。<br><br>今はそんな経験も糧として、<br>&quot;力を与えられる人&quot;になれるよう<br>努力しています。<br><br>今の自分にぴったりの動画でした。<br><br>ありがとうございました。🙏,@user-kl9vz1wv8l,2024-02-21T13:49:03Z,ZFr_SycknUk
【共依存】人間関係のストレスや問題の背景。自分の価値を感じられなければ心が保てない。自己犠牲して周りを優先、人をコントロールしたり人を依存させる。,132084,36,会社の上司に洗脳されているのでは？と最近気づいたのですが、まさか自分が共依存体質とは思っていませんでした。少し楽になった様に思います。ありがとうございました。,@みみ-f2h,2024-02-29T02:52:11Z,mxqVWLBiV3k
【敵意帰属バイアス】自分を嫌っているんだと誤解・攻撃されたと誤解をしやすい。自己成長や対人関係の弊害。不信感。まずは傾向に気づくこと。,107541,36,過去の傷ついた経験を乗り越えて<br>敵・上下・勝ち負けだけで判断しないようにしたいものですね。,@snowmelts17,2024-04-10T10:45:24Z,_uTgEER207c
【人に依存しすぎている人】自分に主導権がなくなっている・人に何かしてもらうことを求めすぎる人（自立しなさすぎている状態）,91609,36,初めてコメントしますm(*_ _)m<br>超自立型の動画できぃさんのことを知り、過去動画もあわせてチェックするようになりました😊<br>心のモヤモヤをわかりやすく言語化してくださるチャンネル、大変ありがたいです！<br>自身のことを振り返るいい機会となっています(^-^)<br><br>私の母が現在もこの動画の通り超依存型の人で、逆に娘の私は過去に自己犠牲ギバー型→超自立型の傾向がありました。<br>超依存型の母とモラ男の父に育てられた生い立ちが影響し、若い頃は生きづらさを感じていたのでしょう。<br>(母も過保護・過干渉な祖母の影響で超依存型になってしまったのだと確信しています)<br><br>幸か不幸か、私は大学時代にうつ病で苦しんだことをキッカケに、「このままじゃ生きづらい人生を歩むことになってしまう。私、変わらなきゃ！親の影響下から抜けなきゃ！」と気付くことができました。<br>時には回り道をしたり頭を打ったりもしましたが、様々な媒体で心理学の知識を取り入れながら、少しずつ行動やマインドを変えていきました。<br><br>今は胸を張ってベストパートナーと呼べる夫の存在もあり、30代後半になった今、だいぶ自分らしく生きられるようになった気がします😊<br>ただ、時折フラッシュバック的な現象が発生して苦しむこともあるため、引き続き自分の心と向き合う必要はありそうです😂,@kominatonanami,2023-10-26T04:45:31Z,27c9_QRTctI
"【なぜか優しくできない,怒りが湧く】家族／恋人／子ども／近しい人にほどキツく強く当たってしまう心理",683700,35,自分が認められてこなかったから他人を認めたくない。<br>他人を否定するふりをして、自分を必死に肯定しようとしている。<br>そんな自分を見つけました。<br>ありがとうございます。,@ribonzu1,2025-11-26T01:04:05Z,FpcoL2PZ9zY
【抱え込みすぎ】「私がやらなきゃ」「何でもできなきゃ」、気を使いまくり、自分が人や状況を操作したい→限界を超えて心が崩れる,664306,35,言い表せない孤独感がずっと拭えないまま生きてきたので、それは自分が他者と感情のキャッチボールを出来ていないからである、というところが刺さりました。<br>無意識下にそういうコミュニケーションになってしまっていたのだとハッとしました。<br>まさに幼少期はかなりの両親不仲で伸び伸び子供らしく生きる、ということが人より制限された環境だったように思います。<br>ただそれらの影響で他者起点の考え方が癖ついてしまっているだけなら、訓練することで直すことが出来る可能性がある、ということを知れて良かったです。<br>日々しんどいことだらけで全て投げ出しリセットしたい(まさに破滅思考ですね)衝動に駆られることも多いですが、もう少し自分の心に耳を傾け、素直に生きる訓練をしてみます。,@ohagimaruuu,2023-12-06T03:53:59Z,Gaps0b_VXIU
【自己愛性パーソナリティタイプ】自分は特別・自分は悪くない・トンデモ行動。自己愛が強い人への対処と改善までご紹介。／ナルシスト、話を聞かない、押し付け、支配的,234791,35,母親の感情に振り回されながらも、幼少期から漠然と｢何故この人はこうなんだろう？｣とずっと思っていたその｢こう｣の部分を言語化してもらえた感じです。<br>このような人は母親以外にも周りに居て、｢誰かをサゲることで自分の立場が保たれる｣だったり｢謝ったり非を認めたら立場が無くなる｣と思ってるらしいその思考のメカニズムが私には不思議でした。<br>ありのままでは自分は認められないんだといわんばかりに異様に外面を作る...このような親の影響を強く受けてしまったため、意識して本来の自分を取り戻していきたい。,@ykchigura,2024-03-25T09:46:14Z,9ZqyqvABW_8
【自己愛性パーソナリティタイプ】自分は特別・自分は悪くない・トンデモ行動。自己愛が強い人への対処と改善までご紹介。／ナルシスト、話を聞かない、押し付け、支配的,234791,35,自分がそうかもって書いてる人いると思うけど違うと思う。本当の自己愛は、1ミリも自分がそうかもとは思わない。たとえ人に指摘されても。,@t8-kq9yv,2025-07-29T02:30:32Z,9ZqyqvABW_8
【愛情と依存の違い】&quot;好き&quot;と混同しやすい&quot;依存&quot;の特徴とは？自分軸で与える愛と、他人軸 or 自己満足で埋めようとする愛。  〜グラデーションで考える〜,211779,35,めちゃくちゃ依存でした。<br>主に職場に対しての依存。<br>鬱病になり休職。再就職先で状態が悪化し現在休職。<br><br>どうしたら依存を減らしていけるのかは今の私には見つけられないけど依存が強いんだなと認識できました。,@海蒼-g2h,2025-02-19T13:10:03Z,Ui7jIx_0sIU
【完璧主義】ひとり反省会・人生が変わらない・全てに神経を尖らせている→「自然な自分ではいけない。」という自己否定のサイン,182094,35,私も適当が嫌いな完璧主義です。仕事では、適当にやる人が本当に嫌。その人が適当だから、自分が頑張らないとってなってしまいます。<br>ミスをする自分も大嫌い。<br>時々褒められることはあるけど、仕事だから当たり前なのでは？って思い、頑張ったと認めることが出来ません。<br>頑張った自分を褒めてって注意されることが多々あります。<br>本当に完璧主義な自分が嫌になるんですよね😅,@まいみ-t2k,2024-01-29T22:01:41Z,a7x8US7Rwj4
【情緒的ネグレクト】親の“感情面への”無関心や関わりの薄さ。生きづらい子どもに多い、見えにくい精神的なネグレクトとは？,179891,35,最近、母親に対して思うことが増えてきました。悪い親ではないですし、尊敬もしていました。<br><br>しかし、定期的になっていたうつ状態に手がつけられなくなり適応障害でカウンセリングにかかった時、母との関係に問題があると気付きました。それまでも薄ら感じてはいましたが、母が大変な人生だった事は知っているので辛かった気持ちに蓋をしていました。<br><br>小学生の頃に算数の成績が上がったと通知書を見せたら、褒められるどころか整理整頓の評価が下がってる事を詰められた事。<br>身体的特徴で同級生に罵倒されている事を伝えたら、こちらを見ることも無く「痩せれば？」と言われたこと。<br>友人と同じ地元の高校へ行くと母に言ったら、「塾に行かせてるのに」と不機嫌になるので興味の無い進学校を選んだ事。努力して受かったのに「おめでとう」より先に「受かると思わなかった」と言われたこと……。<br><br>社会人になってからも、こんな事が沢山あります。それでも母の事は好きで、大事で、もしかしたら分かってくれるかもという希望を捨てられません。<br>(長文失礼しました),@回向-o2f,2025-10-15T01:45:41Z,WN3RVQSf7l8
【アダルトチルドレン】克服の一歩は自己理解。心の平穏を取り戻すため自分に目を向け、心の声に耳を傾けよう。【AC】,151938,35,アルコール依存の父の元で育ち、それが原因で引きこもりになり鬱になった弟から暴力の警察沙汰になり、家庭内別居から一人暮らし、住民票に閲覧制限をかける程の機能不全家族で育ちました。<br>そこにADHDからくる適応障害を併発。<br><br>今は精神科に通いながら、投薬とカウンセリングで、自分の分析と、生きづらさに向き合っています。<br><br>勘違いなら申し訳ないのですが、きいさんが少し涙ぐんでいるようにも見えました。<br>それでも伝えてくださったことに感謝です。<br><br>よくここまで命を〜のところで涙が出てきました。,@suzu_zzz,2024-10-23T15:35:56Z,usIp41t_vo0
"【なぜか優しくできない,怒りが湧く】家族／恋人／子ども／近しい人にほどキツく強く当たってしまう心理",683700,34,自分のことを言われているようでドキッとしてしまいました。普段はにこにこしていても、仲の良い同僚だけには強く当たってしまう。優しい人間でいたいのに、苦しいです。,@ちゃおちゅーる-m2n,2025-08-19T14:40:04Z,FpcoL2PZ9zY
【選ぶ権利がある】近くにいる方がいい人と、遠ざける方がいい人【割合と頻度を見てね】,256269,34,自分が遠がかった方がいい人側になってないか不安になる、、、,@おはヨン様,2024-05-03T02:57:56Z,7tTBN-Ul_Pg
【自己愛性パーソナリティタイプ】自分は特別・自分は悪くない・トンデモ行動。自己愛が強い人への対処と改善までご紹介。／ナルシスト、話を聞かない、押し付け、支配的,234791,34,まさしく自分に当てはまります…！対人面やネットでも衝動的に出る性質を出さない事にかなりエネルギーを使って疲れます…。人格の障害だとしても、その存在は現実に多くの人にとって迷惑極まりなく不快なので社会悪とさえ思います。自己愛の持つ、自分は弱く無い、常に正しくて上だという衝動は自分を必死に守らなければ死ぬ、支配される、傷つけられるといった恐怖に適応する為に学習してしまった物に思います。傷付ける側に立てばもう二度とあのような目に逢わなくて済むからです。理屈で理解してもこの精神構造は改善する事が非常に難しくて社会生活に溶け込むのは苦しいですね。なるべく人と関わらないようにして生きています。,@AMEMORI26,2024-03-12T13:56:44Z,9ZqyqvABW_8
【完璧主義】ひとり反省会・人生が変わらない・全てに神経を尖らせている→「自然な自分ではいけない。」という自己否定のサイン,182094,34,ただただ世間の求める普通になりたいだけなのに,@bata_bata_ko,2025-10-30T07:24:36Z,a7x8US7Rwj4
【完璧主義】ひとり反省会・人生が変わらない・全てに神経を尖らせている→「自然な自分ではいけない。」という自己否定のサイン,182094,34,親の気分に合わせた正解を振る舞わないと、とことんけなされる環境だったので、等身大の自分は受け入れられない笑われる恥ずかしい...と今も思い込み、なるべく傷つかないように顔色をうかがいまくってなるべく生きてきました。<br>完璧というか...その時その時の誰かの正解を探して生きてしまいます。<br>仕事でミスをするのが物凄く怖いです。経験のない部署に異動して、失敗は避けられない人に聞かなきゃいけない１から仕事を覚えなきゃいけない環境になり、不安が強くなりすぎてメンタルやられて休職しました。失敗をしなきゃ進めない場面が続くことに耐えられません。。<br>つらかったね、怖かったね、失敗するの怖いよね、失敗するのやだよね、失敗するの恥ずかしいよね、今までよくがんばったね、自分を受け止めます。<br>そのうえで、失敗しても、相手は親じゃない。相手に親を重ねない。失敗しても私自身は否定されない。失敗して批判されても、それは何万分の一の内の経験。失敗しても批判されても私は孤独にならない。失敗しても私の価値は終わらない。大丈夫。<br>失敗して経験した自分、えらい。えらい。<br>経験することから逃げてきた人生なので、私は、「失敗は経験」「失敗しよう」「失敗は挑戦の結果」をスローガンにしようかなと思います。<br>失敗してもいい。自分を許す。そういうこともあるよね。私は私を許すから、相手も失敗したっていい。<br>ゆるーくそのままの自分を受け止めていきたいと思います。<br>成功体験を積んで、なぁんだ大丈夫だ〜って思っても、環境が変わると、またゼロに戻ってしまうのが苦しいです。<br>環境が変わってもどんな場面でも、何万分のうちの１の経験だ〜と思って、自己評価で生きていきたいです。。。,@こざら999,2024-02-26T13:22:40Z,a7x8US7Rwj4
【共依存】人間関係のストレスや問題の背景。自分の価値を感じられなければ心が保てない。自己犠牲して周りを優先、人をコントロールしたり人を依存させる。,132084,34,母親と30年近く共依存関係にありました。<br>旦那が引き剥がしてくれたことで物理的に離れることに成功しましたが、母に「寂しい」「会いに来て」と言われると苦しくて断りきれません。<br>自分の気持ちに注力してなるだけ安寧に暮らしたいものです,@村井恵理-m8z,2024-03-26T02:27:09Z,mxqVWLBiV3k
【回避傾向】自分を生きることから逃げる。失敗、責任、批判、恥、人を傷つける恐れなどを最優先にして人生が停滞する,103401,34,「回避癖と向き合う」を今年のテーマとして自己設定した矢先だったので、とってもタイムリー,@もさぎ-b2l,2025-02-05T10:41:04Z,khgpg2jcUCE
【自分軸と自分勝手の違い】わがままが気になる人へ。場面での対比を見て整理しよう,159398,33,「人のことを勝手に決めつけ」「期待に応えなきゃ」よくやってしまっているので自己管理できるようになっていきたいです。<br>自分では納得した上でやっているつもりでしたが、最近になってストレスがたまってきたのか、その生き方がしんどくなってきました。この動画で勉強できて良かったです。,@つちのこ-w6u,2024-03-10T01:42:19Z,htWuimTJmlQ
【人の力を拡大する人と縮小する人】自分自身との接し方・他者との接し方を見つめてみよう。力を縮小する人の背景は、そばにいた人の影響。,155676,33,こういう事をずっと実践してきていますが、力を奪う人に好かれて苦労しています。,@hazeそどみ,2024-03-01T01:13:52Z,ZFr_SycknUk
【アダルトチルドレン】克服の一歩は自己理解。心の平穏を取り戻すため自分に目を向け、心の声に耳を傾けよう。【AC】,151938,33,アダルトチルドレン、自分にも当てはまること、多いです。<br><br>そもそも自分が相手を振り回してしまう傾向が強く、<br>過干渉気味の親で育ったことから親の言うことに従い、おんぶに抱っこというパターンも多くありました。<br>家は落ち着ける環境とは言えませんでした。相手をコントロールする傾向も多くあります。<br><br>自分と他人はあくまで別の人という認識。これからも深めていきたいです。<br>そして自分で決定できる点も増えてきたのでこれからも心がけていきます。<br><br>命を続けてきたという事実。それにフォーカスしていきたいです。,@ao1341go,2024-10-24T06:36:37Z,usIp41t_vo0
【共依存】人間関係のストレスや問題の背景。自分の価値を感じられなければ心が保てない。自己犠牲して周りを優先、人をコントロールしたり人を依存させる。,132084,33,愛情という名のコントロール、という言葉が印象的でした。<br>愛情って何なんだろう,@mi-tx5pv,2024-04-10T06:31:04Z,mxqVWLBiV3k
【回避傾向】自分を生きることから逃げる。失敗、責任、批判、恥、人を傷つける恐れなどを最優先にして人生が停滞する,103401,33,100回くらいいいねしたい<br>今の私をしっかり解説してしていただいた感じです。<br>私の喜びの方向へ自分の人生の舵をとっていきたいです。,@えりー-n9k,2025-02-05T12:02:34Z,khgpg2jcUCE
【強い劣等感】落ち込みが止まらない、すぐ人と比較、頑張りすぎてしまう、自分を守るために攻撃・敏感になりやすい、理想やプライドが高くなる。,84076,33,今回の話は特に好きだなぁ<br><br>「人は違う」「相手と自分は違う」が今まで自分はなんとなくは分かるけどちょっと掴みにくかったのですが<br><br>人それぞれ実現したいものが違う<br>優先したい欲求も違う<br>同じ楽しいという欲求を満たすにしても、どうやって満たすかが違う<br><br>相手の感じ方や価値観、相手の大切なものを尊重することが大事<br><br>上記は今日見ていた心理学の別の方なのですが<br>自分の中で繋がったので具体的に「人は違う」が理解できました,@merrowmelon3024,2024-03-20T13:31:31Z,3BV7aU3Dl8w
"【なぜか優しくできない,怒りが湧く】家族／恋人／子ども／近しい人にほどキツく強く当たってしまう心理",683700,32,まさに私です。外ではいい人なのに家族には怒ってばっかり。甘えられなかった幼少期をずーっと引きずってました。でも、「家族のことを信頼できているから期待して甘えることができている」と聞いて、確かに私おめでとう！やなと思いましたw<br>外でいい人やってると、その反動で家族に冷たく厳しくなったりしますよね😢でも、外でいい顔したって一円の得にもならん！自己防衛や承認欲求からくるいい人なんてそんなの所詮都合のいい人ですから。そんなもったいないことに自分の命である時間を費やすのはもうやめます！自分の人生に大して関わりない人たちですから。<br>それよりも私に安心をくれた夫と子どもたちのために、今こそ本来の私に戻り笑顔で過ごそう。人はいつからでも変われます、過去なんて本当は存在しないかもしれない。しかも良い記憶でもないのにそんなもんに縛られて、執着して、それで私の人格形成されてるなんて最悪じゃん‼️<br>親から分かりやすい愛はもらえなかったけど、それを何十年もひきずってきたけど、もういいわ！<br>いい勉強になりました、結局人は自分で自分を愛さなきゃ幸せにはなれないのよ、親にたっぷり甘え育った子は自然と自己価値を感じれるようになる。私はそれが無かっただけやから、自力で自分のことを愛せるようになるのに時間もかかったし、辛い思いもしてきたけど、それも修行みたいなもんで、修行してきた私は誰よりも最強になってるはずだし、その分人生の後半は良いことだらけだ😝と信じてるw,@ゆきっぽ-p6x,2025-11-22T05:35:19Z,FpcoL2PZ9zY
"【なぜか優しくできない,怒りが湧く】家族／恋人／子ども／近しい人にほどキツく強く当たってしまう心理",683700,32,こういった自分の良くない特徴に気づいて、自分のことだからこそすぐ直せないとわかって。私ってこんなことも直せないのか……って自分自身に失望、自己肯定感が低いのに更に自己否定、自責して本当に悪循環すぎる,@このこ-b9w,2025-11-22T13:18:45Z,FpcoL2PZ9zY
【自立しすぎている人】頼れない、任せない、甘えられない。孤独と傷つきを抱え込んできた人,376235,32,まさに私で「頭がかちこち。もっと柔軟に」というレッテルを貼られる。,@tekitounitukutta-ID,2023-11-02T06:26:47Z,Rtfu2tdV6Ks
【自己愛性パーソナリティタイプ】自分は特別・自分は悪くない・トンデモ行動。自己愛が強い人への対処と改善までご紹介。／ナルシスト、話を聞かない、押し付け、支配的,234791,32,友人が自己愛が強いタイプでした。私は毒親育ちで自己肯定感が低いため自分を殺して相手に合わせる形で付き合ってきていましたが、親が亡くなりカウンセラーさんにサポートしていただきながら自分を取り戻していく過程の中でこの関係は私の今の状態に害でしかない事を悟り絶縁しました。<br>同じ会社ということも手伝って彼女のトラブルの尻拭いをする事も多かった。「私が好き勝手やってても全部許して面倒見てくれる長女タイプのあなたみたいな人が好き」と言われ目が覚めましたね。心の成長が止まっていて生きづらさを抱えているのは分かるけど、その処理は他人の私にではなくあなたの親にしてもらって下さいって思ってます。,@yoshirave,2024-05-24T05:00:45Z,9ZqyqvABW_8
【愛情と依存の違い】&quot;好き&quot;と混同しやすい&quot;依存&quot;の特徴とは？自分軸で与える愛と、他人軸 or 自己満足で埋めようとする愛。  〜グラデーションで考える〜,211779,32,大変わかりやすい動画ありがとうございます。<br>婚約者が動画に出てくる依存傾向があり、大変勉強になりました。<br>色々と話し合っているのですが、原因が深そうなのと、本人自身が変える気があまりないので、難しいなと悩んでます。<br>幸せにしてほしい、愛して欲しい、普通はこう、こうしてほしい　など最近は私の気持ちではなく彼女の気持ちを満たすのが第一になって苦しかったのですが、もっと勉強したいと思います,@ショウ3,2025-02-21T01:41:30Z,Ui7jIx_0sIU
【情緒的ネグレクト】親の“感情面への”無関心や関わりの薄さ。生きづらい子どもに多い、見えにくい精神的なネグレクトとは？,179891,32,これ以上ないくらい自身に当てはまりすぎて動画を見て泣き、今文字を打ちつつ泣いています。<br><br>周りからは両親仲が良いねと言われ育ちましたが、「表面上の両親“は”ね」と思いつつ何も言いませんでした。<br>幼い頃から時間場所問わず目の前で喧嘩、父が仕事でいなくなれば母からの即愚痴大会。<br>機嫌屋の母が恐ろしくて「まあまあ落ち着きなよ」さえも言えず、母のご機嫌取りをしている自分に自己嫌悪の日々でした。<br><br>勇気をだして“普通の家族”になりたくて真剣な相談(人間関係で辛い旨)をしたとき「考えすぎや！神経質すぎ😂」と、母にとっては励ましの言葉なのに私にとっては一層溝が深まる出来事でした。<br>そして一度相談すると何度も何度も話題に出しては茶化すような発言。強い母には一切悪気はない。だからこそ怒れなくて、頭と心がチグハグで本当に本当に辛かった。<br>精神からくる視力低下があり母にカウンセリングを受けに連れて言ってもらった時さえも母がそばにいたので「何も心当たりがないです」と嘘をついてしまいました。<br>母にもカウンセリングの先生にも本当に申し訳ないことをしました。<br><br>『悪意はないけど傷つける言葉』を沢山教えられました。<br>気を付けてはいるけど自分が他人に無意識に言ってしまってる気がして怖くて、どう答えたら相手が喜ぶかを真っ先に考えてしまい未だに本音は誰にも話せません。<br><br>ここで初めて自分の生きづらさの正体を知り助けられました。<br>こうして自己開示できるのはきいさんのお話や同じ方の話をみて背中を押していただいたからです。自分的に少し前進できたかも…？<br><br>ありがとうございます。<br>どうにかこうにか命続けます。,@小隹コトリ,2025-09-09T06:47:01Z,WN3RVQSf7l8
【自分軸と自分勝手の違い】わがままが気になる人へ。場面での対比を見て整理しよう,159398,32,毒親問題に長いこと苦しんできました。少しずつ学んできて、ようやくこの動画でいう自分軸と他人軸の違いや、境界線について深く理解できるようになりました。とても勉強になりました。,@有桜-b2b,2024-02-15T01:59:37Z,htWuimTJmlQ
【アダルトチルドレン】克服の一歩は自己理解。心の平穏を取り戻すため自分に目を向け、心の声に耳を傾けよう。【AC】,151938,32,全部当てはまっている気がします。とても生きづらいです。自分のことを認めてあげたい,@tuumuu411,2024-10-25T08:04:44Z,usIp41t_vo0
【認知の歪み】超身近な苦しくなる思考の癖。認知の歪みとは？10種類の例と改善に向けた対応,130279,32,"<a href=""https://www.youtube.com/watch?v=AxlcavvWwYk&amp;t=887"">14:47</a> え！ここものすごくわかる！！！！大丈夫だろって思って大丈夫じゃなかった方がダメージでかいから、大丈夫じゃないって強く思い込んでメンタル狂うの繰り返しになってる！",@のっほ-b7j,2024-10-30T14:08:52Z,AxlcavvWwYk
【回避傾向】自分を生きることから逃げる。失敗、責任、批判、恥、人を傷つける恐れなどを最優先にして人生が停滞する,103401,32,"<a href=""https://www.youtube.com/watch?v=khgpg2jcUCE&amp;t=996"">16:36</a> もう既に自分に回避傾向がある方はここから対処方の解説をされているので、辛かったらここを参考にされる方がいいかも。<br>1番大事なのは、じゃどういう対処が出来るかじゃないかと思うので。",@mi-dw6sz,2025-02-14T04:17:44Z,khgpg2jcUCE
【人に依存しすぎている人】自分に主導権がなくなっている・人に何かしてもらうことを求めすぎる人（自立しなさすぎている状態）,91609,32,過干渉、やや過保護な家庭で育ち、メリットもデメリットもありました。<br>あまり良くない環境かなとは思ってきましたが、他人への依存度が高くなる原因の一つになっていたとは…,@b-zr6xc,2023-12-25T23:01:29Z,27c9_QRTctI
【人に依存しすぎている人】自分に主導権がなくなっている・人に何かしてもらうことを求めすぎる人（自立しなさすぎている状態）,91609,32,耳が痛すぎる,@へびねこフィッシュ,2023-12-18T16:25:35Z,27c9_QRTctI
【自立しすぎている人】頼れない、任せない、甘えられない。孤独と傷つきを抱え込んできた人,376235,31,他人に求めてクオリティの低い成果が返ってくる確率が高く、自分でちょっと頑張って成果をあげる方が楽しいし自身のスキルアップにもなるので、よっぽどの事でない限り何でも自分でこなしてしまいます。<br>結果、器用貧乏で突出した特技が無い人間だな～と自己肯定感が低くなりました。。笑<br>頼れる頼もしい人間に出会ってみたいです…,@kwusbbf41,2023-11-02T17:08:09Z,Rtfu2tdV6Ks
【選ぶ権利がある】近くにいる方がいい人と、遠ざける方がいい人【割合と頻度を見てね】,256269,31,うわ💦そのまんまだ。<br>よい人は私なんかには釣り合わないと思ってしまって、問題のあるひとと付き合ってしまう。そのほうが安心するんだよね。<br>自分を大切にしてもらった経験が少ないから、そういう環境が落ち着かなかった。<br>これでは幸せにはなれないよね。<br>自分を大切にしてくれない人とは付き合わないように気持ちを切り替えました。,@ajwdw,2023-12-02T18:24:40Z,7tTBN-Ul_Pg
【完璧主義】ひとり反省会・人生が変わらない・全てに神経を尖らせている→「自然な自分ではいけない。」という自己否定のサイン,182094,31,最初からフラフープ回せちゃったタイプです。竹馬も乗れたし一輪車も最初から乗れて100点で学級委員で失敗がない。似たような環境で完璧主義になって燃え尽き症候群になって、、って方がコメントでいて、めっちゃ分かるよ、ってなってます。人生減点方式になってるよと今日言われて、それの正体が完璧主義だったので、もう一度動画見返したいです。,@まいい-v3e,2024-10-01T08:17:12Z,a7x8US7Rwj4
【情緒的ネグレクト】親の“感情面への”無関心や関わりの薄さ。生きづらい子どもに多い、見えにくい精神的なネグレクトとは？,179891,31,生きづらいと言ってもパートナーがいたり結婚して子供がいたり、、、そういった人生の節目をクリアしているACの人もいるのに、それがなかなか叶わなくて苦戦している人、私なんですが、いるのは何が違うのでしょうか。（ACがネックでこんなに苦しんでいるのに、叶っている人もいて不思議だと思いました）,@na5900-f4c,2025-10-17T06:30:07Z,WN3RVQSf7l8
【自分軸と自分勝手の違い】わがままが気になる人へ。場面での対比を見て整理しよう,159398,31,相手の自由を尊重できたら、自分勝手の枠組みから外れるように感じました。<br><br>自分の言動・行動は自分が決めていいし、相手の言動・行動は相手が決めていいと思す。<br><br>相手が思っていたような行動を取ってくれなくても、それは相手の自由ですもんね。,@とるとる-p6s,2024-02-14T11:30:16Z,htWuimTJmlQ
【人の力を拡大する人と縮小する人】自分自身との接し方・他者との接し方を見つめてみよう。力を縮小する人の背景は、そばにいた人の影響。,155676,31,ついつい正論も言いそうになるし、比較は無意識レベルで言ってるかも😱<br>力を与える、奪うという表現で相手にどう思われるかをより意識することができそうです。<br><br>正論を言う時ってやっぱり、自分は正しい心を持ってるアピールしたい時だと思ってます。<br>今まで失敗が多くて人格否定もされてきてたから、悪意がないってすきあらば発信したい気持ちが正直ありますね。<br>すきをうかがってるから相手の話も聞いてるようで聞いてないという汗<br><br>力を与えつつ自分も楽に楽しく話せるようになりたいです😊<br>子育てにもすごく通じるお話だと思いました。ありがとうございます！,@roof_farm_hiro,2024-02-27T05:10:20Z,ZFr_SycknUk
【共依存】人間関係のストレスや問題の背景。自分の価値を感じられなければ心が保てない。自己犠牲して周りを優先、人をコントロールしたり人を依存させる。,132084,31,共依存…<br>本当にキツイですね…<br>元々、自立心旺盛なタイプでしたが、「共依存体質」の男性とお付き合いしたことで「負の無限ループ」を14年も続けてしまいました😵‍💫<br>ワタシ自身、根っこに共依存体質を持っていたんだと思います。親から「価値が無い」「産まなきゃ良かった」と小さい頃は酷い目にあっていたので、きいさんの仰っしゃる通りです。<br>ワタシの本能では離れた方が良いって危険信号が出ていたのに…お相手に何度も何度も別れたいと話したのに…結局全て許し受け容れて我慢して…の連続でした。<br>やっと別れられましたが、生きているのが辛いです。<br>ここから抜け出すにはどうしたら良いのでしょうか？<br>アドバイス頂けたら幸いです🌈,@an-rn2fy,2024-03-11T16:27:11Z,mxqVWLBiV3k
【回避傾向】自分を生きることから逃げる。失敗、責任、批判、恥、人を傷つける恐れなどを最優先にして人生が停滞する,103401,31,私は常に人一倍努力しなきゃいけないと思っていて、「現状に満足してしまうのは逃げ、もっと上を目指せる」と自分に言い聞かせてしまい、気付かぬ内に自分を苦しめていることがよくあります、、、おかげで多くの目標を達成できてはいるのですが、、、<br>たまには自分を褒めて甘やかしてあげようと思います！！笑笑,@さくらもちぃ-t8q,2025-02-17T22:46:47Z,khgpg2jcUCE
【回避傾向】自分を生きることから逃げる。失敗、責任、批判、恥、人を傷つける恐れなどを最優先にして人生が停滞する,103401,31,安心できる場所や、家族丿安心感がないと、リスクヘッジでそうなりますね<br><br>誰も守ってくれないし、頼れないから、八つ当たりされてきたから<br><br>それでも、一握りの優しい人にたまには話します,@kaoruikeda0913,2025-02-05T14:14:36Z,khgpg2jcUCE
【強い劣等感】落ち込みが止まらない、すぐ人と比較、頑張りすぎてしまう、自分を守るために攻撃・敏感になりやすい、理想やプライドが高くなる。,84076,31,劣等感はものすごくあります･･･。<br>とある精神科医のショート動画を見てても「自分を攻撃された」と感じ、辛くなることも多々あります。<br><br>背景として当てはまることはありましたが、<br>社会人になってからの心ない一言が一番強かったのかなと感じます。<br>自分もまた心ない一言を言ってしまう場合が多く、自分を見つめ直すのも辛く逃げてしまうことが多かったです。<br>辛い自分を受け入れることから始めます。ありがとうございます！,@ao1341go,2024-03-24T11:10:36Z,3BV7aU3Dl8w
"【なぜか優しくできない,怒りが湧く】家族／恋人／子ども／近しい人にほどキツく強く当たってしまう心理",683700,30,まさに自分でした<br>結婚してから怒りっぽくなったなと感じていてすごく自分自身が嫌で仕方がありませんでした。<br>何となくではあるものの自分の中でこの心理を分かっていて、相手に期待しすぎないようにしたりして自己防衛していました。結婚してから自分自身すごく弱くなったなと感じていましたが、理由が明確になったので、今後上手くこの気持ちと付き合って行こうと思います。ありがとうございました。,@闇バイト祓い,2025-08-29T01:01:39Z,FpcoL2PZ9zY
【自己愛性パーソナリティタイプ】自分は特別・自分は悪くない・トンデモ行動。自己愛が強い人への対処と改善までご紹介。／ナルシスト、話を聞かない、押し付け、支配的,234791,30,実父と実母が全くこれ<br>非を認めず、他人のせい　子どものせい<br><br>本当関わりたくない,@マカロン-f1n,2024-12-12T12:00:32Z,9ZqyqvABW_8
【愛情と依存の違い】&quot;好き&quot;と混同しやすい&quot;依存&quot;の特徴とは？自分軸で与える愛と、他人軸 or 自己満足で埋めようとする愛。  〜グラデーションで考える〜,211779,30,最近振られて、その人のことを好きだったのも事実だったけど、依存しちゃってたのも事実で、どっちも混ざっちゃってる感じだった。<br>他人軸から抜け出せるように頑張ります。,@Skeny_SSS,2025-10-16T04:11:41Z,Ui7jIx_0sIU
【愛情と依存の違い】&quot;好き&quot;と混同しやすい&quot;依存&quot;の特徴とは？自分軸で与える愛と、他人軸 or 自己満足で埋めようとする愛。  〜グラデーションで考える〜,211779,30,今絶賛就活していますけど、就活と恋愛って同じやな,@db-tg5nh,2025-02-27T04:13:17Z,Ui7jIx_0sIU
【完璧主義】ひとり反省会・人生が変わらない・全てに神経を尖らせている→「自然な自分ではいけない。」という自己否定のサイン,182094,30,非常に参考になります！<br>自分はADHDなのですが、「もっと適当にやればいいよ〜」と言われる度に、「いや、気を抜いたらミスしまくって、あっという間に人生転落するんだよ💢」って少し腹立たしくさえ思ってしまいます^^;<br>外面だけでもフツーに保つので精一杯なんですよね。,@aicanna9814,2023-12-13T09:42:16Z,a7x8US7Rwj4
【情緒的ネグレクト】親の“感情面への”無関心や関わりの薄さ。生きづらい子どもに多い、見えにくい精神的なネグレクトとは？,179891,30,30手前になりますが、なんでこんな何の不自由もない恵まれた家庭なのに生きづらいんだろうこの家が嫌いなんだろう、と思い続けてきた答えが<br>この動画で見つかりました。ありがとうございます。,@kumorinoue,2025-05-14T07:48:25Z,WN3RVQSf7l8
【自分軸と自分勝手の違い】わがままが気になる人へ。場面での対比を見て整理しよう,159398,30,私も自分勝手でわがままでした。しかし、そういう場合自分の意見に自信がないため、他人に同意や承認を求める結果そうなったんだと思います。<br>自愛すると変わっていきます。自分で自分を認めることが大事です、すると他人の意見も自分に吸収しなくなるのでラクです。,@モチ-m6h,2024-02-15T08:21:34Z,htWuimTJmlQ
【アダルトチルドレン】克服の一歩は自己理解。心の平穏を取り戻すため自分に目を向け、心の声に耳を傾けよう。【AC】,151938,30,adhdとアダルトチルドレン併発してるから治すのはなかなか難しい,@あひる-v5s,2024-10-25T23:51:45Z,usIp41t_vo0
【認知の歪み】超身近な苦しくなる思考の癖。認知の歪みとは？10種類の例と改善に向けた対応,130279,30,何年も前に、治療の一環で、認知行動療法を受けました。今の主治医も、私には認知行動療法が合っていると思っていると言っていました。なので、とてもよい復習になりました😊✨<br>冒頭で、「認知の歪みが悪いということではない。全部なくさなくちゃいけないわけではないし、なくすことはできない。認知の歪みは、今まであなたを守ってきたものでもあるから」と前置きされたのが、とても心に響きました。<br>今までの自分も認めながら、極端な考え方や凝り固まった見方を、少しでも客観視して心を柔らかくしていけるようになりたい、そう思いました。,@ruisei-涙星,2023-11-25T11:03:54Z,AxlcavvWwYk
"【なぜか優しくできない,怒りが湧く】家族／恋人／子ども／近しい人にほどキツく強く当たってしまう心理",683700,29,「なんでできないの？私でもできるのに？」がまずいのはよく分かります。<br>ちゃんと自己肯定ができないと、自分よりできない人に会ったときに「こいつはダメなやつだ、ダメな自分を見ているようで嫌だ！」と攻撃的になる可能性があり、さらにできない人を引き合いに出して、自身の価値を周囲に認めさせるといった歪んだ自己肯定に繋がりかねない。移ろいやすい他人軸の評価で得た自己価値は脆く、周囲とのトラブルになる可能性もあるので,@ぼたんぽたん,2025-11-16T14:34:02Z,FpcoL2PZ9zY
"【なぜか優しくできない,怒りが湧く】家族／恋人／子ども／近しい人にほどキツく強く当たってしまう心理",683700,29,家族、友人含め親しくなった途端に甘えで自分の思い通りにならないと理不尽に感情をぶつけてくる人とたくさん出会ってきました。<br>基本的に人に優しく親切に接していると、そのような傾向の人が多く集まる気がします。<br>最終的には甘えられる側が疲弊しきり、関係を終わらせるしかないです。「甘えが出せるほど安心できる相手がいて幸せだ」で終わらずに、相手との境界線をしっかり持って他人を尊重する心を持たなければその関係は必ず破綻します。,@Koyama1102,2025-09-06T06:39:43Z,FpcoL2PZ9zY
【自立しすぎている人】頼れない、任せない、甘えられない。孤独と傷つきを抱え込んできた人,376235,29,これ私だ。恋愛上手く行かない可愛くない女,@りんご-o9f,2023-10-20T23:58:51Z,Rtfu2tdV6Ks
【自立しすぎている人】頼れない、任せない、甘えられない。孤独と傷つきを抱え込んできた人,376235,29,今まで自立してきたので甘えても怒られたり笑われたり引かれたりでやっぱり誰も頼れないんだよな,@おちゃみどり,2023-10-28T11:47:33Z,Rtfu2tdV6Ks
【自立しすぎている人】頼れない、任せない、甘えられない。孤独と傷つきを抱え込んできた人,376235,29,私はアダルトチルドレンではあるのですが、家族と絶縁してひとりで20年生きてきたので、自立し過ぎなことに…（言われたことあり）<br>その結果ひとの顔色を伺っているのですが、「我が強い」と職場で言われました😢<br>私は自分を出さないことに命かけてるのに…,@ナイスカロりー,2023-10-19T12:30:56Z,Rtfu2tdV6Ks
【自立しすぎている人】頼れない、任せない、甘えられない。孤独と傷つきを抱え込んできた人,376235,29,自分の事を言われているみたいでびっくりしました🥲何でも自分でできることを強いられて、強い自分を常に目指してきました。離婚したときも一人で何とかしなければとか常に思い、頑張りすぎていたということを実感しました。良い動画に出会えたと思います。気づかせていただき、ありがとうございました😊,@ayamasaki1927,2023-10-26T15:02:59Z,Rtfu2tdV6Ks
【完璧主義】ひとり反省会・人生が変わらない・全てに神経を尖らせている→「自然な自分ではいけない。」という自己否定のサイン,182094,29,まさに自分のことではっとしました。<br>完璧じゃないと周りに評価されない、完璧にこなさないとダメだ、って昔から思っていました。小学生の時に大勢の前で1人の男の子に些細なミスをバカにされた経験が今でもトラウマ的に記憶に残っていて、失敗は怖いものとして心に刻まれています。学歴主義的な親戚が多かったことも1つの要因なのだと思います。<br><br>怒られても死ぬということはない、大丈夫。というきいさんの言葉に勇気づけられました。頑張ります。,@yuuu601,2024-04-09T11:13:58Z,a7x8US7Rwj4
【敵意帰属バイアス】自分を嫌っているんだと誤解・攻撃されたと誤解をしやすい。自己成長や対人関係の弊害。不信感。まずは傾向に気づくこと。,107541,29,認知の歪みなのか、相手が歪んでるのか本気で分からん時があるｗ<br>お菓子配りで外されるとかグレーな時。こういう時ってみんなどう考えるんだろう。,@あめ-b4r,2024-05-18T07:28:43Z,_uTgEER207c
【敵意帰属バイアス】自分を嫌っているんだと誤解・攻撃されたと誤解をしやすい。自己成長や対人関係の弊害。不信感。まずは傾向に気づくこと。,107541,29,最近友達がやってて俺も試して見た、とても効果的だった思考方法があるからぜひ共有させてくれ。<br>それはずばり、ぺこぱ法（仮称）。<br>なんか嫌に思いそうなことが会った時に「〇〇（嫌なこと）があってもいい！！」といって半分ネタにすると、不思議と視点が少し高い位置に行って俯瞰するような思考にシフトするんだよね。<br>毎回これが効くという訳じゃないけど、嫌なことの半分くらいは乗り越えやすくなった実感はある。<br>それでも乗り越えられないようなことはもう相手が悪いから自分のせいじゃないって思えばいい。,@mash7359,2024-10-18T12:56:56Z,_uTgEER207c
【日常に残る心の影響】知らないで自分を否定したり、現実とのギャップを起こし続けていませんか？大事な自分を理解・受容・幸せへ。,83800,29,めっちゃ当てはまってる、、、<br>結論から喋るの苦手なのも過去が影響してたんだ、、初めて知った,@星鷺,2025-08-21T12:50:00Z,cNzvBWkhm3Y
"【なぜか優しくできない,怒りが湧く】家族／恋人／子ども／近しい人にほどキツく強く当たってしまう心理",683700,28,私もまだ始めたばかりですが、トラウマノートがおすすめです。過去にあった嫌なことを簡潔にノートに書き出して読み返します。自分の分析などは一切書かない事が重要で、悲しかったとか自分の感情も簡潔に書きます。読み返すことも大切です。,@れももん-w3b,2025-09-07T05:16:06Z,FpcoL2PZ9zY
【抱え込みすぎ】「私がやらなきゃ」「何でもできなきゃ」、気を使いまくり、自分が人や状況を操作したい→限界を超えて心が崩れる,664306,28,おっしゃる通り、母親がうつ病で&quot;かわいそうなお母さん&quot;タイプでした。<br><br>子供の頃からずっと頑張ってます。<br>お陰で出世しましたが、益々役割を手放せなくてつらいです。<br><br>なんにもない自分でも存在していいって感覚が無いんですよね。<br><br>カウンセリング受けたり、インナーチャイルドワークやったりしてますが、これまで続けてきた生き方を変えるのって難しいです🤒💭,@恋するウサギちゃん-z,2024-06-07T15:13:12Z,Gaps0b_VXIU
【自立しすぎている人】頼れない、任せない、甘えられない。孤独と傷つきを抱え込んできた人,376235,28,面白いくらいに全て当てはまりますね。おかげさまで自立ではなく孤立しました。<br>「お姉ちゃんなんだから」と【強さ】を求められ、「女なんだから」と【強くなりすぎない】ことを求められる。そんな器用には出来ません。,@k.k.-88,2023-10-27T21:02:07Z,Rtfu2tdV6Ks
【選ぶ権利がある】近くにいる方がいい人と、遠ざける方がいい人【割合と頻度を見てね】,256269,28,見方を変えれば評価が変わることはままあると思っています。自分にあうあわないと人間関係をデトックスするのは、プライベートではいいかもしれませんが、場合によっては成長しない、視野の狭い人間になるリスクが怖いです。地元でめっちゃ楽しそうな、しかし地元しかしらないような方を羨ましく思うときもある反面、新しい環境に飛び込み、いい人も悪い人も含め周りの環境を受け止めて自分が適応し進歩していく人に憧れます。,@kida3269,2023-11-28T15:54:34Z,7tTBN-Ul_Pg
【自己愛性パーソナリティタイプ】自分は特別・自分は悪くない・トンデモ行動。自己愛が強い人への対処と改善までご紹介。／ナルシスト、話を聞かない、押し付け、支配的,234791,28,無自覚、自暴自棄なパーソナリティ障害は人生詰む。生きてるだけで不幸撒き散らす存在になってしまうから。でもこのなかに何かしら該当するものがあっても自覚のある人はそこまで思い詰める必要も無い、少なからずみんなそういう一面ありますし。優秀な層の強迫性障害やインポスター症候群、不安神経症は普通なくらい。好きなことをやって、トラブルが起きたた時に客観的に何が悪かったのか把握出来る能力さえあれば、自己愛強くてもなんら問題ないと思いますけどね。,@かえる-e8y,2024-01-17T02:41:55Z,9ZqyqvABW_8
【自己愛性パーソナリティタイプ】自分は特別・自分は悪くない・トンデモ行動。自己愛が強い人への対処と改善までご紹介。／ナルシスト、話を聞かない、押し付け、支配的,234791,28,自己愛性が非常に強い親友がいます。<br>知り合って一年余り経ちますが、私と関わる中で相手にも考え方に変化が生じてきています。<br>自己愛性が強いことで彼女自身も強い生き辛さを感じており、近頃は渋っていた精神科への通院も始めてくれました。(勿論、私自身も自分の気持ちと相談しながら彼女と接しています)<br><br>それでも自分が息詰まりそうになるときがあるので、その際はこのような動画やサイトを見ています。対応の方向性が間違っていないか再度確認できるし、自分の行動が肯定されたような感じで安心感が得られるからです。<br><br>きいさんの話し方はとても穏やかで説得力にも満ちており、特に安心できました。とても気持ちが軽くなりました😢<br>「周りはあくまでもサポート、本人が気付かなければ変われない」。身に染みて共感できる言葉でした。<br>「どうして分かってくれないの」ともどかしい気持ちになることが日々あるので、改めて気を付けていこうと思いました。<br>個人個人のペースで、気付きの積み重ねが得られるといいですね😌<br><br>(その方にいつかこの動画を勧めるかもしれないので、その際は身バレ防止のためにコメントを消させて頂くかもしれないです。申し訳ないです),@木桶-m7n,2024-01-10T15:47:08Z,9ZqyqvABW_8
【完璧主義】ひとり反省会・人生が変わらない・全てに神経を尖らせている→「自然な自分ではいけない。」という自己否定のサイン,182094,28,適当が嫌で完璧にこなしたいが、私は完璧人間ではないので 失敗とミスを繰り返している自分に嫌気がさします。あと、守備範囲以上の仕事を一人でこなそうとして 他の人に手伝ってもらうと ありがたい気持ちもあるけど まだまだ効率をあげないと…手を早く動かさないと…と自分を責める始末。苦しいです。頭では成長は少しずつしかできないし、成功の後にも失敗はある。わかってはいても受け入れられない事いっぱいある。,@unc2334,2023-12-06T07:36:00Z,a7x8US7Rwj4
【完璧主義】ひとり反省会・人生が変わらない・全てに神経を尖らせている→「自然な自分ではいけない。」という自己否定のサイン,182094,28,一人反省会は、日常です。自分でも、嫌になるくらい、反省ばかりです。誰も底まで、考えてはいないのに、どうしても、毎回、反省致します。,@柊-p8e1n,2023-12-05T07:53:26Z,a7x8US7Rwj4
【情緒的ネグレクト】親の“感情面への”無関心や関わりの薄さ。生きづらい子どもに多い、見えにくい精神的なネグレクトとは？,179891,28,物心着いた頃には母子家庭でした。<br>母は教師だったので不自由はしませんでしたが、夜広い家で1人になるのが怖くて常に着いて回っていたら「金魚のフンみたいだね」と言われました。<br>中学生のとき学校でいじめを受けていましたが、母から情緒的なサポートを受けた記憶がありません。<br>高校生のとき泣いて帰って来て理由を話しても聞き入れてもらえず、過呼吸になりました。<br>何気ないことでも自分の意見を言おうとすると涙が出てきてしまって言葉に詰まります。,@user-js1ze9gm2q,2025-09-25T16:07:57Z,WN3RVQSf7l8
【敵意帰属バイアス】自分を嫌っているんだと誤解・攻撃されたと誤解をしやすい。自己成長や対人関係の弊害。不信感。まずは傾向に気づくこと。,107541,28,10年以上前のことだけど小学生の頃いじめにあったことがあって、当時は大したことないと思ってたのですが現状の自信のなさに繋がってると大人になって気づきました。<br>思考の癖を気付いたり変えたりするのは大変だし、わかっていても咄嗟の状況だと自分の癖を忘れてしまうことも多々ありますが、めげずに意識してみようと思います。,@tenko2091,2024-05-12T11:46:03Z,_uTgEER207c
【敵意帰属バイアス】自分を嫌っているんだと誤解・攻撃されたと誤解をしやすい。自己成長や対人関係の弊害。不信感。まずは傾向に気づくこと。,107541,28,思ったことをスっと言ってくる人が大嫌いです、相手が受け取る時どう思うかの気持ちを考えずに自分が言いたいことを言える神経がわかりません、もう何もいってこないでほしいです、人との意見交換なんていらない,@めいん-ff9nv,2024-06-23T00:49:52Z,_uTgEER207c
すぐ臨戦体制になり食ってかかりやすい心の癖。人を敵に思いやすい「敵意帰属バイアス」② #心理学 #人間関係 #ストレス #教養,105721,28,疲れてたり、落ち込んでる時に時々ある。<br>多分自己肯定感のなさとか、いつ攻撃されるか分からないって身構えてた子供の頃の感覚が抜けてない。<br>こういう時は駄目な時だから、極力独りで静かにしてるに限る。,@AAA-mr1nr,2025-10-26T11:36:18Z,wsR2RjpGWDg
すぐ臨戦体制になり食ってかかりやすい心の癖。人を敵に思いやすい「敵意帰属バイアス」② #心理学 #人間関係 #ストレス #教養,105721,28,まさに自分だ〜って笑いが込み上げました😂 敵意があるんですよね。人が私を脅かすと思い込んでいる。,@butaco_8may2023,2025-09-21T12:45:16Z,wsR2RjpGWDg
【強い劣等感】落ち込みが止まらない、すぐ人と比較、頑張りすぎてしまう、自分を守るために攻撃・敏感になりやすい、理想やプライドが高くなる。,84076,28,分かりやすい劣等感なんですが親が大谷翔平くんや藤井聡太くんをすごいすごいと褒めることを受け入れられません。私もできるのにと思ってしまいます。自分を愛したいです,@まいい-v3e,2024-03-22T07:43:07Z,3BV7aU3Dl8w
【日常に残る心の影響】知らないで自分を否定したり、現実とのギャップを起こし続けていませんか？大事な自分を理解・受容・幸せへ。,83800,28,当てはまる事がいっぱいで辛い…<br>外に出ること、他人が近くにいることがしんどくて、在宅ワークのできる仕事に転職して今は少し落ち着いてます。<br>今のうちに、自分の心をしっかり癒してあげたいなぁ…,@tomolin4480,2025-08-24T12:13:27Z,cNzvBWkhm3Y
【日常に残る心の影響】知らないで自分を否定したり、現実とのギャップを起こし続けていませんか？大事な自分を理解・受容・幸せへ。,83800,28,いつも拝見しています。<br>サラリーマンしてるうつ病経験者です。<br>レビューや打合せが怖くて毎日憂鬱です。<br>この動画でおっしゃっていた「責められるのが前提の人間関係」なんです。今後自意識過剰の薄め方について取り上げていただけるとありがたいです。<br><br>加えて自分の「好き」がいまだにわからないです。漫画やスマホゲームとか手近な好きなものはあるのですが、ただの現実逃避な気がしています。<br><br>怒りはすぐ出てくるのですが、喜と楽への反応がいまだに鈍感です。<br>なかなか心の蓋って開けられないものなんですね…,@tk-il1ob,2025-09-06T08:44:35Z,cNzvBWkhm3Y
"【なぜか優しくできない,怒りが湧く】家族／恋人／子ども／近しい人にほどキツく強く当たってしまう心理",683700,27,恋人や家族のパターンで「付き合ってて気づかなかったのか」って指摘されがちだけどきっとこういうことだよね。<br><br>身内になるから変わってしまう。<br>辛いなあ。,@roof_farm_hiro,2025-08-19T23:56:51Z,FpcoL2PZ9zY
"【なぜか優しくできない,怒りが湧く】家族／恋人／子ども／近しい人にほどキツく強く当たってしまう心理",683700,27,母です。家族ならもっと解って！知って！笑わせて！と…もう疲れた,@押花,2025-08-10T11:21:54Z,FpcoL2PZ9zY
【自立しすぎている人】頼れない、任せない、甘えられない。孤独と傷つきを抱え込んできた人,376235,27,人を頼りたいし甘えたい時もあるけど、裏で何言われてるか分からないし怖くてできない。<br>「だったら、期待しないし信用しないからほっといてくれ」ってなる。<br>人間って結構不確定性あるから(基本性悪説派)😣,@ΦωΦ-δ5σ,2023-10-22T02:02:27Z,Rtfu2tdV6Ks
【選ぶ権利がある】近くにいる方がいい人と、遠ざける方がいい人【割合と頻度を見てね】,256269,27,基本的には良い人で太っ腹なママ友だったけど、意見の押し付けと頻繁な誘いに嫌々付き合ってる自分がいて、エネルギーを吸われてるって言葉に凄くハッとして縁を切りました。行きたくない食事会に無駄なお金使わなくていいし本当にスッキリ！多分そういう人に鍵って話し相手は誰でも良くて私でなくてもいいんだよね<br>今は遠くから彼女の幸せを願っています,@arukoroerupuuta16,2023-12-06T05:02:52Z,7tTBN-Ul_Pg
【選ぶ権利がある】近くにいる方がいい人と、遠ざける方がいい人【割合と頻度を見てね】,256269,27,自分のことは自分が一番解ってる。解ってあげないと自分が可哀想😢<br>幸せを求めるなら自分を愛してあげなきゃね。<br>自分を満たすことが出来て初めて人にも優しくできる,@a-7391,2023-11-06T22:30:58Z,7tTBN-Ul_Pg
【人の力を拡大する人と縮小する人】自分自身との接し方・他者との接し方を見つめてみよう。力を縮小する人の背景は、そばにいた人の影響。,155676,27,僕は職場でずっと力を奪う人に囲まれていました（今もですけど）。そのおかげで、『自分の後輩には同じ想いをさせたくない』という行動理念ができて、この動画でいうところの『力を与える人』になってるなと自画自賛してしまいました😅<br>今はもう力を奪う人の言葉を流す術がありますから、自分も奪う側にならないように気を引き締めようと思いました。,@takimotokazuya,2024-03-07T10:41:34Z,ZFr_SycknUk
【共依存】人間関係のストレスや問題の背景。自分の価値を感じられなければ心が保てない。自己犠牲して周りを優先、人をコントロールしたり人を依存させる。,132084,27,これ最近ありました。相手から依存されるような、それで本当にしんどすぎて距離を置くようにしました。が、そうすればするほど、（自分からみれば）すがってくる、近づいてくる、顔色を伺ってくる。だけど、それに答えていると自分が潰れる、そう感じてはっきり態度に出すようにしました。大分考えましたが、、。この状態は自分にとっても、相手にとっても良くはない、ならやるしかないと。　この動画を見て、自分も境界線をしっかり引いていなかった事が原因だなとも感じました。どこで一線を引くか、相手の事を考えるのも大事かもですが、まずは自分だなと。　参考になりました。,@くわさま,2024-03-17T04:10:49Z,mxqVWLBiV3k
【投影】他人(外側)に自分の感情・欲求や過去を映し出す。＝自分流に解釈している。人間関係や自己理解のために「投影」をチェックしてみましょう,121833,27,過干渉な母が望む成人式や披露宴など、華やかなことに拒否感を持っていました。周りがウキウキしながら着物やドレスの話をするのをバカらしいと感じていました。<br>いろいろな感情を手放した今は、私の僻み・投影だと分かります。若い頃の自分にもっと自由になれーと言ってあげたい！,@kero9598,2024-06-30T00:55:09Z,4StA-DDlEfk
すぐ臨戦体制になり食ってかかりやすい心の癖。人を敵に思いやすい「敵意帰属バイアス」② #心理学 #人間関係 #ストレス #教養,105721,27,思ったことをそのまま言ったり、ぶつからないように注意すらしないのは普通はだめだけどなあ。,@walkinginTOKYOreiwaera,2025-09-11T21:56:35Z,wsR2RjpGWDg
【人に依存しすぎている人】自分に主導権がなくなっている・人に何かしてもらうことを求めすぎる人（自立しなさすぎている状態）,91609,27,テイカー型の人間です。<br>親にも、こうしなさいと言われその通りに生きてきて、自分で決めることが難しくて、今でもやりたい、欲しいって思っても合ってるか分からず、親に聞いてしまいます…。<br>妹は逆に、自分のしたいこと以外はしない人なので、自分で好きなように生きていて羨ましいです。<br><br>人間関係も、自分のこと大好きと言ってくれる人は離れていくのが嫌で、べったり依存してました笑<br>依存してるのは気づいてて、まずいと思ってもやめられなくて…<br>依存して重くなって、友達関係と恋人関係どっちも壊れちゃって😭<br>後者は依存しまくって、相手から好かれてないという思い込みが強すぎて振られました…<br><br>育てられた環境が悪かったし、ずっと環境のせいにしてても、変わらないだけなのでふんぎらないとですよね<br><br>過去の嫌なことや、環境は傷ついてきたことで、無かったことにはならないし、許すつもりもないですが…<br><br>わがままと、自分の意見をいうの違いが分からない、自分で決めるのが怖くて逃げてましたが、少しずつ食べたいものとかでも、自分で決めようと思います！,@pokapoka4215,2024-03-11T13:50:04Z,27c9_QRTctI
【人に依存しすぎている人】自分に主導権がなくなっている・人に何かしてもらうことを求めすぎる人（自立しなさすぎている状態）,91609,27,とてつもなくわかります。<br>きいさんの投稿を10％づつ集めると私になります笑😂 難しいけど…ちょっとずつ…やって行けたらいいなと思います。。,@kikip790,2023-10-25T12:09:56Z,27c9_QRTctI
【自己愛性パーソナリティタイプ】自分は特別・自分は悪くない・トンデモ行動。自己愛が強い人への対処と改善までご紹介。／ナルシスト、話を聞かない、押し付け、支配的,234791,26,ビジュアルが大人で<br>言動が赤ちゃんというのは、<br>退行した老人に近いのかもしれない。,@jesstm1338,2024-01-17T06:33:41Z,9ZqyqvABW_8
【情緒的ネグレクト】親の“感情面への”無関心や関わりの薄さ。生きづらい子どもに多い、見えにくい精神的なネグレクトとは？,179891,26,そういえば軽い嘘をつく癖、発動するのは大体威圧感を感じる人にだわ,@獅子原鱗,2025-05-29T06:02:43Z,WN3RVQSf7l8
【人の力を拡大する人と縮小する人】自分自身との接し方・他者との接し方を見つめてみよう。力を縮小する人の背景は、そばにいた人の影響。,155676,26,&quot;自分と1番身近なのは自分”確かにそうですよね😌<br>自分に対してもありがとう、ごめんねを言えるようになって、他人の力も自分の力も拡大できる人になりたいと思いました。<br>動画ありがとうございます😊,@chammy9474,2024-02-21T13:23:27Z,ZFr_SycknUk
【アダルトチルドレン】克服の一歩は自己理解。心の平穏を取り戻すため自分に目を向け、心の声に耳を傾けよう。【AC】,151938,26,自分と他者を分けてしまうと、自分が無くなってしまいます。自分の意思とか自分の気持ちが分かりません...思い出せません...幸せになりたいよ〜泣,@sss-t8j9i,2024-11-04T14:22:38Z,usIp41t_vo0
【共依存】人間関係のストレスや問題の背景。自分の価値を感じられなければ心が保てない。自己犠牲して周りを優先、人をコントロールしたり人を依存させる。,132084,26,とても参考になりました<br>ありがとうございました<br>穏やかに焚き火を見ている気持ちになりました,@merrowmelon3024,2024-02-28T12:36:16Z,mxqVWLBiV3k
【人に依存しすぎている人】自分に主導権がなくなっている・人に何かしてもらうことを求めすぎる人（自立しなさすぎている状態）,91609,26,初コメ失礼します。<br>　凄く自分に当てはまってゾッとしました。主体性を放棄しているのは、思いあたったので、原因が分かりスッキリです。教育界で仕事していますが、去年は管理職、同僚、子供のどこにも拠り所がなく、ストレスを抱え込んで休職したのが改めて分かった気がします。今年は、３つとも恵まれて仕事が楽しいです。,@果物美味しい-p1t,2023-12-07T11:50:24Z,27c9_QRTctI
【人に依存しすぎている人】自分に主導権がなくなっている・人に何かしてもらうことを求めすぎる人（自立しなさすぎている状態）,91609,26,私、これです、恥ずかしながら、夫との共依存から抜けようとして凄く大変で、なぜ決められないのかと悩んでここにたどり着きました,@miinmiin555,2024-05-18T05:05:55Z,27c9_QRTctI
【人に依存しすぎている人】自分に主導権がなくなっている・人に何かしてもらうことを求めすぎる人（自立しなさすぎている状態）,91609,26,自分の行きたい食べたいものすら調べず、かわりに私にさせようとする人が元友人にいました。オイシイとこクレクレだから愚痴も多くてそれも一方的で雰囲気壊すで、流してましたがあるときブチギレて縁を切りました。<br>その後自己分析しましたが、ギバー型依存の面もあったかもしれません。サービス精神旺盛…みたいな。自覚してないテイカーって割といるので、カモにされないように気をつけようと思いました。,@gdppta,2024-01-16T02:58:40Z,27c9_QRTctI
【強い劣等感】落ち込みが止まらない、すぐ人と比較、頑張りすぎてしまう、自分を守るために攻撃・敏感になりやすい、理想やプライドが高くなる。,84076,26,今やっている仕事で、すごくお客様に怒られてしまいました。何人ものお客様にです。<br>同僚たちは「気にすることない」「あなたの能力が低いわけじゃない」と励ましてくれます。<br>でもやっぱり他の人は評価されて、お客様を喜ばせることができます。私はできません。<br>多分思ったよりも傷ついたんだと思います。「自分がダメだからこんなこと言われなきゃならないんだ。」と思いました。<br>動画できいさんが仰られていたように「怖かったね。」と自分に声をかけてみたら涙が止まらなくなりました。<br>好きな仕事だからとても頑張っていますし、これまでは評価もされてきたと思います。<br>続けたいのに今はとても逃げ出したくて辛いです。,@ぽこよし,2024-03-21T01:51:05Z,3BV7aU3Dl8w
【自立しすぎている人】頼れない、任せない、甘えられない。孤独と傷つきを抱え込んできた人,376235,25,なんでも「しすぎ」はダメってことか<br>理想の自分に「依存」しているというのは勉強になった,@シナウサギ,2023-11-03T22:32:38Z,Rtfu2tdV6Ks
【自立しすぎている人】頼れない、任せない、甘えられない。孤独と傷つきを抱え込んできた人,376235,25,子供の頃からお姉ちゃんとして育てられた。<br>自分のことは自分でする。お世話をしてあげる、面倒をみる、頼られる事を望まれてたし、そうすることで周りの大人に認められてきた。だからか、自分が大人になってもそのまんまなんですよね。<br>今更変えれないし、変えることで自分の存在意義がなくなる気がする。<br>ある意味承認欲求が強いんだと思う。<br>だから、誰かに全てをさらけ出す事ができない。深い人間関係を築けない。,@ルウ月,2023-10-28T13:07:45Z,Rtfu2tdV6Ks
【自己愛性パーソナリティタイプ】自分は特別・自分は悪くない・トンデモ行動。自己愛が強い人への対処と改善までご紹介。／ナルシスト、話を聞かない、押し付け、支配的,234791,25,私はターゲットにされてひどい目にあいました。寛大な気持ちには私には無理でした。でも、どうして周りの人はあんなに簡単に自己愛さんの言うことを間に受けてしまうんでしょう？嘘ばかり言っているのに。,@79nacky6,2024-08-08T04:32:03Z,9ZqyqvABW_8
【愛情と依存の違い】&quot;好き&quot;と混同しやすい&quot;依存&quot;の特徴とは？自分軸で与える愛と、他人軸 or 自己満足で埋めようとする愛。  〜グラデーションで考える〜,211779,25,今までの自分は右側の依存タイプで、自分軸がありませんでした。<br>男女の関係も、同性の人間関係も見直し、左の好きのタイプを見習って自分軸を大切にしていきたいと思います。,@amicchi0330,2025-02-24T12:55:28Z,Ui7jIx_0sIU
【完璧主義】ひとり反省会・人生が変わらない・全てに神経を尖らせている→「自然な自分ではいけない。」という自己否定のサイン,182094,25,動画を視聴して、自分の中にある「完璧主義？だけど、一般的に言われている完璧主義じゃないんだよなぁ…」というモヤモヤが解消されました。<br>完璧にこなす事で喜びよりも安心感を感じでいたからです。<br>思い返してみれば、兄妹や友人、恋人など周囲の人間が自分よりも優れていたため、<br>直接言われなくても、自分自身で勝手に比較して、自己嫌悪に陥っていました。<br>今現在も職場の方々と自分を比較して、不安になることもありますが、<br>この動画を通して、少し気が楽になりました。<br>偶然とはいえ、この動画・チャンネルに出会えて良かったです。,@user-e75e,2023-12-17T04:56:00Z,a7x8US7Rwj4
【アダルトチルドレン】克服の一歩は自己理解。心の平穏を取り戻すため自分に目を向け、心の声に耳を傾けよう。【AC】,151938,25,ACについては10代の頃に既に概念を知っており、様々な方法を使って自分と向き合ってきました。<br>そのため、昔のことを考えると、だいぶ心は癒やされてきたと思います。<br>それでも、今でも時折AC由来の心の傷が突発的に痛むことがあり、今日も夫に八つ当たりして自己嫌悪に陥りました。<br>「こんなつまらないことで怒ってしまう私、最低だ⋯」と。<br><br>でも冷静に考えると、人間なら誰しも八つ当たりしてしまうことはありますよね。<br>（特に女性はホルモンバランスにも左右されるし）<br>その辺、私はやっぱり完璧主義な部分がしぶといなと感じています。（＾＾；<br><br><br>家庭内戦争（家庭内サバイバル）で必死に戦ってきた私へ。<br>あんな極限状態の中、長年よく頑張ってきたね。<br>理不尽な目に遭わされ続けて嫌になったこともあったし、必要なことを教えてもらえずに外で恥をかかされたことも沢山あったね。<br>大学時代にうつ病になったとき、家族の誰からも理解されず、嘲笑されたりすることもあって、本当に屈辱的だったね。<br>そんなどん底状態にいたにも関わらず、自分で人生を切り拓こうと頑張ってきた私は、どう考えても凄いし偉いと思う。<br>心理学の知識を独学で勉強したり、自分の頭で考えて動いてみたり、親へ期待することをやめて自分の道を歩もうと大胆な挑戦をしてみたり⋯<br><br><br>失敗もたくさんしたけど、そこから学んで修正して、少しずつ着実に成長していったよね。<br>何なら、同世代の子たちができないような経験をいっぱいしてきたから、直感的に本質を突けるようになったよね。<br><br>優しい夫に出会えたのは、そうやって自分としっかり向き合ったご褒美だよ。<br>今後もまだまだ辛いことが出てくると思うけど、今までこれだけ頑張ってこれた私だから、これからも何だかんだ言って、ちゃんと乗り越えられるはず！<br>絶望的に諦めていた結婚（温かい家庭を持つこと）だって、ちゃんと叶えたんだから大丈夫！<br>夫を頼りながら（振り回しながら 笑）自分のペースで自分らしく楽しく生きていきな♪,@kominatonanami,2024-10-24T18:12:36Z,usIp41t_vo0
【アダルトチルドレン】克服の一歩は自己理解。心の平穏を取り戻すため自分に目を向け、心の声に耳を傾けよう。【AC】,151938,25,ありがとうございます<br>すべて当てはまります<br>もう48歳ですが、精神の成長は12歳ごろから止まっています<br>克服して普通の生活を送りたいです,@momonga105,2024-10-31T22:36:07Z,usIp41t_vo0
【認知の歪み】超身近な苦しくなる思考の癖。認知の歪みとは？10種類の例と改善に向けた対応,130279,25,よく怒られてないのに(相手はまともな人で話し合いのつもり)<br>私がすぐなんでも怒られていて一方的に私のせいにされてるような気持ちになります😢<br>話し合いができません😅自己防衛のために黙ってしまいます。。<br>何かヒントになるような動画があれば嬉しいです。,@むぎむぎむぎ通信,2023-11-22T12:07:27Z,AxlcavvWwYk
【投影】他人(外側)に自分の感情・欲求や過去を映し出す。＝自分流に解釈している。人間関係や自己理解のために「投影」をチェックしてみましょう,121833,25,人を好きになってみたいという感情があるのに、(恋愛ってなんか怒られそう・周りからニヤニヤされるかも)という考えからいまだにちゃんと恋愛をしたことがありません。もう20代後半ですが、自分を罰する気持ちが強くてつらいです😢,@travelingpeach-b3l,2024-06-27T17:09:12Z,4StA-DDlEfk
【敵意帰属バイアス】自分を嫌っているんだと誤解・攻撃されたと誤解をしやすい。自己成長や対人関係の弊害。不信感。まずは傾向に気づくこと。,107541,25,周りの目を気にしてしまう瞬間は今でも0にはできないのですが、自分が思うほど周りは私のことばかり見てるはずがない(というかほぼ気にしていない、無関心)と思うと、圧倒的に周りの人の目について考える時間が減りました。あと、スヌーピーの格言にある、「僕のことを好きじゃない誰かのことでくよくよする時間はないんだ。僕は、僕を大好きでいてくれる人を大好きでいるのに忙しすぎるからね。」という言葉に勇気をもらえたこともありました🍀,@s2happys2,2024-04-24T15:51:33Z,_uTgEER207c
【人に依存しすぎている人】自分に主導権がなくなっている・人に何かしてもらうことを求めすぎる人（自立しなさすぎている状態）,91609,25,実家の居心地の悪さから逃げ、付き合って2日の彼氏と同棲し3年が経ちました。自分で何か決める事ができない私を仕事も生活も導いてくれました。いや、そう思っていただけかもしれません。はたから見ると、双極性障害と診断されたり職を点々としたりマルチに引っかかって借金したり、おかしくなってるように見えたそうです。最近、自分の意見や将来を考え始め、彼に依存してしまっている自分に気づき、彼と別れ実家に戻ってきました。まだ、なにか不安で仕方ないです。何が不安なのかわかりませんが説明できない不安が怖いです。親に言えない借金もあったり、ゆっくり自分の事を整理していきたいと思います。時々、自分がどんな性格で何が好きなのかわからなくなります。そういう時はどうしたらいいのでしょうか。長々と失礼しました。,@M-lb3fr,2024-08-14T02:09:03Z,27c9_QRTctI
【抱え込みすぎ】「私がやらなきゃ」「何でもできなきゃ」、気を使いまくり、自分が人や状況を操作したい→限界を超えて心が崩れる,664306,24,サムネの特徴、全部自分に当てはまってたからびっくりした…責任感が強くても周りの目が気になって自分の思いが伝えられなかったり、人間不信になった過去もあるから今でも溜め込みすぎちゃう癖が残っています<br>この動画を見てもっと自分を大切にしたり、身近な人を頼って良いんだなと思いました。,@あるふぁ-s9e,2024-05-16T00:41:13Z,Gaps0b_VXIU
【自立しすぎている人】頼れない、任せない、甘えられない。孤独と傷つきを抱え込んできた人,376235,24,1人にこだわりを持っている訳ではなくて、頼ったり任せるタイミングが分からないだけです。<br>私は大家族の長女なんですが、父は殆ど家に居ない上に酷い亭主関白で、その分母親にべったり頼られて生きて来ました。<br>小学校の時には母がノイローゼになり、1歳と0歳の妹達の世話もしてました。<br>周りに頼れる大人がいなくて、「相談する」という考え方もなくて、全部1人でやって来た結果、大人になってもどのタイミングで人に甘えたり頼ったりする所なのか。が本当に分からない。<br>とある相談員の仕事に就き、色々な相談を受けるうちに、「このレベルで頼るの？？」って思ってしまう自分に嫌気が差しています。,@gorogoro285,2023-10-24T10:26:23Z,Rtfu2tdV6Ks
【自立しすぎている人】頼れない、任せない、甘えられない。孤独と傷つきを抱え込んできた人,376235,24,男気がある、というか理想の自分がまさにカッコいい番長男みたいな所がある。幸い物凄くダメな自分を見せれる相手がいるので救われました。ダメな自分を見せるときっと見放される、愛想つかれる、がっかりされる、と思ってきたけど全然予想はずれで今までの考え方が崩れた感覚でした。,@tokitobe2450,2023-10-20T02:56:37Z,Rtfu2tdV6Ks
【愛情と依存の違い】&quot;好き&quot;と混同しやすい&quot;依存&quot;の特徴とは？自分軸で与える愛と、他人軸 or 自己満足で埋めようとする愛。  〜グラデーションで考える〜,211779,24,依存って指摘したらめちゃくちゃキレられそう,@hiroooooyukiiiiiiiii,2025-02-19T10:44:54Z,Ui7jIx_0sIU
【愛情と依存の違い】&quot;好き&quot;と混同しやすい&quot;依存&quot;の特徴とは？自分軸で与える愛と、他人軸 or 自己満足で埋めようとする愛。  〜グラデーションで考える〜,211779,24,いい歳してまたフラれて、この動画見たら涙がボロボロ出てきた。<br><br>刺さりまくる。<br>ダメだな自分。,@1nvillage,2025-02-19T10:18:16Z,Ui7jIx_0sIU
【人の力を拡大する人と縮小する人】自分自身との接し方・他者との接し方を見つめてみよう。力を縮小する人の背景は、そばにいた人の影響。,155676,24,力を奪われがちでよく疲れて体調を悪くしがちなので、柳に風で心がけようと思います。ありがとうございます。,@薄紫に染まる,2024-02-29T03:48:29Z,ZFr_SycknUk
【認知の歪み】超身近な苦しくなる思考の癖。認知の歪みとは？10種類の例と改善に向けた対応,130279,24,”常識”というのはその社会に生きる人々の認知の歪みの平均値である,@gillrabbit5691,2023-12-25T21:59:01Z,AxlcavvWwYk
すぐ臨戦体制になり食ってかかりやすい心の癖。人を敵に思いやすい「敵意帰属バイアス」② #心理学 #人間関係 #ストレス #教養,105721,24,心理学ってこんなに有用なんですね。,@yakumee-wasabi,2025-04-08T15:47:58Z,wsR2RjpGWDg
【自立しすぎている人】頼れない、任せない、甘えられない。孤独と傷つきを抱え込んできた人,376235,23,器用貧乏というか、人に任せるより自分がやったほうが効率的なんだよなぁ…。,@user-nh60agrS,2023-11-04T03:47:34Z,Rtfu2tdV6Ks
【自立しすぎている人】頼れない、任せない、甘えられない。孤独と傷つきを抱え込んできた人,376235,23,運によるよ。運が悪いやつはこうでないとすぐに悪いやつに酷いことをされる。でも他人への優しさとか誠実さは持ち続けたいよね。,@caturattie,2023-10-21T10:36:35Z,Rtfu2tdV6Ks
【自分軸と自分勝手の違い】わがままが気になる人へ。場面での対比を見て整理しよう,159398,23,他者と自分を分けられていない私がいましたし、<br>いつも助けて欲しい、都合の良い様に介入して欲しいと考えている私もいました。<br>でも、それって結局他人を都合の良い様にコントロールしたいだけなんだなと気付きました。<br><br>人の考えは違う。それを大義名分にして自分の考えを押しつけるなんてことも日常茶飯事でした。<br><br>・自分と他者は分ける<br>・自分の考え=他人の考えにして押しつけていないか<br><br>そのことを考え、何度も見返したい動画です。ありがとうございます！！,@ao1341go,2024-02-20T11:50:57Z,htWuimTJmlQ
【アダルトチルドレン】克服の一歩は自己理解。心の平穏を取り戻すため自分に目を向け、心の声に耳を傾けよう。【AC】,151938,23,31歳の今になって初めて自分がアダルトチルドレンであることに気づいてしまった強烈な誕生日だ。。。すこしずつ回復したいな,@Ru-el9ug,2025-02-11T14:28:05Z,usIp41t_vo0
【投影】他人(外側)に自分の感情・欲求や過去を映し出す。＝自分流に解釈している。人間関係や自己理解のために「投影」をチェックしてみましょう,121833,23,事実を言っただけなのにマウンティングだと思われてしまうのって、私がその話題を出したのが間違いだったのかと思っていましたが、投影なのですね。<br>私は悪くなかった！ホッとしました。,@ぼたんrf,2024-06-26T09:38:14Z,4StA-DDlEfk
すぐ臨戦体制になり食ってかかりやすい心の癖。人を敵に思いやすい「敵意帰属バイアス」② #心理学 #人間関係 #ストレス #教養,105721,23,これ、私のお父さんだwww<br><br>発達傾向というか、発達持ってるんですよね。<br><br>こうやって今は心理学を発信してくださる方がいるから、焦らなくて済みますね。<br><br>ありがとうございます。,@konyaga-yamada3,2025-10-01T01:34:48Z,wsR2RjpGWDg
【強い劣等感】落ち込みが止まらない、すぐ人と比較、頑張りすぎてしまう、自分を守るために攻撃・敏感になりやすい、理想やプライドが高くなる。,84076,23,サメとカワウソの例えを聞いて、強さとか可愛さとかそれぞれの比較について理解は出来るんですが、でもやっぱりサメは強いし怖いし優勢だよって思ってしまいました。小さきものも、それぞれ良さはあるけど、結局は弱いと狩られる側 なんだよなぁという感じがしてます。<br>強さはこわいです。,@hachimaru-x6t,2024-03-21T02:47:13Z,3BV7aU3Dl8w
【強い劣等感】落ち込みが止まらない、すぐ人と比較、頑張りすぎてしまう、自分を守るために攻撃・敏感になりやすい、理想やプライドが高くなる。,84076,23,自分自身の過去のブランクが許せず、周りの人が皆優れて見え、強い劣等感に苦しめられています。人間性まで劣っていますか？人からの承認を受け取り拒否しない、という言葉にグッときました···😢正に自分も人様も蔑ろにしてきたと思います。反省です···どの動画もとても心に響きます。ありがとうございます。,@iMM257k,2024-04-21T09:21:05Z,3BV7aU3Dl8w
【選ぶ権利がある】近くにいる方がいい人と、遠ざける方がいい人【割合と頻度を見てね】,256269,22,耐えることと頑張ることは別と言われて衝撃を受けました。,@もも-r3u4m,2023-11-23T00:20:27Z,7tTBN-Ul_Pg
【選ぶ権利がある】近くにいる方がいい人と、遠ざける方がいい人【割合と頻度を見てね】,256269,22,心の閉じ方めちゃくちゃ勉強になります…ありがとうございます…<br>この動画を見ていて、1人の人がずっと頭に浮かんでいるので、実践してみようと思います…,@좋아-h4n8,2023-08-16T14:49:14Z,7tTBN-Ul_Pg
【自己愛性パーソナリティタイプ】自分は特別・自分は悪くない・トンデモ行動。自己愛が強い人への対処と改善までご紹介。／ナルシスト、話を聞かない、押し付け、支配的,234791,22,耳が痛くなるような話でしたが、自己愛性の特徴が強いなと思いました。<br>これ以上、誰かに迷惑かけたくないし、苦しさの中で生きているのは嫌なので、自分を見つめ直したいと思います。,@輪-w5d,2025-05-24T07:15:53Z,9ZqyqvABW_8
【自己愛性パーソナリティタイプ】自分は特別・自分は悪くない・トンデモ行動。自己愛が強い人への対処と改善までご紹介。／ナルシスト、話を聞かない、押し付け、支配的,234791,22,自己愛は誰しも持っている部分でもあるので、自己愛性パーソナリティ障害と自己愛性パーソナリティタイプの違いに触れておくのも良いのかな？と思いました,@kaz2394,2024-03-19T04:23:33Z,9ZqyqvABW_8
【自己愛性パーソナリティタイプ】自分は特別・自分は悪くない・トンデモ行動。自己愛が強い人への対処と改善までご紹介。／ナルシスト、話を聞かない、押し付け、支配的,234791,22,父親が自己愛かなぁ…。離れて楽になりましたね。ずいぶん長く話し合いましたが、人への共感性の欠如はどうにもならないようです😢,@つむ-z1t,2024-03-07T01:07:07Z,9ZqyqvABW_8
【自己愛性パーソナリティタイプ】自分は特別・自分は悪くない・トンデモ行動。自己愛が強い人への対処と改善までご紹介。／ナルシスト、話を聞かない、押し付け、支配的,234791,22,はじめまして、コメントします。<br>自分はこうなんだと、あらためて思いました。<br>なにかが嫌われる。人が離れていく。<br>自己愛が強いんですよね。<br>どうしたらいいのかいつも悩みます,@user-ol2nv2yu9i,2024-03-15T00:24:49Z,9ZqyqvABW_8
【愛情と依存の違い】&quot;好き&quot;と混同しやすい&quot;依存&quot;の特徴とは？自分軸で与える愛と、他人軸 or 自己満足で埋めようとする愛。  〜グラデーションで考える〜,211779,22,自立できてないので、自立出来てない自分が辛くなる日があります。😢<br>依存がダメなんだ！と思い込むよりも依存しているのも自分だなと思うようにしたり、自立が全てだと思わないようにコントロールするのも大切だと思いました。,@ちゃんご-s5j,2025-05-01T10:39:11Z,Ui7jIx_0sIU
【愛情と依存の違い】&quot;好き&quot;と混同しやすい&quot;依存&quot;の特徴とは？自分軸で与える愛と、他人軸 or 自己満足で埋めようとする愛。  〜グラデーションで考える〜,211779,22,依存が何かは分かってるしその根っこにある原因も分かってるけど、解決策が全然分からないです。ほとんどの人には自立しすぎ、極わずかな人に依存しすぎになりがち、極端になってしまいますが自分に刻み込まれているのでコントロールできません。,@divingfreak4286,2025-03-08T08:43:23Z,Ui7jIx_0sIU
【情緒的ネグレクト】親の“感情面への”無関心や関わりの薄さ。生きづらい子どもに多い、見えにくい精神的なネグレクトとは？,179891,22,うお…実家で心が休まらない理由かもしれない…一人暮らしになった瞬間めちゃくちゃ心が軽くなったし、「〇〇ちゃん家、良い家族だよね！授業参観いつも両方来るもんね！」って言われて反抗期でも無いのに良いことだと思えなかったんだわ。,@まよまよ-b5f,2025-10-21T15:50:09Z,WN3RVQSf7l8
【情緒的ネグレクト】親の“感情面への”無関心や関わりの薄さ。生きづらい子どもに多い、見えにくい精神的なネグレクトとは？,179891,22,虐待されたわけでもないし不自由なくやりたいことさせてもらってたのになんでこんなに生きづらいんだろって思ってたけどこれだったんですね。これまでのきいさんの投稿で一番しっくりきました。ありがとうございます。,@mt-tm9vz,2025-03-27T15:05:52Z,WN3RVQSf7l8
【共依存】人間関係のストレスや問題の背景。自分の価値を感じられなければ心が保てない。自己犠牲して周りを優先、人をコントロールしたり人を依存させる。,132084,22,正直共依存とまでは行かなくても相手の感情を察する人でないと日本では生きにくそうだなーって思う、協調性とか重要視して出る杭は打たれるし、、,@天使やで,2024-03-15T00:27:11Z,mxqVWLBiV3k
【投影】他人(外側)に自分の感情・欲求や過去を映し出す。＝自分流に解釈している。人間関係や自己理解のために「投影」をチェックしてみましょう,121833,22,私も因果応報とか自業自得とかこんな嫌な目に遭うのは日頃の行いが悪いから？前世の行いのせいか？とか思ってた時期があって疲れてたので、この動画で自分のせいだけではなく、たまたまですよ！と発信してくれて、やっぱりそうですよねって救われました！<br>日々勉強させてもらってます！ ありがとうございます！！,@あっさん-y7x,2024-06-19T14:41:13Z,4StA-DDlEfk
【敵意帰属バイアス】自分を嫌っているんだと誤解・攻撃されたと誤解をしやすい。自己成長や対人関係の弊害。不信感。まずは傾向に気づくこと。,107541,22,確認作業をする事も面倒になっていて、それなら1人でいいやと思ってしまいますが、人と人との中からの成功体験してみたいです😢,@ふくのすけ-g9x,2024-04-11T01:30:13Z,_uTgEER207c
【敵意帰属バイアス】自分を嫌っているんだと誤解・攻撃されたと誤解をしやすい。自己成長や対人関係の弊害。不信感。まずは傾向に気づくこと。,107541,22,私もこのタイプで、消えたいとか逃げたい（死にたいにはならない）とか<br>子供の頃から思ってました<br>歳をとるにつれて、開き直ったのかふてぶてしくなり、<br>勇気を出して事実を人に聞くという暴挙に出始めて（かなり図々しい）<br>その事によって他人からの状況も見え、<br>最近では冗談交じりに小刻みに言うように（確認するように）なり<br>自分の気持ちも安定してきました<br>まわりからもうざいキャラときて定着（笑）でも何もかも公にして風通しのよいものに<br>してしまうと何も怖くはなくなってきました<br>そう思う事もあるよね〜人間だもんね〜<br>全然そんな事ないよ〜もしくは嫌われていたとしても<br>だから何なの？相手にも同じように事情があるんだよ、相手の問題であって<br>自分の問題じゃないよ、もし嫌われたとしても距離をあけて<br>私は私で相手の問題に踏み込まないようにしようとか<br>思うようになりました,@ebihamu,2024-05-17T21:53:06Z,_uTgEER207c
【回避傾向】自分を生きることから逃げる。失敗、責任、批判、恥、人を傷つける恐れなどを最優先にして人生が停滞する,103401,22,人に嫌われすぎるのも人に好かれすぎるのも嫌。相手が自分と一定の距離感を持てないと逃避してしまいます。いつも責任ある立場になることが嫌で流浪の民やジプシーに憧れる。友だちからはバリヤー張ってるってよく言われます。,@pk-ff8bm,2025-03-25T14:14:02Z,khgpg2jcUCE
"【なぜか優しくできない,怒りが湧く】家族／恋人／子ども／近しい人にほどキツく強く当たってしまう心理",683700,21,自分含め家族全員そう<br>特に父<br>毎日全員キレてる,@かか-m5e,2025-09-14T15:36:03Z,FpcoL2PZ9zY
【自立しすぎている人】頼れない、任せない、甘えられない。孤独と傷つきを抱え込んできた人,376235,21,頼れる人が居ればの話ですよね。心強い人はいますが、その人たちも限界まで頑張ってる、自分も限界まで頑張ってる、じゃあ、誰に頼れば良いのか。愚痴ばかり言い合っても進まない、元の環境が変わらないのでは誰も変わらない、そんな毎日を過ごしています。無理しないのではなく、しないと生きていけない人もいるということもわかって欲しい。他力を借りられるなら借りたいけど、借りたくないわけではないというのも分かった上でいるなら、それは自立しすぎている人ではないのか、そのあたりも機会があれば教えていただきたいです。頑張っている皆さん、楽しむことを忘れずに行きましょう！,@km-rx4zr,2023-10-27T12:46:52Z,Rtfu2tdV6Ks
【選ぶ権利がある】近くにいる方がいい人と、遠ざける方がいい人【割合と頻度を見てね】,256269,21,今まで自己肯定感が0に近かった私ですが、最近やっと自信を持てるようになったところに、この動画でお話ししていた行動のような私の努力を否定されたようなことが起こってとても辛かったです。ですが、これはその自分が最近抱えている辛さを癒してくれるような動画でした。<br>自分の気持ちを言語化するのはとても苦手なので、こうやって言語化してくれているのがとても理解しやすく、人にも伝えやすいので、救われています。,@てぃぬ-j9o,2023-12-02T14:50:22Z,7tTBN-Ul_Pg
【選ぶ権利がある】近くにいる方がいい人と、遠ざける方がいい人【割合と頻度を見てね】,256269,21,うぐぅ、、最初の言葉から刺さっています。。何か履き違えていますね。。今メンタルの調子悪くて楽しいこととかあまりできないので、メンタルのお勉強とか似た境遇の人のお話をたくさん聞いています。きいさんのお話はすっと心の中に入ってきて、ありがたいです。,@좋아-h4n8,2023-08-16T14:09:38Z,7tTBN-Ul_Pg
【自己愛性パーソナリティタイプ】自分は特別・自分は悪くない・トンデモ行動。自己愛が強い人への対処と改善までご紹介。／ナルシスト、話を聞かない、押し付け、支配的,234791,21,当てはまる部分があり、ハッしました…,@さち-f6n9c,2024-01-10T12:25:44Z,9ZqyqvABW_8
【愛情と依存の違い】&quot;好き&quot;と混同しやすい&quot;依存&quot;の特徴とは？自分軸で与える愛と、他人軸 or 自己満足で埋めようとする愛。  〜グラデーションで考える〜,211779,21,やばい、名前の分からない病気を病院で診断してもらった時みたいな感覚だ。<br>言語化されることで理解することが出来た気がする...定期的に見なきゃ。,@ttdvf,2025-06-30T16:45:01Z,Ui7jIx_0sIU
【愛情と依存の違い】&quot;好き&quot;と混同しやすい&quot;依存&quot;の特徴とは？自分軸で与える愛と、他人軸 or 自己満足で埋めようとする愛。  〜グラデーションで考える〜,211779,21,みんな依存はしてる。<br>依存の仕方と度合いよね。<br><br>あとこれは心理学とか医学に対して思ってることだけど、世の中色んなタイプの人間がいるのに正しいとされる基準が一つしかないってことの是非は気になる。,@afool7845,2025-05-21T22:41:39Z,Ui7jIx_0sIU
【愛情と依存の違い】&quot;好き&quot;と混同しやすい&quot;依存&quot;の特徴とは？自分軸で与える愛と、他人軸 or 自己満足で埋めようとする愛。  〜グラデーションで考える〜,211779,21,途方もなく長い人生の空虚感を埋めようとしていたのかもしれません,@ree-i6r,2025-02-19T16:17:38Z,Ui7jIx_0sIU
【完璧主義】ひとり反省会・人生が変わらない・全てに神経を尖らせている→「自然な自分ではいけない。」という自己否定のサイン,182094,21,ぐぅの音も出ませんでした。低評価が恐怖より、自己評価が地の底です。「〜でなければならない」「〜であるのは当然」は勿論、「やってもらうのはありがたいけど、二度手間になるから触らないで」「文句言うなら自分でやれ」という固定概念？があり、そもそも自分にスパルタです。対処方法を取り入れて、もう少し生きやすい生活をしていけるようにしていきたいと思います、ありがとうございます。,@柳楽維人-v8x,2023-11-21T07:17:33Z,a7x8US7Rwj4
【情緒的ネグレクト】親の“感情面への”無関心や関わりの薄さ。生きづらい子どもに多い、見えにくい精神的なネグレクトとは？,179891,21,初めて動画を拝見しました。私は不安障害で精神科に通う60手前の主婦です。一年ほど前から母親と同居を始めていますが、毎日の生活に生きづらさを感じ、これが今に始まったことでなく、幼い頃から違和感があったことだったと気づき、主治医と話しの上で、「ネグレクト」という言葉が飛び出して来ました。私はそんな環境で育って来たのかと、改めて知ることとなり、私の疾患の要因は両親にあると断言されました。<br>動画の内容、「情緒的ネグレクト」という言葉があるということに、まず新たな発見をして、私に当てはまる項目ばかりでしたので、思わず頷きながら拝聴してしまいました。とてもわかりやすく、優しく語りかけていただけて、安心感を感じられました。<br>ありがとうございました。,@ふろーれんすみーこ,2025-04-02T07:00:54Z,WN3RVQSf7l8
【情緒的ネグレクト】親の“感情面への”無関心や関わりの薄さ。生きづらい子どもに多い、見えにくい精神的なネグレクトとは？,179891,21,やっと自分がどういう状況なのか、このサムネでもう既に分かる<br><br>親に良くしてもらってるから<br>文句が言えないは本当にずっと思ってました。<br>私が悪いんだから我慢しなきゃって。<br>言語化してくださってありがとうございます。<br>今でも親には感謝してるし好きだから、なんとも言えない感じだけど、未だに人を好きになれないし自分のことも好きになれない。,@kitamachi1026,2025-04-05T12:57:22Z,WN3RVQSf7l8
【自分軸と自分勝手の違い】わがままが気になる人へ。場面での対比を見て整理しよう,159398,21,人に頼ってもらえるととても嬉しくて頑張ろうって思えるからすごく充実した気でいたけど、この動画を見て実はめちゃめちゃストレスになってるんだなって初めて気がつけました,@桜大福,2024-02-22T13:15:54Z,htWuimTJmlQ
【自分軸と自分勝手の違い】わがままが気になる人へ。場面での対比を見て整理しよう,159398,21,難しい問題ですね。<br>経験上、他人の好きなものや人の話で意見を聞かれてもいないのに『私はそうは思わない』とか言ってしまうと相手によっては場が凍りますから。<br><br>相手から意見を求められるまでは相づちか<br>『私は誰々が格好いいと思ってる』<br>と持っていく方がお互い自分軸を守りつつ互い気持ちよく会話できるのかもしれません。,@azu4950,2024-03-19T09:43:18Z,htWuimTJmlQ
【認知の歪み】超身近な苦しくなる思考の癖。認知の歪みとは？10種類の例と改善に向けた対応,130279,21,初めてコメントします。<br>私は現在55歳の会社員です。自称ダメ社員です。<br>こんな私なので会社員としての評価は常に標準以下です。<br>しかし私は仕事を含め、手抜きや誤魔化しなどしないという自負があります。<br>しかし評価はそんな次元のものではないので、「自分は一生懸命やっている！」と思っていても痛いだけなんですね。<br><br>「俺はダメ人間なんだ」と思っているときに認知の歪みという言葉が目につきました。<br>自分で自分を卑下する状況を見直したいと思っていたのでタイムリーだったと思います。<br><br>自分が作り上げてきた今の自分。<br>冷静に見つめ直して行きたいと思いました。<br>今後も参考にさせて下さい。<br>チャンネル登録しました。,@鈴木健太郎-r5y,2023-12-25T02:27:05Z,AxlcavvWwYk
【敵意帰属バイアス】自分を嫌っているんだと誤解・攻撃されたと誤解をしやすい。自己成長や対人関係の弊害。不信感。まずは傾向に気づくこと。,107541,21,本当につらい。<br>けれども、自分だけでは無かったと、このコメントの多さに少しだけ安堵している。<br>道行く人の中にも同じような人がいるかもしれないと思えれば、ほんのわずかでもらくになれるかな。,@blindsword20000,2024-06-26T14:33:06Z,_uTgEER207c
【人に依存しすぎている人】自分に主導権がなくなっている・人に何かしてもらうことを求めすぎる人（自立しなさすぎている状態）,91609,21,ちょっと耳が痛いであります………,@kane-you-0124,2023-11-09T22:54:58Z,27c9_QRTctI
【人に依存しすぎている人】自分に主導権がなくなっている・人に何かしてもらうことを求めすぎる人（自立しなさすぎている状態）,91609,21,初コメントです！凄く共感出来ることばかりでした…良くも悪くも自分からこうなりたい！って気持ちが湧かず主体性が無い、自信が無いから人に指示を貰う、依存する、承認して貰わないとメンタルかやられるなと思いました。<br>自分で決めることは勇気がいりますが、小さいことから自分で選択すること実践して行きます！,@すけどり,2023-12-01T13:20:31Z,27c9_QRTctI
【強い劣等感】落ち込みが止まらない、すぐ人と比較、頑張りすぎてしまう、自分を守るために攻撃・敏感になりやすい、理想やプライドが高くなる。,84076,21,"<a href=""https://www.youtube.com/watch?v=3BV7aU3Dl8w&amp;t=890"">14:50</a>「俺が大谷翔平になれないように、大谷翔平も俺になれない。しかし大谷翔平は俺になりたいと思わない」って言葉を思い出した😂",@tekitounitukutta-ID,2025-03-04T22:55:20Z,3BV7aU3Dl8w
【日常に残る心の影響】知らないで自分を否定したり、現実とのギャップを起こし続けていませんか？大事な自分を理解・受容・幸せへ。,83800,21,ひどい家庭環境だった。<br>歳を取れば取るほど、いかに異常な環境でそだったのかがわかって<br>フラッシュバックも酷い。<br>頑張って生きてるのに、突然世界が無理になる。<br>これらの特徴がもう、染み付いて自分の首を絞め続けている。。。<br><br>でも、こうやって原因や解決策を示してくれると<br>少しだけ明るい光が見える気がする。。。<br>きいさん本当にありがとうございます🙏,@kero327chi2,2025-09-25T01:33:08Z,cNzvBWkhm3Y
【日常に残る心の影響】知らないで自分を否定したり、現実とのギャップを起こし続けていませんか？大事な自分を理解・受容・幸せへ。,83800,21,全て当てはまってます💦<br>特にATM、早くどかないとと思ってドキドキしてます💦<br>自意識過剰なのかなと思っていたし、自意識過剰と言われたこともあります。<br>やはり子供時代が影響してるんですね😊<br>記憶があまりないですし、怒られていた記憶ばかりです💦<br>参考にさせていただきます🙇‍♀️,@ちぃたん-c7d,2025-08-25T21:45:48Z,cNzvBWkhm3Y
"【なぜか優しくできない,怒りが湧く】家族／恋人／子ども／近しい人にほどキツく強く当たってしまう心理",683700,20,私がそうだ。自覚がある。<br>だから必要以上に他人と仲良くならない様に徹している。,@MEGALOVANILLA,2025-08-26T22:16:00Z,FpcoL2PZ9zY
【自立しすぎている人】頼れない、任せない、甘えられない。孤独と傷つきを抱え込んできた人,376235,20,みんな立派だねぇ,@9amazonia,2023-10-23T11:41:05Z,Rtfu2tdV6Ks
【選ぶ権利がある】近くにいる方がいい人と、遠ざける方がいい人【割合と頻度を見てね】,256269,20,とてもよくわかるお話でした～。離れた方が良い人います～ほんとに。意識的に離れてますが…。物理的にも離れたい…🥺<br>旦那とお姑さん…離れたい～<br>実家に子供連れて里帰りするとほんと戻りたく無くなる～‼️‼️<br>きっと楽になるんだろうな…とはすごく思います。幸せな家庭だとはすごく思うけど…なんなんだろうか、この感じは…😅,@はちきゅう-d9g,2023-08-18T22:29:58Z,7tTBN-Ul_Pg
【自己愛性パーソナリティタイプ】自分は特別・自分は悪くない・トンデモ行動。自己愛が強い人への対処と改善までご紹介。／ナルシスト、話を聞かない、押し付け、支配的,234791,20,こちらが大人になってあげる向き合い方、そーゆー人からこちらを守るためのテクだと分かるのですが、やってるとなんでこんな奴のために頑張らなきゃいかんのだ？？？と嫌悪してきちゃって…😅結果自分が疲れるんですよね。,@73nyanko,2025-12-11T22:58:24Z,9ZqyqvABW_8
【自己愛性パーソナリティタイプ】自分は特別・自分は悪くない・トンデモ行動。自己愛が強い人への対処と改善までご紹介。／ナルシスト、話を聞かない、押し付け、支配的,234791,20,言葉に意味がないこと、もっと早く知りたかった…完璧自己愛の職場の人間に半年攻撃されて病みました。自分も自己愛強めなのでうまくはまってしまって本当に辛かったです。,@シセルヨミエル,2024-01-13T00:18:58Z,9ZqyqvABW_8
【愛情と依存の違い】&quot;好き&quot;と混同しやすい&quot;依存&quot;の特徴とは？自分軸で与える愛と、他人軸 or 自己満足で埋めようとする愛。  〜グラデーションで考える〜,211779,20,最初はすきだったけど、付き合いが長くなり依存になっていきます。<br>こんなもんだと思ってましたが普通は違うんですか？,@たまゆ-p6y,2025-02-21T11:50:34Z,Ui7jIx_0sIU
【情緒的ネグレクト】親の“感情面への”無関心や関わりの薄さ。生きづらい子どもに多い、見えにくい精神的なネグレクトとは？,179891,20,幼少期の記憶があまりないんですが、家族で会話してて「覚えてない」というと、親には「記憶力に問題がある」「忘れっぽい」「あんなに色々経験させてあげたのに」と言われてきました<br><br>私のライフハックは、親の支配が完全に及ばない、離れた場所で、その時の自分の力だけで成果を出して評価を得たことです。それで初めて、「私の考え方や思考には価値があったんだな」「自分なりに動いていいんだな」と思えるようになりました。（時間はかかりますし、完全に過去のトラウマから解放されたわけではありませんが…）,@おさるの子-x9b,2025-09-02T23:17:08Z,WN3RVQSf7l8
【人の力を拡大する人と縮小する人】自分自身との接し方・他者との接し方を見つめてみよう。力を縮小する人の背景は、そばにいた人の影響。,155676,20,私も人に力を与える人、自分の力を拡大できる人になりたいから、さっそくやってみたいです<br>お声が素敵でとても心地良いです🌿,@itoeti,2024-02-22T15:54:03Z,ZFr_SycknUk
【認知の歪み】超身近な苦しくなる思考の癖。認知の歪みとは？10種類の例と改善に向けた対応,130279,20,中間管理職で日々悩みを感じている毎日です。よく、心のフィルターが掛かり、べきねば思考に落ち入りる事が分かりました....<br>早速、負の空想や歪んだ捉え方に苦しめられる事が減るように、日記を付けますね。<br>有益な情報をありがとうございます❤,@ptan963,2023-11-24T05:53:52Z,AxlcavvWwYk
【認知の歪み】超身近な苦しくなる思考の癖。認知の歪みとは？10種類の例と改善に向けた対応,130279,20,認知の歪みというのも分かるんだけど、失礼な事をしてきたりバカにしてくるような人とは離れたいな。,@sunagimo_de,2024-05-05T05:23:36Z,AxlcavvWwYk
【投影】他人(外側)に自分の感情・欲求や過去を映し出す。＝自分流に解釈している。人間関係や自己理解のために「投影」をチェックしてみましょう,121833,20,自覚は無かったですが、思い当たるところはいくつかありましたね。<br>自分を点検して心のメンテナンスをしていきたいと思いました。,@sinthebxsx3810,2024-06-19T10:51:04Z,4StA-DDlEfk
すぐ臨戦体制になり食ってかかりやすい心の癖。人を敵に思いやすい「敵意帰属バイアス」② #心理学 #人間関係 #ストレス #教養,105721,20,「～～言っただけ(ﾆﾔﾆﾔ)」は悪意あると受けとるけど、初対面の人はさすがに悪意ないでしょ(たまにイライラさせるのがうまい天然もいるが),@こんにちは暗闇から,2025-04-29T04:09:08Z,wsR2RjpGWDg
【回避傾向】自分を生きることから逃げる。失敗、責任、批判、恥、人を傷つける恐れなどを最優先にして人生が停滞する,103401,20,幸せになれる、幸せになりたいなんて思ったこと無い。不幸にならなければいい、不幸にならないようにと思って、これでも頑張って生きてきた。それは間違いだった？生きていた意味なかったかな,@manyamamama9182,2025-02-11T05:40:28Z,khgpg2jcUCE
【強い劣等感】落ち込みが止まらない、すぐ人と比較、頑張りすぎてしまう、自分を守るために攻撃・敏感になりやすい、理想やプライドが高くなる。,84076,20,「うまく話せないと、言葉遣いへの劣等感」の背景を考えてみたら、親の顔を思い出しました。<br>いつもは優しい親ですが、私の言っていることが親の価値観とずれていたり、意味が伝わらないと顔が歪んで不機嫌な顔になります。たまに加えて「は？」と言われることも。<br>それを見たときにいつも心がズキッとしたり、腹が立ったり、あぁこんな顔をさせてしまった、否定された、私はダメだという気持ちになりました。<br>だから、仕事ではうまく話せなきゃと緊張するし、メールの文章だけでもとても時間をかけてしまう。<br>相手が不快にならないように、言葉遣いに必死になってしまう癖はここから来てたのかなと、またひとつ私の理解に繋がりました。<br>ありがとうございます😌,@yuta3816,2024-03-23T01:45:14Z,3BV7aU3Dl8w
【日常に残る心の影響】知らないで自分を否定したり、現実とのギャップを起こし続けていませんか？大事な自分を理解・受容・幸せへ。,83800,20,これ、怖かったです。後遺症だって気がつかなかった。だから、日本で人混みにいると疲れるんだなぁと、わかりました。でも、不思議と外国行くと感じなくなるんです。日本人独特のプレッシャーの掛け方だと、子供の頃の自分は理解したのかも💦,@dawin4552,2025-08-28T00:04:28Z,cNzvBWkhm3Y
【抱え込みすぎ】「私がやらなきゃ」「何でもできなきゃ」、気を使いまくり、自分が人や状況を操作したい→限界を超えて心が崩れる,664306,19,これを見て自分が抱え込み自爆系だと気付かされました😮<br>でも実際人に頼る方がストレスなんですよねぇ…。弱みや本音を晒すのも怖いし…。そういうとこが良くないのだと思うんですけどなかなか難しい😂<br>結局一人でいる時が1番心が休まるんですよね😅,@ねこ-r8r,2024-08-12T06:47:17Z,Gaps0b_VXIU
【抱え込みすぎ】「私がやらなきゃ」「何でもできなきゃ」、気を使いまくり、自分が人や状況を操作したい→限界を超えて心が崩れる,664306,19,家族の前でも自分を繕っていて、本当の自分がわからないです。<br>誰と居ても疲れます。<br>抱え込み自爆系……なるほど(´・ω・｀)<br>ありがとうございました、また来ます🙇‍♀️,@ayaka0830,2023-12-04T02:44:48Z,Gaps0b_VXIU
【抱え込みすぎ】「私がやらなきゃ」「何でもできなきゃ」、気を使いまくり、自分が人や状況を操作したい→限界を超えて心が崩れる,664306,19,自分の弱い部分を出す意味がないなぁと思ってしまい、大丈夫なフリをしてしまう😢,@asmr.shiro.4738,2023-11-24T17:59:31Z,Gaps0b_VXIU
【抱え込みすぎ】「私がやらなきゃ」「何でもできなきゃ」、気を使いまくり、自分が人や状況を操作したい→限界を超えて心が崩れる,664306,19,私だけ変なんだと感じていたのですが、こんなに同じ思いを抱いてた人って多いんですね。何がいけないのか自分はどう感じるのか分からず立ち止まっていたので、きぃさんの優しい話し方で謎だった事が整理されてこれから進むべきことが見つかったような気がします。出会えてよかったです。ありがとうございます。,@harukatamaki3911,2024-01-13T12:45:14Z,Gaps0b_VXIU
【自立しすぎている人】頼れない、任せない、甘えられない。孤独と傷つきを抱え込んできた人,376235,19,頼り方わからないし、弱みなんて見せられない、なんなら人任せより自分で片付けた方が早いし後のことも把握出来る、頑張りすぎだよって言われても全然頑張ってないよって本気で思ってた。限界超えて入院して自分をもっと甘やかそうよと言われてここ数年ごしてきたらだいぶ気が楽ですが、自分よりナヨってる男性見るとあなた本当に男です？ってなるのは変わらない…,@ふぐたます子,2023-10-28T07:07:16Z,Rtfu2tdV6Ks
【自己愛性パーソナリティタイプ】自分は特別・自分は悪くない・トンデモ行動。自己愛が強い人への対処と改善までご紹介。／ナルシスト、話を聞かない、押し付け、支配的,234791,19,最近離れた元友人に全て当てはまっていました。<br>自分のミスは無かった事にするのに私のミスは大きく広げていつまでもしつこく罵ったり、私の服装や言葉や趣味、SNSの投稿などあらゆる事を真似しては自分の方が先にやってた私の真似ばっかりして〜みたいに言われてました。<br>やってもらって当たり前で気に入らないとすぐ文句。<br>「ありがとう」「ごめんなさい」は絶対言わない。<br>失敗した事は私のせい、成功した事は自分のおかげ感謝しろ！<br>会う日に雨が降っても行きたい店が定休日でも私のせいにされました。<br>電話は各日にかかってきて職場の愚痴。自分は如何に仕事が出来てすごいか周りは無能かを延々3時間は聞かされていました。<br>共感して友人を続けているうちに自分が無くなりそうで恐くなって離れました。<br>高校からの長い付き合いだったのですが、友人のお母さんも同じタイプの人でした。<br>離れると今度は下手に出て擦り寄って来ていますがもう搾取され傷付けられたくない。<br>きいさんの貴重なお話聞けて離れて良かったんだと気持ちが楽になりました。<br>ありがとうございます。,@nya-Aznable,2024-01-16T00:11:18Z,9ZqyqvABW_8
【完璧主義】ひとり反省会・人生が変わらない・全てに神経を尖らせている→「自然な自分ではいけない。」という自己否定のサイン,182094,19,社会や周りが完璧な人しか求めないじゃん…,@らららコッペパン-o1r,2024-07-01T05:31:10Z,a7x8US7Rwj4
【完璧主義】ひとり反省会・人生が変わらない・全てに神経を尖らせている→「自然な自分ではいけない。」という自己否定のサイン,182094,19,こんなことここで書くことじゃないかも知れませんが、<br>スポーツテストでA判定取ったことを親に報告したら姉は学年1位でS判定だったと言われ、<br>絵のコンクールで銀賞取ったことを親戚に伝えたら、いとこは金賞だった言われ、<br>どれだけ良い結果でも認めてもらえないことが多く頑張ることをしなくなってしまいました…。<br>高校・大学・就職とそこそこの努力でそこそこのとこに行ってしまったので、社会人になった今、頑張り方が分からなくなっています。頑張ると力が入りすぎて空回りするんです。どうやったら治るんでしょう…。,@usimukki,2023-12-19T14:11:36Z,a7x8US7Rwj4
【情緒的ネグレクト】親の“感情面への”無関心や関わりの薄さ。生きづらい子どもに多い、見えにくい精神的なネグレクトとは？,179891,19,負の感情ってまじでいらないな〜と思うくらいには悲しみや怒りを抑圧してきた影響からか、未だに怒り方とか悲しみの伝え方とかわからないし人がいるときに泣くのが難しい<br>そして未だに親って子どもがどう思ってるかも何考えてるかもどうでもいいんだろうなって感覚も抜けない😢<br>ただでさえこんな自分なんだから少しは役に立たないとその場にいる権利や存在価値がないんじゃないかともよく思ってしまう　当てはまりすぎてて苦しい,@飛鳥-t4x,2025-04-07T14:22:54Z,WN3RVQSf7l8
【情緒的ネグレクト】親の“感情面への”無関心や関わりの薄さ。生きづらい子どもに多い、見えにくい精神的なネグレクトとは？,179891,19,先生や親の感情表現は豊かで、マイペース。泣いたり怒ったり大人同士で喧嘩したり。<br>自分が感情を出した時に「そうかそうか。」と受け止めてくれる大人たちが「そういう作戦」で、あしらいやポーズとしてやっているのも子供には伝わりますし、それをわかった上で、いつの間にか感情を「この人には」「この程度で」「こういう風に出す(風に見せる)」を演じている子供の自分がいました。泣きながら、周りの大人の対応を観察しているような😅<br>「1人の時の方が、のびのび本当に泣けるな〜」と感じている子供でした。,@girl-kk6nt,2025-04-07T11:15:31Z,WN3RVQSf7l8
【投影】他人(外側)に自分の感情・欲求や過去を映し出す。＝自分流に解釈している。人間関係や自己理解のために「投影」をチェックしてみましょう,121833,19,敵は自分にいたのかー。<br>自分と対話して癒してあげたいと思います。,@わかな-o3y,2024-06-19T21:05:06Z,4StA-DDlEfk
【敵意帰属バイアス】自分を嫌っているんだと誤解・攻撃されたと誤解をしやすい。自己成長や対人関係の弊害。不信感。まずは傾向に気づくこと。,107541,19,恵まれてる人はいいよね,@EKOQ,2024-12-20T13:03:53Z,_uTgEER207c
【敵意帰属バイアス】自分を嫌っているんだと誤解・攻撃されたと誤解をしやすい。自己成長や対人関係の弊害。不信感。まずは傾向に気づくこと。,107541,19,めちゃくちゃタイムリーでした。<br>まさに私です。<br>最近、返信がなくこんな感じになっちゃってました。。<br>動画にしてくれてありがとうございます😭,@tentekomymy,2024-04-10T15:14:06Z,_uTgEER207c
【敵意帰属バイアス】自分を嫌っているんだと誤解・攻撃されたと誤解をしやすい。自己成長や対人関係の弊害。不信感。まずは傾向に気づくこと。,107541,19,昔の友人がこういうタイプで（社会人になってから変わりました）こちらは何もしていないし思ってもいないのに一方的に被害にあったような事を言われ、周りに対しても攻撃的でした。こうならざるを得ない事情があったにせよ、周りは疲弊しますね・・<br>思ったのですが、このバイアスを持った人が更に酷くなると自己愛性パーソナリティ障害になる事も多いのでしょうか？かなり共通点が多い様に思います。,@mia-miu,2024-04-10T23:45:24Z,_uTgEER207c
【回避傾向】自分を生きることから逃げる。失敗、責任、批判、恥、人を傷つける恐れなどを最優先にして人生が停滞する,103401,19,私は元々は殻の中に閉じこもって回避だったのが、いつの間にか動くことで回避に変わっていたようです。。。<br><br>自分の心地良い環境にいるのが望ましいことはわかっているのですが、<br>そもそも心地良いがどこなのかがわからず迷っています。。。<br>幸いにも自分の好きな趣味に打ち込める環境には戻ってきていますし、<br>そのことに没頭出来る環境に居続けたいというのが本心ですね。<br><br>仕事も休みが少なく体力的に限界が来ていることは明らかですし、<br>これから自分と向き合いながら次の道に進みたいです。,@ao1341go,2025-02-06T10:34:44Z,khgpg2jcUCE
【強い劣等感】落ち込みが止まらない、すぐ人と比較、頑張りすぎてしまう、自分を守るために攻撃・敏感になりやすい、理想やプライドが高くなる。,84076,19,劣等感が強すぎて否定が攻撃に感じるどころか、褒め言葉すら素直に受け止められないです。こんなレベルで褒められるような人間ではないと思います。本当は褒められたいはずなのにおかしいです。,@ピーチテラコッタ,2024-05-19T15:12:37Z,3BV7aU3Dl8w
【強い劣等感】落ち込みが止まらない、すぐ人と比較、頑張りすぎてしまう、自分を守るために攻撃・敏感になりやすい、理想やプライドが高くなる。,84076,19,劣等感が強すぎてデートに誘えません。<br>誘ったら迷惑かな？ウザがられないかな？などと考えてしまい、まあ素敵な人がいてもモジモジ…<br>なんだかしんどいです…,@吉田嶺-q5k,2024-03-20T14:02:41Z,3BV7aU3Dl8w
"【なぜか優しくできない,怒りが湧く】家族／恋人／子ども／近しい人にほどキツく強く当たってしまう心理",683700,18,『自己卑下もしている』ハッとしました！,@mikya38,2025-11-23T19:41:27Z,FpcoL2PZ9zY
"【なぜか優しくできない,怒りが湧く】家族／恋人／子ども／近しい人にほどキツく強く当たってしまう心理",683700,18,恋人がこれやわ。。。でもみんなには、あの人が恋人でいいねえって言われるから私もみんなの一員になりたくなる。付き合う前はみんな側の気持ちで恋してた。,@keredomo,2025-09-09T15:48:32Z,FpcoL2PZ9zY
【抱え込みすぎ】「私がやらなきゃ」「何でもできなきゃ」、気を使いまくり、自分が人や状況を操作したい→限界を超えて心が崩れる,664306,18,今の職場を辞めますと伝えました。「貴方はとても良くやってくれている」「職場の雰囲気をよくしてくれているから、いてほしい」そう言われてありがたいですが、期待されるとプレッシャーで気が重くなります。仕事は少し無理言われても断らずやっていました。どんどん過度に頼まれて、苦痛でした。何か職場に不満があれば職場側も改善するように試みると言われましたが、今の職場はお休みが少ないから、もっと早く帰りたいから、そんな私のただのわがままを言ったところで改善されるわけがない、そもそももっと早く帰れる職場に転職したら？ってなりますよね？普通。と思って、何も不満は無いと伝えました。自分を大事にすることが苦手なので、もっと自分の声を聞いてゆるく生きたいたおもいます。素敵なコンテンツをありがとうございます。,@riririrl_n25,2025-02-23T19:08:29Z,Gaps0b_VXIU
【抱え込みすぎ】「私がやらなきゃ」「何でもできなきゃ」、気を使いまくり、自分が人や状況を操作したい→限界を超えて心が崩れる,664306,18,職場で良いように利用されているなという事に最近気付かされました。<br>それまでは頼られていると思って期待に応えるべく無理を重ねていましたが、チョットしんどくなった時に人に相談した事で気づきを与えられました。<br>利己主義な上司に都合良く使われて潰れてしまう前に、一矢報いようと決意して時を見計らっています。,@追いかけるしかないよね,2024-06-23T08:14:14Z,Gaps0b_VXIU
【抱え込みすぎ】「私がやらなきゃ」「何でもできなきゃ」、気を使いまくり、自分が人や状況を操作したい→限界を超えて心が崩れる,664306,18,今の自分に当てはまっていて、まさに自爆してしまいました。自分ってなんなんだろうな…と悔しくて虚しくて涙が止まらない毎日でした。<br>あまりにも辛かったのでカウンセリングに通っているのですが、こんな自分を見た家族の1人には「お前は甘やかされて育ったから」と言われてしまい、さらに自分のことが嫌いで自信がなくなっていました。<br><br>そんな矢先にこの動画に出会って本当に救われる思いです。ありがとう。,@ところ十之助,2023-12-26T03:54:16Z,Gaps0b_VXIU
【自立しすぎている人】頼れない、任せない、甘えられない。孤独と傷つきを抱え込んできた人,376235,18,自立し過ぎている人は、いつか甘えられる心を許せる相手に出会った時に反動で一気に甘えが出て依存的になるリスクを負っているとも言えるので、少しずつちょい出しで甘えを出せる関係性を作っていけると良いですね。<br>何事も、バランス！！,@ScrapAlley4649,2025-04-23T07:54:14Z,Rtfu2tdV6Ks
【情緒的ネグレクト】親の“感情面への”無関心や関わりの薄さ。生きづらい子どもに多い、見えにくい精神的なネグレクトとは？,179891,18,どうせ分かってもらえないから人に相談しない、に共感しました。暴力はなく普通に育ててもらいましたが、感情を出せないのは、幼いころから今でも変わりません。幼いころ、時間的に父親とはほとんど会わない生活で、母親を怒らせたくないとずっと思っていました。中学生ぐらいから、母親と一緒に過ごすことが本当にストレスでした。どうして、育ててもらったのに感謝できないのかと自分を責めていました。この動画を見てよかったです😢,@この222,2025-10-17T07:25:45Z,WN3RVQSf7l8
【情緒的ネグレクト】親の“感情面への”無関心や関わりの薄さ。生きづらい子どもに多い、見えにくい精神的なネグレクトとは？,179891,18,女で兄と弟がいる中間子です。動画見て泣きました。<br>兄弟全員の学費が重なる時期に進学があり、ひとりだけ奨学金を取るなど不平等を感じていました。習い事もしていたし不自由はなかったですが、兄と弟が浪人もして院にも行く中、自分だけが家から通える範囲で短大でと言われたことが本当に苦しかった。何か差があることを決定的に感じてしまって。「あなたはあなたのことを自分でできるよね」と言われて育ってきた。世の中的には恵まれた方だと思うけど、若い頃はやはり辛かった。,@user-bn8tvgtdfh,2025-10-14T10:22:32Z,WN3RVQSf7l8
【情緒的ネグレクト】親の“感情面への”無関心や関わりの薄さ。生きづらい子どもに多い、見えにくい精神的なネグレクトとは？,179891,18,「子どもなのに大人の顔色を見て気を遣っていて可哀想」と私が6歳頃に母の知人から言われて、母は失礼だと怒っていた😅,@Gyokusenn,2025-05-03T08:36:08Z,WN3RVQSf7l8
【情緒的ネグレクト】親の“感情面への”無関心や関わりの薄さ。生きづらい子どもに多い、見えにくい精神的なネグレクトとは？,179891,18,自分も去年限界が来て精神科にかかったところ、現代なら面前DVと呼ばれる環境だった事、トラウマになっているんじゃないかと言われ、<br>特に、当時悲しかった怒りが湧いたことは認めてあげて良いと言われて衝撃的でした。<br>今なら感じるのは自由だよなと思えますが、それまではそう考える事自体を許してませんでした。<br><br>子供の頃から生まれてきちゃダメだったんじゃないかと何処かで思ってた事。自分が生まれた事は親を縛ってしまう行為なんじゃないか<br>などずっと思ってた事も異常だったし<br>悲しいと思ってよかったんだなと<br>勉強になりました。<br><br>今は、やらなきゃ思考をやめたり<br>他人からの言葉に攻撃されてる？と感じるのはフィルターと分かる事で<br>色々楽になりました。<br>なんかどうでも良くなってます笑<br><br>周りに、私はこんなに可哀想だったんだと振り撒きすぎるのは違うかもですが、自分の内面でそれを受け入れる事は大切ですね。<br>自分まで否定してたら、もう無理になりますね。,@chickenhorse5538,2025-04-02T17:19:47Z,WN3RVQSf7l8
【自分軸と自分勝手の違い】わがままが気になる人へ。場面での対比を見て整理しよう,159398,18,"<a href=""https://www.youtube.com/watch?v=htWuimTJmlQ&amp;t=630"">10:30</a>息子の大好物のお弁当を朝早く作って、息子が食べて帰宅して、弁当の文句言われた時に、腹立って、ありがとうのカツアゲしたくなった事、反省",@Suzu-ka,2024-02-22T01:16:08Z,htWuimTJmlQ
【人の力を拡大する人と縮小する人】自分自身との接し方・他者との接し方を見つめてみよう。力を縮小する人の背景は、そばにいた人の影響。,155676,18,今日もありがとうございます！<br>共感と同情の違いについては、難しく感じました。いままで同情ばかりしてしまっていました😭<br>でも、どうして同情は人の力を縮小してしまうのでしょう...,@MU-fg3uj,2024-02-21T14:46:28Z,ZFr_SycknUk
【アダルトチルドレン】克服の一歩は自己理解。心の平穏を取り戻すため自分に目を向け、心の声に耳を傾けよう。【AC】,151938,18,両親ともに公務員でした。他の子はピアノや水泳その他、伸び伸びと習い事をする中、僕は(弟と共に)学習塾、公文、進研ゼミ、英会話、家庭教師、習字、剣道(公務員家庭あるある)⋯  習い事が楽しいと思ったことがありませんでした。<br>中学で塾成績で全国50位以内にランクするも、親に勝手に決められた大学の在学中に鬱になり引きこもりに。そうなると両親からは暴言の嵐。<br>弟も偏差値70以上の高校(東大合格者あり)に進学しましたが、同じく引きこもりになり(社交不安やパニックで、電車に乗るのも怖かったらしい)大学にすら行けず。<br>両親ともにそこそこのアダチルだったので精神的自立しておらず、親子逆転があったし、子供の気持ちに無関心で世間体だけ気にしていました。<br>本当に兄弟ともに希死念慮が募りました。本当に辛かった。,@ヒロキッド,2024-12-03T10:27:11Z,usIp41t_vo0
すぐ臨戦体制になり食ってかかりやすい心の癖。人を敵に思いやすい「敵意帰属バイアス」② #心理学 #人間関係 #ストレス #教養,105721,18,先日職場の残念なおじさんから心無いひと言を言われました。普段から人を見下した態度で無遠慮な言葉を浴びせてくる人でしたが、積もり積もって私が言い返したことで口論に発展。相手は思ったことを言っただけなんでしょうが、それをこちらが永遠に受け続ける必要はないと思い戦うことを選びました。頭の足りない相手の言動を許していると自分が磨耗します。頭の足りない相手には【無遠慮な言動をすると報復がある】と教え込むことも大切なのだと思います。,@モンステラ-t8b,2025-10-31T01:26:50Z,wsR2RjpGWDg
【回避傾向】自分を生きることから逃げる。失敗、責任、批判、恥、人を傷つける恐れなどを最優先にして人生が停滞する,103401,18,めんどくさい😢生まれたくなかった😢なんで成長しなきゃいけない努力しなきゃいけない,@user-whdosjwbowgrv,2025-02-23T15:24:51Z,khgpg2jcUCE
【人に依存しすぎている人】自分に主導権がなくなっている・人に何かしてもらうことを求めすぎる人（自立しなさすぎている状態）,91609,18,私はおそらくこのタイプとは違うのですが、このタイプの同性が過去から現在まで周囲に多い環境にいるような気がしています。<br><br>「あなたの考え方をもっと知りたい」という気持ちで自分の気持ちを打ち明け、相手の話を聞いてみようとするのですが、本質的に違うということが伝わると距離を置かれてしまって馴染めなかったり、<br>逆に相手が「この人は私を助けてくれる」と思ってくれ、かなり近い距離感で接してくれたけれど、助けてほしい時期が終わるとあっさり離れられてしまうことがありました。<br><br>自信がなく、周りに分かってもらえなかった・助けてくれなかったというコンプレックスがあるのは同じなのに、<br>私のような「じゃあ自分でやるしかない」という方に来た者はすごく少数派で居所がなく、かつ判断が必要な仕事を一手に任されてしまうポジションになりがちで、集団生活がかなりやりづらいなぁと感じています……。<br><br>(「依存しすぎタイプ」のかたを責めているわけではなく、理解して馴染みたいのに1人でさみしいなぁというぼやきです。すみません…………。),@がらす-b1p,2023-10-25T17:29:20Z,27c9_QRTctI
"【なぜか優しくできない,怒りが湧く】家族／恋人／子ども／近しい人にほどキツく強く当たってしまう心理",683700,17,幼少期のトラウマってお風呂の鏡のうろこ汚れみたいじゃない？掃除しても乾いたら復活するやつ<br>頑張って掃除してもぜんぜん取れなくて徒労感が大きい…若い頃よか遥かにマシな人間になったのは確実なんだけど、それでもなおこの動画の全てに当てはまってて道のりは遠い<br>傷つけた人には本当に申し訳なく思っている,@こまぎれにく,2025-11-24T15:12:34Z,FpcoL2PZ9zY
"【なぜか優しくできない,怒りが湧く】家族／恋人／子ども／近しい人にほどキツく強く当たってしまう心理",683700,17,ほんとはさびしいとか、悲しいとかしらんわ。<br>安心してる相手だから、って。<br>ぶつけられる方はメンタルがボロボロになるんだよ。<br>ちょっとした嫌味とかじゃなくてナイフで刺してくるような言葉を投げつけてくるんだもの。<br>言わせるあなたが悪いと言いながら。<br><br>ほんと、本人より、ターゲットにされた人のほうがしんどいのよ。,@ぬーぬー-l3h,2026-01-20T10:29:09Z,FpcoL2PZ9zY
【抱え込みすぎ】「私がやらなきゃ」「何でもできなきゃ」、気を使いまくり、自分が人や状況を操作したい→限界を超えて心が崩れる,664306,17,ワイもこれやけど、人間ってみんなこんな感じじゃないの？,@g-l3b,2024-11-23T11:29:44Z,Gaps0b_VXIU
【抱え込みすぎ】「私がやらなきゃ」「何でもできなきゃ」、気を使いまくり、自分が人や状況を操作したい→限界を超えて心が崩れる,664306,17,今日はつらい日で……頑張り屋さんなんですよね、という優しい声と、きいさんの笑顔で最初から涙が出てしまいました。とても参考になる動画でした。,@nagi2769,2024-02-03T13:24:14Z,Gaps0b_VXIU
【自立しすぎている人】頼れない、任せない、甘えられない。孤独と傷つきを抱え込んできた人,376235,17,自立しすぎ……というより、甘えられない人？<br>自立しすぎは……人に甘える事ができる事も含めて頼もしいイメージ……です。,@nerin3992,2023-10-20T07:52:52Z,Rtfu2tdV6Ks
【自立しすぎている人】頼れない、任せない、甘えられない。孤独と傷つきを抱え込んできた人,376235,17,「人と深いところで繋がれない」とてもわかりみが強いな…昔から良い子でいなきゃ！って思いが強くて、相手からこう見られてるであろう姿に自分を寄せてたから、ついつい弱音を吐けなくて、ドラマチックな友情や素直に接することが出来る友だちっていないかも😢,@なっち-e3u,2023-11-07T11:59:07Z,Rtfu2tdV6Ks
【完璧主義】ひとり反省会・人生が変わらない・全てに神経を尖らせている→「自然な自分ではいけない。」という自己否定のサイン,182094,17,「完璧さ」よりも「勇敢さ」。<br>これはこれは大発見！と感じる言葉でした。気付きを与えてくださりありがとうございます！動画、初めて拝見しました。応援します！,@kosu807,2024-03-03T12:44:01Z,a7x8US7Rwj4
【情緒的ネグレクト】親の“感情面への”無関心や関わりの薄さ。生きづらい子どもに多い、見えにくい精神的なネグレクトとは？,179891,17,すごく腹落ちしました。<br>まさしくこれです。<br>どうして子供の時の記憶がないのかと思ってました。<br>きいさんありがとうございます。<br>これから少しづつ向き合います。,@user-jd7om4fm6u,2025-03-27T02:39:57Z,WN3RVQSf7l8
【自分軸と自分勝手の違い】わがままが気になる人へ。場面での対比を見て整理しよう,159398,17,プレゼントを貰うのが苦手な人の気持ちが、少しわかった気がしました,@生肉チョコバー,2024-03-04T01:18:37Z,htWuimTJmlQ
【自分軸と自分勝手の違い】わがままが気になる人へ。場面での対比を見て整理しよう,159398,17,あまり動画を見て考えが変わることはなかったのですが、この動画を見て、相手が自分の意見と食い違っても、私を否定しているわけじゃないんだなと気づけました。,@pasutaraisuke-e7l,2024-02-22T16:23:55Z,htWuimTJmlQ
【アダルトチルドレン】克服の一歩は自己理解。心の平穏を取り戻すため自分に目を向け、心の声に耳を傾けよう。【AC】,151938,17,現代社会がそもそも皆不安定になるような仕組みになってるんでしょうね…<br>8割が異常になる社会が正常とは思えません。,@Tetra753,2025-04-26T07:49:17Z,usIp41t_vo0
【共依存】人間関係のストレスや問題の背景。自分の価値を感じられなければ心が保てない。自己犠牲して周りを優先、人をコントロールしたり人を依存させる。,132084,17,承認や感謝が人よりも強いかもしれないです。昔から他者評価が自己評価になっているので、嫌われたら終わりだと思ったり 、相手から好意を感じるととても嬉しくて、すぐ好きになってしまうところがあります😢<br>自己肯定感上げていきたいです。<br>動画ありがとうございます。,@chammy9474,2024-04-06T14:25:33Z,mxqVWLBiV3k
【認知の歪み】超身近な苦しくなる思考の癖。認知の歪みとは？10種類の例と改善に向けた対応,130279,17,認知の説明で、今までで1番理解しやすかった！！！,@はらぺこあおむし-d5i,2023-11-24T14:21:10Z,AxlcavvWwYk
【日常に残る心の影響】知らないで自分を否定したり、現実とのギャップを起こし続けていませんか？大事な自分を理解・受容・幸せへ。,83800,17,「普通に働く」が出来ず、人の視線や行動、言葉が自分に向いている様に思えて常に怖い、今も昔もずっと。理解されたい助けて欲しいが言えない自分が嫌い。この動画で少し自分を知れた気がします。,@shuuto029,2025-09-17T15:24:42Z,cNzvBWkhm3Y
"【なぜか優しくできない,怒りが湧く】家族／恋人／子ども／近しい人にほどキツく強く当たってしまう心理",683700,16,最初はこっちも丁寧に接するけど、毎日積み重なっていくと、こちらも我慢できなってくるんですよね。<br>理不尽に感情をぶつけられることに次第に耐えきれなくなり、納得いかないことなどを伝えたりしたら、それに対して向こうが怒ってしまい、お前が性格悪くなったと言われる始末。<br><br>どんどん関係が悪化してしまった。<br>自分を犠牲にして受け止めるのはキツくてしんどかった、、,@mizutama999,2025-09-10T07:17:45Z,FpcoL2PZ9zY
"【なぜか優しくできない,怒りが湧く】家族／恋人／子ども／近しい人にほどキツく強く当たってしまう心理",683700,16,わたしだ、、、、悲しいつらい😢,@ちゅ-z4q,2025-08-10T18:29:16Z,FpcoL2PZ9zY
"【なぜか優しくできない,怒りが湧く】家族／恋人／子ども／近しい人にほどキツく強く当たってしまう心理",683700,16,一言一句自分の事で心臓がバクバクする<br>心理系の話で初めて自分のことだと思った,@user-zekkq,2025-09-18T01:39:07Z,FpcoL2PZ9zY
【抱え込みすぎ】「私がやらなきゃ」「何でもできなきゃ」、気を使いまくり、自分が人や状況を操作したい→限界を超えて心が崩れる,664306,16,動画を見て自然と涙が止まらなくなりました。最近自分で限界が来てるのに気がついていてふと動画に目がいき、見たら当てはまり過ぎてました。<br>会社で頑張り過ぎて、彼氏の前で自分を出していたのですが、彼氏からは会社の完璧な私が普通だと思ってて、怠けてる私を見て「なんでやってくれないの？できないの？素見せすぎじゃない？」と言われて、私はどこでも自分を見せられないんだと悩んでました…<br>それからは彼氏の前でもある程度頑張らないと、我慢しないとって考え過ぎてしんどくなって、でも親にも友達にも相談できなくて限界が来すぎてました<br>唯一心を開いてた彼氏にも言われ、ずっと孤独を感じています。,@teruterubozu67,2024-08-18T00:45:12Z,Gaps0b_VXIU
【自立しすぎている人】頼れない、任せない、甘えられない。孤独と傷つきを抱え込んできた人,376235,16,単純に周囲に本当に頼れる人がいなくて一人でやり続けるしか無かった人もいるからねぇ<br>困ってる時に周囲に任せて良いと思える状態に導かれるのも運だと思うね,@hoshhosh5140,2023-11-08T04:59:32Z,Rtfu2tdV6Ks
【自立しすぎている人】頼れない、任せない、甘えられない。孤独と傷つきを抱え込んできた人,376235,16,頑張る程周りの人間は任せておいたら大丈夫と全て頼ってくる。私がやるのが当たり前になってしまいました。その結果私の夢や自由を無くしてしまった。周りから見ると頑張り屋さんのエライ人。でも私の心は寂しくて虚しい。だけど悪いのは自分😢,@takeyosi-w1w,2023-10-27T04:34:06Z,Rtfu2tdV6Ks
【選ぶ権利がある】近くにいる方がいい人と、遠ざける方がいい人【割合と頻度を見てね】,256269,16,毎回、きいさんだけでなく、スタッフさんまでも優しい方すぎて感動してます,@좋아-h4n8,2023-08-16T14:55:55Z,7tTBN-Ul_Pg
【自己愛性パーソナリティタイプ】自分は特別・自分は悪くない・トンデモ行動。自己愛が強い人への対処と改善までご紹介。／ナルシスト、話を聞かない、押し付け、支配的,234791,16,私の姉がそうですね。美人なのですが、とんでもない人です。<br>疎遠になりました。<br>が、子育てしない人でもあったので、おいは育てました。子育ては大変苦労しましたが、無事子育ては終わりました。<br>関わらないのが一番平和です。,@user-md6pm9gm2w,2025-02-15T01:28:30Z,9ZqyqvABW_8
【自己愛性パーソナリティタイプ】自分は特別・自分は悪くない・トンデモ行動。自己愛が強い人への対処と改善までご紹介。／ナルシスト、話を聞かない、押し付け、支配的,234791,16,自己愛性の理由・背景で1〜3が当てはまってしまった。<br><br>褒められることは少ないのに、少しでも失敗すると虐待は日常茶飯事でした。<br>でもそれは親自身が持った、子供時代のトラウマからくる自己愛性でした。<br><br>受け継がない様に頑張りたいです。,@stealth9096,2024-01-31T07:36:48Z,9ZqyqvABW_8
【完璧主義】ひとり反省会・人生が変わらない・全てに神経を尖らせている→「自然な自分ではいけない。」という自己否定のサイン,182094,16,カウンセラーさんに完璧主義が良くないと言われ、何が良くないのかがずっとわからなかったのですが、不安からくる完璧主義だったのだとようやくわかりました,@user-ld6jc1gn1u,2024-05-26T07:08:50Z,a7x8US7Rwj4
【完璧主義】ひとり反省会・人生が変わらない・全てに神経を尖らせている→「自然な自分ではいけない。」という自己否定のサイン,182094,16,心が苦しくて仕方ない時にこの動画に辿り着きました。<br>お話を聞きながら泣いてしまいました。<br>今まで自分がどれだけ他人軸で生きてきたか…<br>でも私の人生なんだから自分が認めてあげられる自分を目指して生きていきたいと改めて思いました。<br>ありがとうございます。<br>迷ったらまたこの動画に戻ってきます。,@ちょこぱん-f4o,2024-02-18T13:00:10Z,a7x8US7Rwj4
【完璧主義】ひとり反省会・人生が変わらない・全てに神経を尖らせている→「自然な自分ではいけない。」という自己否定のサイン,182094,16,昔から怒鳴られて、結果主義の親に育てられてきて、姉は勉強ができて、周りはスポーツで全国行くような人達しか居ない環境で生きてきたけど、本当に1つのミスの度に、結果が出ない度に死にたくなってた。今もだいぶ苦しんでるし、他者から見ればそんな事で？ってくらい普通の事で死にたくなったりして心療内科に通院中。この動画で小さい頃の私の大袈裟な思考を把握出来て良かったです。私はもう1人で生きていける歳で、何があっても嫌わないと言ってくれる人達がいる今なら、少しずつでも変わっていけるかもしれないと思えました。本当にありがとうございます。,@とりや-y2h,2023-11-29T14:31:52Z,a7x8US7Rwj4
【完璧主義】ひとり反省会・人生が変わらない・全てに神経を尖らせている→「自然な自分ではいけない。」という自己否定のサイン,182094,16,総じて完璧を要求してくるのは他者なんです。<br>立場年齢性別外見から、あいつは完璧な対応をするに違いないと、勝手に決めつけられて、100点でないと批判の対象。<br>困ったものです😂,@KU-xm3rm,2023-11-18T01:38:33Z,a7x8US7Rwj4
【自分軸と自分勝手の違い】わがままが気になる人へ。場面での対比を見て整理しよう,159398,16,ぐふっ、今日もいいパンチをありがとうございます……クリーンヒットしました…去年2ヶ月半ほど休職しました。トイレットペーパーを補充しない、温度チェックなど担当ないものはいつも自分…それなのに両手から溢れる担当場所の指示…耐えられずパンクしました。でも今考えれば「それくらいやれよ」って私の自分勝手だったんだな…自分の中の常識の枠に相手を無理やりはめようとしてたんだと、モヤが晴れた感じです。私の常識は必ずしも相手とイコールにはならないけど、最低限のモラルぐらいは守ろうよ🥲と思うのは自分勝手なのでしょうか？例えば元の場所に物を戻すとか、ゴミ箱に便捨てないとか…,@柳楽維人-v8x,2024-03-01T05:48:47Z,htWuimTJmlQ
【自分軸と自分勝手の違い】わがままが気になる人へ。場面での対比を見て整理しよう,159398,16,他人に合わせるタイプなのに被害者意識で不平不満ばかりで自分勝手だな、自己中なのかなどういう事なんだろうってずっと思ってたのですっきりしました。<br>衝突を怖がりすぎて嫌われ恐怖で成功体験を積めてないからだとよくわかりました。,@tn-om4sk,2024-02-24T16:51:45Z,htWuimTJmlQ
【認知の歪み】超身近な苦しくなる思考の癖。認知の歪みとは？10種類の例と改善に向けた対応,130279,16,こんなけの量をネガティブに自動で感じてたら気が狂うよな…当てはまってるけど、結局なにが本当で何が自分の歪みなのか分からなくなるんだよな,@ジョウジブルー,2024-11-13T10:22:39Z,AxlcavvWwYk
【認知の歪み】超身近な苦しくなる思考の癖。認知の歪みとは？10種類の例と改善に向けた対応,130279,16,今まで生きてきた自分の考え方そのもので、怖いくらい当てはまっていました…すごく分かりやすく説明していただいてありがとうございます🥲,@yu-ka6433,2024-02-07T14:59:22Z,AxlcavvWwYk
【認知の歪み】超身近な苦しくなる思考の癖。認知の歪みとは？10種類の例と改善に向けた対応,130279,16,全部に当てはまる気がするって人が結構あって、私も全部当てはまると思ってしまいました<br>やっぱりネガティブな感情が軸にあって、芋づる式に出てくるような感じがします<br>下手しても色々あって大丈夫だった時もあったはあったのですが、それは当たり前の事で、安心するような良かった事ではないと思ってしまって辛いです,@motokokusanagi_0079,2023-12-17T22:42:30Z,AxlcavvWwYk
【敵意帰属バイアス】自分を嫌っているんだと誤解・攻撃されたと誤解をしやすい。自己成長や対人関係の弊害。不信感。まずは傾向に気づくこと。,107541,16,まさに自分。馬鹿にされるのが怖い日もあるけど、年々攻撃的な事を思うことがふえてきてる,@ヘムヘム-r8d,2025-05-24T05:45:29Z,_uTgEER207c
【敵意帰属バイアス】自分を嫌っているんだと誤解・攻撃されたと誤解をしやすい。自己成長や対人関係の弊害。不信感。まずは傾向に気づくこと。,107541,16,課金してる割と健全なコミュニティに入っています。それでもいいねの数とかコメントが圧倒的に少ないとめっちゃ否定された気分になってしまいます。なんなら嫌われてる？って思います。自分に自信がない人はSNSって向いてないんでしょうか😂どんどん孤独に感じてしまう、でも仲間を見つけるきっかけ作りになるとありがたいし、SNSと上手く付き合う方法があれば是非教えて頂きたいです🙏<br><br>きいさんの優しい語りかけ、いつも癒されます🍀,@mowakj0913,2024-04-11T01:02:37Z,_uTgEER207c
すぐ臨戦体制になり食ってかかりやすい心の癖。人を敵に思いやすい「敵意帰属バイアス」② #心理学 #人間関係 #ストレス #教養,105721,16,こちらは個人的意見を言っただけで相手に強要したわけではないのに、SNSのコメント欄で喧嘩売ってくる人ってこれですよね？<br><br>しかもだいたい初対面でいきなり語気荒く絡んでくるものですから、こちらも余計に不快な気持ちになります,@Morarirurer,2025-08-17T08:03:30Z,wsR2RjpGWDg
すぐ臨戦体制になり食ってかかりやすい心の癖。人を敵に思いやすい「敵意帰属バイアス」② #心理学 #人間関係 #ストレス #教養,105721,16,指摘ってよくないことなんでしょうか？？よく指摘が多いって相手に怒られるんですが。どう思いますか、誰か意見くれると助かります。,@Maruchans,2024-11-17T01:37:20Z,wsR2RjpGWDg
【回避傾向】自分を生きることから逃げる。失敗、責任、批判、恥、人を傷つける恐れなどを最優先にして人生が停滞する,103401,16,視聴5分で辛くなってきました、最後まで頑張って見ます💧こんな自分から早く抜け出したいです。,@ぴよぴよ-x2k,2025-02-10T08:49:43Z,khgpg2jcUCE
【強い劣等感】落ち込みが止まらない、すぐ人と比較、頑張りすぎてしまう、自分を守るために攻撃・敏感になりやすい、理想やプライドが高くなる。,84076,16,小さい頃から周りからの見られ方をすごく気にするタイプで、期待に応えようとしてきた。小学校の卒業式で担任の先生から、「いい子でいようとしなくていいんだよ。これからは本当のあなたでいいんだよ。」って言われた時、バレてたんだという恥ずかしさと気づいてくれてたんだという嬉しさで泣いたの思い出した🥺,@モカリンコmokari,2025-10-08T16:53:33Z,3BV7aU3Dl8w
"【なぜか優しくできない,怒りが湧く】家族／恋人／子ども／近しい人にほどキツく強く当たってしまう心理",683700,15,家族にいます。<br>普段真面目で、自分を犠牲にするほど頑張ってきたからこそそうなんだってのがわかるから、愚痴を聞くけど、否定せずに共感し、ただただずっと聞くのは、感情のゴミ箱になっていくようで辛いです。その辛さは相手にはもちろん、誰にも言えないです。,@orangeImpermanence,2025-11-23T10:42:33Z,FpcoL2PZ9zY
"【なぜか優しくできない,怒りが湧く】家族／恋人／子ども／近しい人にほどキツく強く当たってしまう心理",683700,15,やられる方はたまったもんじゃないけどな。今はだいぶ良くなってきたから平和だけど。,@hareame7913,2025-08-09T02:18:51Z,FpcoL2PZ9zY
"【なぜか優しくできない,怒りが湧く】家族／恋人／子ども／近しい人にほどキツく強く当たってしまう心理",683700,15,姉がこれで、実家暮らしの時私はよく当たられてたな。親にできないことを私にしてたんだなぁ,@もちやまだ,2025-08-06T12:49:14Z,FpcoL2PZ9zY
"【なぜか優しくできない,怒りが湧く】家族／恋人／子ども／近しい人にほどキツく強く当たってしまう心理",683700,15,皆自分を守るために必死に頑張っていたんだね…頑張り方が間違えてることに気付きをくれた動画に感謝です。自分を守るには身近な安心できる人を守り大切にするのが早道。自分と相手はハッピーセットなんだと意識していきたいです。,@エル-e9c,2025-08-23T21:47:56Z,FpcoL2PZ9zY
【自立しすぎている人】頼れない、任せない、甘えられない。孤独と傷つきを抱え込んできた人,376235,15,人に頼ったり甘えるって、何だろうと考えてしまい、結局1人で解決してしまう。,@ぷれーりーどっぐ-z6i,2025-09-27T06:58:07Z,Rtfu2tdV6Ks
【自立しすぎている人】頼れない、任せない、甘えられない。孤独と傷つきを抱え込んできた人,376235,15,大人になって歳をとった今でも周りの人間全てが敵です。<br>守れるのは自分だけ。　<br>親にすら頼れない甘えられない相談できない。　<br>拒絶されるのが怖くて基本相談せず1人でなんとかしてます。,@REN-LUPUS22,2025-05-18T14:26:37Z,Rtfu2tdV6Ks
【自立しすぎている人】頼れない、任せない、甘えられない。孤独と傷つきを抱え込んできた人,376235,15,親に相談してもトンチンカンな話しか返って来なかったので親は頼れなくなりました。,@はなまる-j9x,2023-12-07T09:05:21Z,Rtfu2tdV6Ks
【自己愛性パーソナリティタイプ】自分は特別・自分は悪くない・トンデモ行動。自己愛が強い人への対処と改善までご紹介。／ナルシスト、話を聞かない、押し付け、支配的,234791,15,ある程度権力を持っている連中、己をエリートと勘違いしてる連中に多い傾向があると思われます。<br>困ったちゃんだね。😮‍💨😑,@ペロシ-v1s,2024-01-13T22:54:56Z,9ZqyqvABW_8
【情緒的ネグレクト】親の“感情面への”無関心や関わりの薄さ。生きづらい子どもに多い、見えにくい精神的なネグレクトとは？,179891,15,私はHSPですが、両親は極めて共感力が低く自己中心的です。衣食住は与えられても、学校生活や進路相談など私の生活に全く興味が有りませんでした。今でも自分の愚痴ばかりですし、特に父は威圧的でとても意見を受け入れる様な人ではなかったので委縮して過ごしてきました。子供の頃は気が休まらなかったので正直な所あまり記憶が有りません。<br>私は子供の頃から家庭では変わり者扱いで自己肯定感が低く沢山いじめにも遭ってきました。<br>でも、あるきっかけでカウンセリングを受ける事になり最近になって親の方がおかしいと気付きました。<br>それから気を付けてはいますが、とにかく人間不信が強くて。素直に愛情を受け取れないし、他人に対しての愛情の与え方が分からないです。恋愛も今まで上手くいきませんでした。<br><br>以前よりはマシになりましたがしんどいです。温かい家庭はそんな事無いんでしょうね。,@miumiu7849,2025-05-25T11:18:13Z,WN3RVQSf7l8
【人の力を拡大する人と縮小する人】自分自身との接し方・他者との接し方を見つめてみよう。力を縮小する人の背景は、そばにいた人の影響。,155676,15,「自分にも、ひとにも」というのが大事なところですね😊,@yamasho9154,2024-03-07T11:25:44Z,ZFr_SycknUk
【アダルトチルドレン】克服の一歩は自己理解。心の平穏を取り戻すため自分に目を向け、心の声に耳を傾けよう。【AC】,151938,15,"<a href=""https://www.youtube.com/watch?v=usIp41t_vo0&amp;t=905"">15:05</a> できる事3つ<br>・自己受容〜<br>・境界線、課題の分離<br>・自立〜精神的、自己決定、自己選択<br><br><a href=""https://www.youtube.com/watch?v=usIp41t_vo0&amp;t=1080"">18:00</a> 自分を<br>・責めない<br>・受け取る<br>・やりたい事やる、やめたい事辞める",@samlion1980,2025-05-16T00:28:36Z,usIp41t_vo0
【共依存】人間関係のストレスや問題の背景。自分の価値を感じられなければ心が保てない。自己犠牲して周りを優先、人をコントロールしたり人を依存させる。,132084,15,難しいですね、全く他人に依存なしに人間関係が成立するのかも微妙ですし、自立しすぎると人と関わる必要性が薄くなってきちゃいます。<br>だから、一概に悪いとはいえないけど、本人が辛いのはよくないですよね。,@yui8812,2024-03-18T17:07:43Z,mxqVWLBiV3k
【認知の歪み】超身近な苦しくなる思考の癖。認知の歪みとは？10種類の例と改善に向けた対応,130279,15,素直な人ほどそうなってしまう気がします。<br>お利口な大人しい子供みたいな。,@kus_a-c8c,2025-01-01T07:30:37Z,AxlcavvWwYk
【敵意帰属バイアス】自分を嫌っているんだと誤解・攻撃されたと誤解をしやすい。自己成長や対人関係の弊害。不信感。まずは傾向に気づくこと。,107541,15,人付き合いに疲れた人は、しばらくなるべく誰にも合わないで1人の時間を楽しめば良いと思います！私の場合は、何年かそうしていたら、そろそろあの友達に会ってみるか！って気持ちが湧いてきました。人の気持ちは変化するものなので、その時々の本心に寄り添って素直に生きれば良いのです。誰にも会いたく無い！と言う気持ちの時に無理に誰かに会っても、互いに辛い思いをする結果になるだけなので！,@ScrapAlley4649,2025-04-22T17:21:48Z,_uTgEER207c
【敵意帰属バイアス】自分を嫌っているんだと誤解・攻撃されたと誤解をしやすい。自己成長や対人関係の弊害。不信感。まずは傾向に気づくこと。,107541,15,別に人の事が嫌いなわけじゃないけど変わった感性なのか全然共感が得られなくて、周りに媚売るのもなんか違うなと思って生きていたら基本みんな自分が嫌いの基準が出来ていつも構えてしまってたかも。敵意帰属バイアス酷すぎて人間関係億劫なのでフリーランスで働けるスキルを手に入れました。健全ではないし対処療法でしかないので根本的な解決はしてませんが、むちゃくちゃ楽です。全てにおいて利害関係で、スキルの高さと一緒に働きやすいかどうかだけで判断されるので人との対話も処世術で使う程度のコミュニケーションさえあればあとは全部どうでもいいやと思える。,@かえる-e8y,2024-04-16T04:42:43Z,_uTgEER207c
【敵意帰属バイアス】自分を嫌っているんだと誤解・攻撃されたと誤解をしやすい。自己成長や対人関係の弊害。不信感。まずは傾向に気づくこと。,107541,15,泣いてしまいました。私の傷を言語化して下さりありがとうございました。,@wa-suta.mo.mo.sinamonn,2024-05-18T08:25:59Z,_uTgEER207c
【回避傾向】自分を生きることから逃げる。失敗、責任、批判、恥、人を傷つける恐れなどを最優先にして人生が停滞する,103401,15,信用できない人間ばかりだし誰かが間違えればこれ見よがしに叩きにくる世の中なんだから回避になってもおかしくないだろ,@健二宇都宮,2025-03-16T14:21:39Z,khgpg2jcUCE
【強い劣等感】落ち込みが止まらない、すぐ人と比較、頑張りすぎてしまう、自分を守るために攻撃・敏感になりやすい、理想やプライドが高くなる。,84076,15,劣等感→プライドの流れが自分過ぎて笑った,@WflushMRKW,2024-03-21T05:03:32Z,3BV7aU3Dl8w
"【なぜか優しくできない,怒りが湧く】家族／恋人／子ども／近しい人にほどキツく強く当たってしまう心理",683700,14,これモラハラ気質な人に当てはまるよね。<br>意外と多いんだなぁ…<br><br>友達の元彼がモラハラDV男だったけど、話聞いてたら自分もDV受けてて親との関係が良くなかった人で、「わかってくれない」「愛してくれない」「離れてほしくない」が暴走して暴力に変わってる印象があった。<br>本人も上手く自己分析、言語化が出来ていないみたいだった。,@切干大根-h4i,2025-10-14T23:11:16Z,FpcoL2PZ9zY
"【なぜか優しくできない,怒りが湧く】家族／恋人／子ども／近しい人にほどキツく強く当たってしまう心理",683700,14,いわゆるモラハラがこういう人だなと思って見てました。特に家族（夫婦どちらか）がそうだと大変ですよね。はっきりしてると別れるけどグレーゾーンが難しいですね、、、,@riringomimilk1940,2025-09-01T10:47:48Z,FpcoL2PZ9zY
【抱え込みすぎ】「私がやらなきゃ」「何でもできなきゃ」、気を使いまくり、自分が人や状況を操作したい→限界を超えて心が崩れる,664306,14,抱え込みすぎる、を<br>だから駄目なんだよ、と言わず、その人のスタイルと言ってくれて、すごく優しいというか、認めてくれる感がうれしかったです！,@noborin1861,2024-03-22T09:20:54Z,Gaps0b_VXIU
【抱え込みすぎ】「私がやらなきゃ」「何でもできなきゃ」、気を使いまくり、自分が人や状況を操作したい→限界を超えて心が崩れる,664306,14,自分は看護師で新人教育をしてます。相手はプライドが高くマウントをとり参っています。自分に対する言葉、あたりも強く、今まで誉められたことしかない、自分はできるので指導はストレスと言われ、自分は何がいけなかったか反省の毎日です。任されたからには最後まで諦めたくないし、辛くても辛いと言えない現実、この動画に出会えて良かったです。,@いち-l7p,2024-02-22T18:01:02Z,Gaps0b_VXIU
【抱え込みすぎ】「私がやらなきゃ」「何でもできなきゃ」、気を使いまくり、自分が人や状況を操作したい→限界を超えて心が崩れる,664306,14,最初の特徴の説明で「すごく当てはまるなぁ」と思いながら見ていて<br>次の&quot;このタイプの長所&quot;で「いや、私はそんな事ない。人には好かれないし頼りもないし…」まで考えたところで<br>「これが自己否定……！！こ、これだ…！」と気付いて1人で笑いました。<br>上手く自分に甘くなって生きていきたいです〜,@ano5943,2024-09-27T00:05:06Z,Gaps0b_VXIU
【自立しすぎている人】頼れない、任せない、甘えられない。孤独と傷つきを抱え込んできた人,376235,14,「頼れない」というよりは、「頼ろうとしても自分にだけ周囲の対応がそっけない」という経験があって、頼るのをやめた気がする。<br>嫌われるようなことはしてないし、常に礼儀正しくを心掛けているはずなのに、なぜか自分にだけ周囲の反応が冷たく、見下されていると感じる。<br>反対に、すぐ人に頼っている同期を見ては内心イラつき、馬鹿にしているけど、そういう人の方が職場で好かれているのにも腹が立つ。,@naoki2238,2023-11-11T12:35:48Z,Rtfu2tdV6Ks
【選ぶ権利がある】近くにいる方がいい人と、遠ざける方がいい人【割合と頻度を見てね】,256269,14,自分を開示しないテクニックとしての質問。目から鱗でした😳<br>自分があんまり人に興味持てなくて自分のこと喋りすぎるタイプだったので、ちゃんと興味持って質問できる人になりたいと思っていました。<br>質問と開示をお互いに程よくできてるか、意識しながら人とお話ししてみようと思いました😊,@roof_farm_hiro,2023-11-28T16:12:44Z,7tTBN-Ul_Pg
【自己愛性パーソナリティタイプ】自分は特別・自分は悪くない・トンデモ行動。自己愛が強い人への対処と改善までご紹介。／ナルシスト、話を聞かない、押し付け、支配的,234791,14,職場にザ自己愛がいます。突然攻撃的な態度をとられてイラッとさせられます。極力関わらないようにしています。,@あかめ-h9n,2024-06-24T13:00:17Z,9ZqyqvABW_8
【自己愛性パーソナリティタイプ】自分は特別・自分は悪くない・トンデモ行動。自己愛が強い人への対処と改善までご紹介。／ナルシスト、話を聞かない、押し付け、支配的,234791,14,10年くらい付き合いのある職場の同期がいます。趣味が元々合って絡み始めましたが、あとあと見たらまさにこの動画の自己愛性パーソナリティの極みでした。<br>絡むんがしんどいので距離をおき始めると周りの人に私の事を悪く言う嫌がらせを始めて来ましたが、考えずすぐ行動するタイプなので放置すれば何かしら自滅すると思い暫く待つと、別のコミュニティで問題を起こし案の定でした。<br><br>周りの目上の人間が精神科やカウンセラーを勧めたのか知りませんが見違えたようにバグのない人柄になり、過去のあれは幻だったのかと思うほどです。<br><br>ちなみにその同期は親が自己愛さんでした。<br>親元出て修正に何年もかかると思うと大変だなと思った。<br><br>この動画内容は対応方まで素晴らしいです。この動画に5年前に出会いたかった。,@マウントたか,2024-01-20T14:30:19Z,9ZqyqvABW_8
【自己愛性パーソナリティタイプ】自分は特別・自分は悪くない・トンデモ行動。自己愛が強い人への対処と改善までご紹介。／ナルシスト、話を聞かない、押し付け、支配的,234791,14,俺やん！ってなりました😳,@だーその-p6b,2025-03-31T22:28:35Z,9ZqyqvABW_8
【愛情と依存の違い】&quot;好き&quot;と混同しやすい&quot;依存&quot;の特徴とは？自分軸で与える愛と、他人軸 or 自己満足で埋めようとする愛。  〜グラデーションで考える〜,211779,14,"教育虐待サバイバーなんだけど、 <a href=""https://www.youtube.com/watch?v=Ui7jIx_0sIU&amp;t=326"">5:26</a> 見たら、うちの母って子供に依存してたんだなってわかった",@吉田つかさ-y2r,2025-02-19T13:58:39Z,Ui7jIx_0sIU
【愛情と依存の違い】&quot;好き&quot;と混同しやすい&quot;依存&quot;の特徴とは？自分軸で与える愛と、他人軸 or 自己満足で埋めようとする愛。  〜グラデーションで考える〜,211779,14,耳が痛いであります………,@kane-you-0124,2025-02-19T11:46:21Z,Ui7jIx_0sIU
【完璧主義】ひとり反省会・人生が変わらない・全てに神経を尖らせている→「自然な自分ではいけない。」という自己否定のサイン,182094,14,仕事をしている時の自分に、まるっきり当てはまっていました。<br>不安が募りに募って爆発してしまう程で、カウンセラーさんにも相談しました。完璧主義なんですねって言われても、完璧主義って最後までやり抜く人の事をいうのでは？？と思って、しっくりこなかったのですが、こちらの動画の説明で腑に落ちました。自分の不安な気持ちに振り回されずに認識して受け止められるようになりたいです。分かりやすい説明が聞けて良かったです。,@nat-pc2gk,2023-11-11T16:13:26Z,a7x8US7Rwj4
【自分軸と自分勝手の違い】わがままが気になる人へ。場面での対比を見て整理しよう,159398,14,人といる時に、こうしたい何かがしたいと思う事が殆ど無くて相手に合わせていると<br>行きたい場所も食べたい物も言わない、ただ付いてきてるだけだよね？一緒に居て楽しい？と言われました<br>その通りだと思うんですが、本当に思い付かないからそう振舞っています<br>確かに一人で行動する時の方がアクティブに動けるので、人と接する事自体が難しくなってきてるのかなと最近考えてます...,@ぽんちゃん_giants25,2024-02-24T10:08:57Z,htWuimTJmlQ
【人の力を拡大する人と縮小する人】自分自身との接し方・他者との接し方を見つめてみよう。力を縮小する人の背景は、そばにいた人の影響。,155676,14,正論でものを言いやすい性格で<br>気づかないうちに奪う側になってた<br>主語が抜けてることも<br>気づかないうちに攻撃してたんだなって思いました…😢,@えみりん-w5b,2024-03-01T03:11:04Z,ZFr_SycknUk
【共依存】人間関係のストレスや問題の背景。自分の価値を感じられなければ心が保てない。自己犠牲して周りを優先、人をコントロールしたり人を依存させる。,132084,14,まさに私のことです😥<br>もういい歳なのに、こびりついていて厄介です。何度も見に来ますね。,@k-m5899,2024-02-28T17:41:06Z,mxqVWLBiV3k
【認知の歪み】超身近な苦しくなる思考の癖。認知の歪みとは？10種類の例と改善に向けた対応,130279,14,「認知の歪み」。<br>そうなんです。パワーワード過ぎて、それを治さなくててはならない、歪んでいる自分への否定を促進させている気がしていました。<br><br>動画あげてくださってありがとうございます。,@kfu358,2023-12-15T04:38:22Z,AxlcavvWwYk
すぐ臨戦体制になり食ってかかりやすい心の癖。人を敵に思いやすい「敵意帰属バイアス」② #心理学 #人間関係 #ストレス #教養,105721,14,心理も参考にはなるけど人によってはIQやEQも関係しているのでは？と思います,@おんし-b9g,2025-08-25T11:10:35Z,wsR2RjpGWDg
【回避傾向】自分を生きることから逃げる。失敗、責任、批判、恥、人を傷つける恐れなどを最優先にして人生が停滞する,103401,14,"<a href=""https://www.youtube.com/watch?v=khgpg2jcUCE&amp;t=361"">6:01</a> 自分のネガティブ感情を禁止するっていうのが、まさに自分でびっくりしました。",@どらやき-l1f,2025-02-06T04:24:46Z,khgpg2jcUCE
【強い劣等感】落ち込みが止まらない、すぐ人と比較、頑張りすぎてしまう、自分を守るために攻撃・敏感になりやすい、理想やプライドが高くなる。,84076,14,人の幸せを喜べない、これずっと悩んでいます。<br>学生の頃は友人が別のコミュニティで楽しそうにしていると落ち込む。大人になった今は仕事、家庭内で幸せになっている友人を見て落ち込む。<br>そんな自分に落ち込む。<br>しんどいのでsnsも見なくなりました。<br>自分が人より劣っていて、現状を幸せと感じていないからこういう感情になるんだろうな、とは思っていますが、この気持ちは無くならないだろうなと諦めています😂,@ぽよ-k6l,2025-09-20T22:18:55Z,3BV7aU3Dl8w
【強い劣等感】落ち込みが止まらない、すぐ人と比較、頑張りすぎてしまう、自分を守るために攻撃・敏感になりやすい、理想やプライドが高くなる。,84076,14,"<a href=""https://www.youtube.com/watch?v=3BV7aU3Dl8w&amp;t=1326"">22:06</a> 「不安だから、足りないから」で行動するのではなく、「そうなれたら幸せ」だから行動するといい、というのが、なるほどと思いました。私は今まで不安や心配や劣等感を根っこにして色々行動してきてた気がします。動画ありがとうございます。",@Cathy-lg6le,2025-02-11T14:23:08Z,3BV7aU3Dl8w
【日常に残る心の影響】知らないで自分を否定したり、現実とのギャップを起こし続けていませんか？大事な自分を理解・受容・幸せへ。,83800,14,はやく人間になりたい,@にぼし0937,2025-08-26T17:09:10Z,cNzvBWkhm3Y
【日常に残る心の影響】知らないで自分を否定したり、現実とのギャップを起こし続けていませんか？大事な自分を理解・受容・幸せへ。,83800,14,自慢のように思われてしまったら、嫌われてしまうんではないか、と思って、人には自分のマイナス部分だけを伝えるようなことがありました。なんだか暗い人だと思われた事でしょう。それくらいなら、明るく自慢した方が良いですよね😆<br>きいさん可愛い！,@ぬまえび-x8f,2025-08-22T05:04:23Z,cNzvBWkhm3Y
【日常に残る心の影響】知らないで自分を否定したり、現実とのギャップを起こし続けていませんか？大事な自分を理解・受容・幸せへ。,83800,14,色々と当てはまる事はありますが、結論から端的に話すと言うのは特に苦手です。<br>仕事の話をしていても回りくどくなってしまい、相手に「で、何が言いたい？」と言われた事があったり、自分の答えに自信が持てなくて「どっちか決めて！」と言われたこともあり、そういった事には特に自信がありません。<br>同僚と世間話をしているだけのはずなのに、緊張して自分でも何を話しているのか分からなくなったりします😢,@らむぽん-h7c,2025-08-21T11:33:55Z,cNzvBWkhm3Y
"【なぜか優しくできない,怒りが湧く】家族／恋人／子ども／近しい人にほどキツく強く当たってしまう心理",683700,13,「自分のことなめないで下さい」このセリフに笑った😂<br>確かに、自分のこと卑下しすぎだったなあと反省しました,@kamome8718,2025-11-30T16:09:56Z,FpcoL2PZ9zY
"【なぜか優しくできない,怒りが湧く】家族／恋人／子ども／近しい人にほどキツく強く当たってしまう心理",683700,13,私の妹がこのタイプです。私も妹も50代。<br><br>私の行動を制限してくる(コロナの時はすさまじかった)、年老いた母親に突然キレる。<br>そのくせ、外の人には異常なほどいい人ぶるんです。たくさんプレゼント渡したり、すごい気を使って親切にしたり。<br><br>私には理解できなくて妹とは必要最低限しかつきあいはしていません。近くなればなるほど甘えがでて攻撃してくるのがわかってるから。<br>もっと妹と距離をとりたくて引っ越しを検討しています。,@マヨマヨ-c7f,2025-11-24T22:24:53Z,FpcoL2PZ9zY
"【なぜか優しくできない,怒りが湧く】家族／恋人／子ども／近しい人にほどキツく強く当たってしまう心理",683700,13,どちらかというとあたる側だけど、愛情枯渇の原因となる人と一緒にいることが幸せなのだろうか。,@XX-yr4dl,2025-08-07T11:14:36Z,FpcoL2PZ9zY
"【なぜか優しくできない,怒りが湧く】家族／恋人／子ども／近しい人にほどキツく強く当たってしまう心理",683700,13,自然に涙がでました<br>ありがとうございます<br>人に願望を押し付けない<br>そして自分を褒めていきます<br>安心できる人たちを大切にします,@らむみく,2025-08-24T07:01:02Z,FpcoL2PZ9zY
【自立しすぎている人】頼れない、任せない、甘えられない。孤独と傷つきを抱え込んできた人,376235,13,強さを強いられる環境で育った人は家庭内に甘えられる余地がないから、自分で金を稼がざるを得なくて無理やり強い人にならざるを得ないんだよね。これを知ったからといって甘えられる環境に行けるわけではない。,@monotone5402,2023-11-05T14:06:14Z,Rtfu2tdV6Ks
【自立しすぎている人】頼れない、任せない、甘えられない。孤独と傷つきを抱え込んできた人,376235,13,人に任せていい，頼っていいが出来ないからこじらせてる。出来ない，言えない，気付かないのに，何から手をつけたらいいのかを知りたい。言っていいんだよ〜が言えるなら，こじらせていない😢,@momoko.OKINAWA,2023-10-23T04:33:16Z,Rtfu2tdV6Ks
【選ぶ権利がある】近くにいる方がいい人と、遠ざける方がいい人【割合と頻度を見てね】,256269,13,こういう動画探してた。,@nakokiri888,2023-08-16T22:48:25Z,7tTBN-Ul_Pg
【愛情と依存の違い】&quot;好き&quot;と混同しやすい&quot;依存&quot;の特徴とは？自分軸で与える愛と、他人軸 or 自己満足で埋めようとする愛。  〜グラデーションで考える〜,211779,13,すごく参考になります。<br>私は自分に自信がなくて相手に求めてしまう依存タイプです。<br>自分らしく生きれなかった過去に原因があるのかもしれません。<br>自分らしく生きる！って難しい😂,@michan466,2025-03-02T05:05:46Z,Ui7jIx_0sIU
【完璧主義】ひとり反省会・人生が変わらない・全てに神経を尖らせている→「自然な自分ではいけない。」という自己否定のサイン,182094,13,ああ、あまりにもこれだ。<br>全部全部当てはまる。<br>自分で自分の首を絞めて焦って寝れなくなって、もっともっと上手くやらなきゃ、まだまだやれるはず。<br>こんな風な毎日で苦しい。<br>思い返して見れば自分を少しでも出したら｢それ恥ずかしいよ｣｢恥ずかしいからやめなさい｣｢本気で言ってる？おかしいよ｣言われたこと思い出せました。<br>｢1回より回数｣｢完璧より勇敢さ｣この言葉物凄く響きました。<br>自分の目が届く所に書いて貼って自分と向き合っていきたいと思いました。ありがとうございます。,@すきすきすきやき,2023-12-06T16:13:49Z,a7x8US7Rwj4
【完璧主義】ひとり反省会・人生が変わらない・全てに神経を尖らせている→「自然な自分ではいけない。」という自己否定のサイン,182094,13,私も過去の『自然体なありのままの自分』を否定され、認めてもらえなかった、親、友達からのいじめの経験があり、否定された、比べられた経験が自分自身を縛っていました。自分を認めてもらいたくて、勉強をすごく頑張りました。母を安心させたいがために、世間から見ていい会社に入りました。きいさんのお陰で、自分自身と向き合うことができました。いい自分でいようとすると、苦しむことに気づけました。外側に矢印が向くことも多かったですが、本当は自分自身を認めること、自分の内側に矢印を向けることが大事だと思いました。この動画を何度も観たいです。,@maccha_kinako,2023-12-03T09:35:30Z,a7x8US7Rwj4
【情緒的ネグレクト】親の“感情面への”無関心や関わりの薄さ。生きづらい子どもに多い、見えにくい精神的なネグレクトとは？,179891,13,大人の都合と理想を子供に押し付ける親でした。<br>「わがまま」「親不孝」という言葉で一方的にこちらの意思や感情を封殺されてきました。<br>周囲の他人はこんなこと知りようもないから、他人との付き合いも疲れます。<br>両親に対しては憎しみの感情しか残っていません。,@ぴよこ-w1h,2025-05-15T14:00:50Z,WN3RVQSf7l8
【人の力を拡大する人と縮小する人】自分自身との接し方・他者との接し方を見つめてみよう。力を縮小する人の背景は、そばにいた人の影響。,155676,13,きいさんのお話でいつも心が救われています。<br>生きる力をくださってありがとうございます☺️,@まっきー-c3e,2024-02-21T12:57:34Z,ZFr_SycknUk
【アダルトチルドレン】克服の一歩は自己理解。心の平穏を取り戻すため自分に目を向け、心の声に耳を傾けよう。【AC】,151938,13,長女で、何の不自由なく両親に育てられました。色々習い事もさせてもらい、大学にも行かせてもらい、両親には感謝しています。<br>ただ、常に自分の人生には母親がついて回りました。母親のことは嫌いではありませんし、尊敬もしています。ただ、弟二人に比べると私は母親の干渉が多かったと思います。弟が門限を破ったり、多少遊んでいたりしても見逃されるのに私が同じことをしたらやたらとぐちぐち言われる。30歳の当時、一人暮らしの部屋を相談もなく決めたことにブチギレられる。また、母親から愚痴の聞き役にされる。私の決断をストレートに応援してくれるのではなく、ます第一声がいつも「それ大丈夫なん？」私が色々考えて出した決断を素直に喜んだり、応援したりしてくれませんでした。母としては心配が先に勝つのだろうと思いますが、私の気持ちを尊重してくれていないと思ってしまいます。<br>ただ、コメ欄を見て自分だけではないんだと少し救われた気がします。,@ydkw3009,2025-12-14T04:28:45Z,usIp41t_vo0
【アダルトチルドレン】克服の一歩は自己理解。心の平穏を取り戻すため自分に目を向け、心の声に耳を傾けよう。【AC】,151938,13,日本では、自分の頑張りを褒めると「自画自賛」とバカにされる。<br>駄目だったところを探させて、完璧になることを学校でも訓練させられる。それじゃあ、いつまでたってもゴールがずらされて永遠にだめな自分を責めなければならない。<br>そういうストイックなのが好きな人は良いけど、大体のひとは疲れるよ。<br>日本人は、本当に親切で人間的に優れてることを自信をもっていいよ。従順な人間の心を利用して、「もっともっと」と社会がAI並みに完璧な人間を求めようとしてる。<br>相田みつをの「人間だもの」って、自分を許して、いたわって、泣いて、笑っていきたい。<br>逆に、これはマシーンには、できないこと。,@user-ij9cg3pl7k,2025-05-04T04:26:11Z,usIp41t_vo0
【共依存】人間関係のストレスや問題の背景。自分の価値を感じられなければ心が保てない。自己犠牲して周りを優先、人をコントロールしたり人を依存させる。,132084,13,今の職場これだな<br>早く離れないとなーとは思ってるけど…,@てぃばけ,2024-03-20T15:40:29Z,mxqVWLBiV3k
【共依存】人間関係のストレスや問題の背景。自分の価値を感じられなければ心が保てない。自己犠牲して周りを優先、人をコントロールしたり人を依存させる。,132084,13,先日まで5年恋愛の共依存で、相手に振り回されすぎて結果浮気されて強引に別れさせられました。思い返すと全て相手が中心で生きていたなと…全てに対して盲目になっていたんですね。<br>これからは自分で自分をたくさん褒めてあげたいと思います。誰がなんと言おうが自分は立派だと思い込むように変えていきます。,@ゆかね-f3l,2024-03-15T23:46:00Z,mxqVWLBiV3k
【敵意帰属バイアス】自分を嫌っているんだと誤解・攻撃されたと誤解をしやすい。自己成長や対人関係の弊害。不信感。まずは傾向に気づくこと。,107541,13,これの人って若い時にあんまり肯定されなかった人が多い気がする、、、<br>相手の何かがトリガーになって一気に余裕がなくなる感じ。,@ねるぬる,2025-11-01T05:12:30Z,_uTgEER207c
【敵意帰属バイアス】自分を嫌っているんだと誤解・攻撃されたと誤解をしやすい。自己成長や対人関係の弊害。不信感。まずは傾向に気づくこと。,107541,13,少しでもあれ?と思うことあったら、その相手を警戒しちゃうね。<br>家庭内のいじめが原因なのは明らかだけど、恐怖心は治せないね。,@cs.630,2024-04-18T11:36:34Z,_uTgEER207c
【敵意帰属バイアス】自分を嫌っているんだと誤解・攻撃されたと誤解をしやすい。自己成長や対人関係の弊害。不信感。まずは傾向に気づくこと。,107541,13,なるほど～こういう気持ちの時って自分もあるなぁと納得しつつ、それ以上に、周囲にいる「なぜかいつも、その人に対してまったく敵意も悪意も抱いていない相手に対して猜疑心が強い人」についての理解が少しできたように感じられました。<br>その人は私にとって長年の友人なのですが、こちらは一切何の裏も悪意もなく変わらず接してるつもりなのに突然「実はあなたは私のことこう思っているんでしょう」「もう私は必要ないんでしょう」と機嫌を悪くしたりするので、こちらとしては「えっ！？」「どうしてそうなる？」と不思議になったりすることがたびたびありました。<br>正直そのたびにこちらも嫌な気持ちになるのですが（こちらとしては好意や信頼をいちいち疑われるのもつらいので）、でも彼女は非常に繊細な優しい思いやりを持つ面もあり、私も彼女のそういう他の人にはない細やかなところまで気を遣ってくれるところに救われてきたこともあり、今後も仲良くしていきたいと思っていました。<br>なので、今回の動画では彼女の気持ちや、被害妄想が強くなってしまうことについて学べて大変有り難く思っています。<br>この動画をきっかけに、彼女との付き合い方を自分なりに考えていけたらなぁと思っております。きいさん、ありがとうございました。,@トモトモピヨ,2024-04-22T03:36:04Z,_uTgEER207c
【回避傾向】自分を生きることから逃げる。失敗、責任、批判、恥、人を傷つける恐れなどを最優先にして人生が停滞する,103401,13,うん、これね引きこもりの私だよ。些細な事で親から馬乗り罵声されて学生の頃には仲良しだったグループからとあるきっかけでいじめられるようになり回避になった。でも、もういいよ。変えなくても消えれるから。,@五条悟は俺がころした,2025-02-07T20:54:21Z,khgpg2jcUCE
【強い劣等感】落ち込みが止まらない、すぐ人と比較、頑張りすぎてしまう、自分を守るために攻撃・敏感になりやすい、理想やプライドが高くなる。,84076,13,"攻撃と受け取りやすい、プライドが高い、3,4枚目と近いタイプです。<br>自分が嫌なヤツで、辛いです。<br><br>自分は無意識でしたが、教育係から指摘を受けたときに確かにそうだな、と納得したので毎回「そうですよね…」と言っていたら<br>「そうですよねって言うけど、知らないよね？どうしてそういう言い方をするの？」<br>と言われたことがあります。<br><br>全然意識していませんでしたが、プライドの高さから知ったかぶりをして、それが相手にとって不快だったのだと思います。<br><br>情けないです。<br>でも、だからといって私の人格が人として失敗だったわけではないんですよね。<br>難しいですが…自分を許せるようになりたいです。",@茄子-n6s,2024-05-13T04:51:11Z,3BV7aU3Dl8w
【日常に残る心の影響】知らないで自分を否定したり、現実とのギャップを起こし続けていませんか？大事な自分を理解・受容・幸せへ。,83800,13,まさに今の自分でした。<br>音に敏感周りがどう思っているのかわかる、気になる。<br>ここに引っ越してきてから年配の隣の奥さんは夜のうちの家が静まる頃に帰ってくる。<br>周りの家が好きなように車で出入りしてるとじゆうにしてずるい。私はこんなに気にして動かないようにしてるのに。など。<br>周りは何も気にしていないんだと思う。,@kk-mashuuu,2025-08-23T10:03:40Z,cNzvBWkhm3Y
"【なぜか優しくできない,怒りが湧く】家族／恋人／子ども／近しい人にほどキツく強く当たってしまう心理",683700,12,自分だけを大事にし過ぎて、家族の事を考えられないのは後に大変な事になってしまいます。<br>というか、大切な家族や大切な人を失ってしまいます。<br>早く気付いて欲しいです。<br>後悔しても手遅れになります😢,@GOLD-777-K,2025-11-12T12:56:10Z,FpcoL2PZ9zY
"【なぜか優しくできない,怒りが湧く】家族／恋人／子ども／近しい人にほどキツく強く当たってしまう心理",683700,12,兄弟がこれ、、。もう今親も死んじゃったからほとんど関わらなくて良くなったけど。<br>冷静なやりとりできなくて長文のメールやLINEが大量に来るし、危害を加えられる恐怖も感じました。警察に相談しに行ったこともあるぐらい。しかも親戚なんかがいると驚くほど態度が変わる。<br>今はもう関わらなくて良くなったから、サンドバック側としては心穏やかに過ごせている。,@manaris1405,2025-08-19T15:02:37Z,FpcoL2PZ9zY
【抱え込みすぎ】「私がやらなきゃ」「何でもできなきゃ」、気を使いまくり、自分が人や状況を操作したい→限界を超えて心が崩れる,664306,12,頼れって言われて、頼ったら苛つかれてどう人に頼ったら良いのか。頼れる人は社会との繋がりが良かったんだろうなと思う。私はもう疲れた。,@夾竹桃-z5z,2024-12-21T16:05:06Z,Gaps0b_VXIU
【抱え込みすぎ】「私がやらなきゃ」「何でもできなきゃ」、気を使いまくり、自分が人や状況を操作したい→限界を超えて心が崩れる,664306,12,相手に否定されるぐらいなら自分をまず否定するクセがついてしまいました😢<br>相手はただの意見なのに、それに対しても否定された…とショック受けてしまいます。苦しいです😢,@yuma5112,2024-09-12T02:32:13Z,Gaps0b_VXIU
【抱え込みすぎ】「私がやらなきゃ」「何でもできなきゃ」、気を使いまくり、自分が人や状況を操作したい→限界を超えて心が崩れる,664306,12,まさに自分だ🥲責任感強いってよく言われるし真面目とも言われる。つい大丈夫って言っちゃうけど本当は気にかけて欲しい気持ちもある。いつも心の中で葛藤してる。,@rimi-bc1tq,2024-07-10T17:06:27Z,Gaps0b_VXIU
【抱え込みすぎ】「私がやらなきゃ」「何でもできなきゃ」、気を使いまくり、自分が人や状況を操作したい→限界を超えて心が崩れる,664306,12,うわぁ、なんて私。<br>おっしゃる通り、恋愛は報われないので20代で人を好きになるのは辞めました。<br>40代で未だ独身です。<br>こうなった原因は何でもかんでも思い通りにいかないと被害者ヅラする不倫しかできない母親、プロレスを見て影響を受けてそのノリで暴力を振るってくる妹、アル中の兄など私以外の家族全員です。<br>生きてるとみんな結構適当なんだなーと思います。なのになぜ私は完全でいなきゃいけないのか、なぜ自分でそれを強いてしまうのか分かりません。<br>きっと完璧でないと誰にも受け入れてもらえないと思い込んでるからでしょう。<br>だから推し活で出会った、名前もロクに知らない人と推し活するためだけに仲良くなって聖地巡りとかしてるとすごく楽です。,@酒とタバコとサカナクションと,2024-03-12T20:03:31Z,Gaps0b_VXIU
【抱え込みすぎ】「私がやらなきゃ」「何でもできなきゃ」、気を使いまくり、自分が人や状況を操作したい→限界を超えて心が崩れる,664306,12,この動画を見て、涙が出ました。<br>人に頼ること本当に苦手なことや、自己否定から入っていて、自分を見せることが恥ずかしいというところが本当に当てはまってました。<br>いつも感じる虚無感がどこから来るのかを知ることができてよかったです😌,@もも-z1s2n,2024-07-16T17:43:59Z,Gaps0b_VXIU
【抱え込みすぎ】「私がやらなきゃ」「何でもできなきゃ」、気を使いまくり、自分が人や状況を操作したい→限界を超えて心が崩れる,664306,12,しっかりしてるつもりもない、相談しないといけないことが何なのかすら分からない、ストレスが溜まっているかすら気づかない、仕事もたまには手を抜いてしたらいいと言われるけど手を抜くがどの仕事量からなのかが分らない。負けてる自分は恥というよりも他の人が1人でもできていたら自分もできるはずだだからできないといけないとなる。親の育て方でこうなったんやろうなーって色々な動画見るたびに実感する🥲かといって認知の歪んだ考え方はすぐには変えれないから自分の中で葛藤してしまう、、。,@sora_1720,2024-09-13T16:03:18Z,Gaps0b_VXIU
【自立しすぎている人】頼れない、任せない、甘えられない。孤独と傷つきを抱え込んできた人,376235,12,家でも学校でも、真面目な「いい子」は損する。<br>親も先生も手がかかるやんちゃな子に手一杯で、いい子は後回し。褒められたくて、見てもらいたくて大人のいう通り頑張ってきたのに、、、、<br>大人になっても、友達や恋人にも悩みを相談できない。っていうかする必要性を感じない。親身になって考えてくれると思えないから。<br>案外良くも悪くも自己主張をしっかりして周りに迷惑をかけてきた人の方が人間関係のコツをうまく掴めて、楽に生きていけるんですよね。<br>不器用な自分に本当に嫌気がさす。,@ツキノワ-v4o,2025-06-14T01:04:16Z,Rtfu2tdV6Ks
【自立しすぎている人】頼れない、任せない、甘えられない。孤独と傷つきを抱え込んできた人,376235,12,自分の味方は自分だけ。だと思っている方が多いと思います。<br>大変な経験をされてから、そう思うようになったのではないでしょうか。,@hamazon39,2023-11-03T06:31:07Z,Rtfu2tdV6Ks
【自己愛性パーソナリティタイプ】自分は特別・自分は悪くない・トンデモ行動。自己愛が強い人への対処と改善までご紹介。／ナルシスト、話を聞かない、押し付け、支配的,234791,12,母親がこれです。私より優位でいたい。バカにする。体型をけなす。80になっても常に私を下に見ています。,@平マサ-d9n,2024-09-26T04:46:48Z,9ZqyqvABW_8
【自己愛性パーソナリティタイプ】自分は特別・自分は悪くない・トンデモ行動。自己愛が強い人への対処と改善までご紹介。／ナルシスト、話を聞かない、押し付け、支配的,234791,12,人間関係とトラブルが絶えない職場で気づけば10年近くお勤めしてます。<br>辞めていく人たち(良い人ばかりが辞めさせられていきます)には「ここは長くいる場所じゃない、早く良い所を見つけて他に行きなね」と言っくれた事は何度か…じゃあなぜここから抜け出せないのか。<br>真面目に働くことしか出来ない自分は仕事放置でフラフラしておしゃべり何しにきているか分からない上に意地悪で真面目な人を潰し追い出すような人たちの中では自分は真面目にやってるとこころの中でどこかその人たちより上に立った気持ちになっていて、いくら悪い環境と理解していても抜け出せないのかもしれません。これって自己愛だったの!?<br>今まで意地悪して辞めていった人たちを思うと悔しいんです、それで勝手に戦闘モードでただこの環境の悪さで一人闘うことは自分にとって良いことなのか、心療内科通院家族にストレスをぶつけ…こちらの動画でまた一つ気付きをいただいたのでこれからのことよく考えてみます。,@シラウオちゃん,2024-01-13T01:55:20Z,9ZqyqvABW_8
【自己愛性パーソナリティタイプ】自分は特別・自分は悪くない・トンデモ行動。自己愛が強い人への対処と改善までご紹介。／ナルシスト、話を聞かない、押し付け、支配的,234791,12,家族と親戚にいるのでとても勉強になります😢,@tentekomymy,2024-01-11T14:51:30Z,9ZqyqvABW_8
【愛情と依存の違い】&quot;好き&quot;と混同しやすい&quot;依存&quot;の特徴とは？自分軸で与える愛と、他人軸 or 自己満足で埋めようとする愛。  〜グラデーションで考える〜,211779,12,自分に誇れるものが何一つないからこそ、全てを受けいれてくれる相手に依存してしまってました<br>何も無くなってしまった今、心の支えが無くなって消えてしまいたい気分ですね,@ラーメンおにぎり-i6n,2025-12-03T06:43:12Z,Ui7jIx_0sIU
【愛情と依存の違い】&quot;好き&quot;と混同しやすい&quot;依存&quot;の特徴とは？自分軸で与える愛と、他人軸 or 自己満足で埋めようとする愛。  〜グラデーションで考える〜,211779,12,これまで好きだと思ってたやつは全部依存だった。わたし好きになったことないんだ。依存しかしたことないんだ。それを知れました,@traneki,2025-06-21T02:52:18Z,Ui7jIx_0sIU
【愛情と依存の違い】&quot;好き&quot;と混同しやすい&quot;依存&quot;の特徴とは？自分軸で与える愛と、他人軸 or 自己満足で埋めようとする愛。  〜グラデーションで考える〜,211779,12,依存していました<br>依存が利用してコントロールすることにつながるだなんて全く思いませんでした。かまってほしいからこっちは依存してただけなのに、依存された側の気持ちを考えていませんでした。失礼だしそりゃ去られるよなと思います。あー、ほんとに人を利用してたんだなぁ。自分で考えて答えを出すことから逃げていたのか？ある程度考えてから相談しているつもりでも、抑えきれない気持ちがあって、相談のつもりがどんどん重くなっちゃうんです。刺さりすぎました。なんでこんなに自分のこと支えられないんだろう。わかんないや。,@正岡子規-t5d,2025-10-03T01:06:45Z,Ui7jIx_0sIU
【情緒的ネグレクト】親の“感情面への”無関心や関わりの薄さ。生きづらい子どもに多い、見えにくい精神的なネグレクトとは？,179891,12,このコメント欄安心する,@あんにゃさん,2026-02-14T04:22:01Z,WN3RVQSf7l8
【自分軸と自分勝手の違い】わがままが気になる人へ。場面での対比を見て整理しよう,159398,12,周りから自分勝手だと言われて落ち込んでいたのですごく助かりました。<br>動画で自分勝手じゃなかったと安心できました。ありがとうございます。,@アリルア,2024-02-14T15:08:08Z,htWuimTJmlQ
【人の力を拡大する人と縮小する人】自分自身との接し方・他者との接し方を見つめてみよう。力を縮小する人の背景は、そばにいた人の影響。,155676,12,前に付き合っていた彼女が正論で物事を言う人でまさに力を奪う人に当てはまっていました。<br>結局上手くいかずに振られてしまったわけですが、そういう人だったんだなって腑に落ちた気分です。,@sinthebxsx3810,2024-02-22T02:10:52Z,ZFr_SycknUk
【アダルトチルドレン】克服の一歩は自己理解。心の平穏を取り戻すため自分に目を向け、心の声に耳を傾けよう。【AC】,151938,12,動画と関係無いけれど、最近学生時代の納得いっていない母娘バトルの話を家族にしたら母以外にドン引きされて、<br>自分の感覚は間違っていなかった（これも正しさの価値観ではあるが）と思ったと同時に、本当に当時頼れる大人が近くに居なかったんだなと気づきました。<br>本当によく頑張ったと思う。,@squash1716,2024-10-26T18:09:47Z,usIp41t_vo0
【アダルトチルドレン】克服の一歩は自己理解。心の平穏を取り戻すため自分に目を向け、心の声に耳を傾けよう。【AC】,151938,12,自分にも思い当たる節が沢山有りました。一人パワハラと言うワードは初めて聞きましたけど、凄く分かり易い表現でそのワードに全て集約されているんじゃないかと自分は感じました。<br>分かり易い解説有難うございました😌,@MrRN-tr2yc,2025-03-03T11:41:17Z,usIp41t_vo0
【アダルトチルドレン】克服の一歩は自己理解。心の平穏を取り戻すため自分に目を向け、心の声に耳を傾けよう。【AC】,151938,12,自分があまりにも恵まれていることを自覚しているからこそ、がんばらない自分を責め、それでも出てくる良い結果に、「自分は恵まれてるだけだから、運が良いだけだから」と素直に受け取っていないことに気付けました<br>ありがとうございます,@snmryu07,2025-04-21T16:48:19Z,usIp41t_vo0
【共依存】人間関係のストレスや問題の背景。自分の価値を感じられなければ心が保てない。自己犠牲して周りを優先、人をコントロールしたり人を依存させる。,132084,12,DV彼氏に性暴力受け続けてたのに見捨てられたくなくて我慢してた…,@satoko-h7v,2024-03-18T13:06:18Z,mxqVWLBiV3k
【共依存】人間関係のストレスや問題の背景。自分の価値を感じられなければ心が保てない。自己犠牲して周りを優先、人をコントロールしたり人を依存させる。,132084,12,穏やかな声、話し方が素敵です😊分かりやすい内容やテーマなのでとても勉強になります。,@Jasmine-dm8zc,2024-03-02T07:46:08Z,mxqVWLBiV3k
【認知の歪み】超身近な苦しくなる思考の癖。認知の歪みとは？10種類の例と改善に向けた対応,130279,12,残念なくらい全部あるため重症化してる＋耳が非常に痛いであります………<br>そして、しんどい心にさようならの本を買いました。毎日少しづつ読んでいます。,@kane-you-0124,2023-11-23T02:50:10Z,AxlcavvWwYk
【投影】他人(外側)に自分の感情・欲求や過去を映し出す。＝自分流に解釈している。人間関係や自己理解のために「投影」をチェックしてみましょう,121833,12,僕はコジコジに平和的な感情を投影しています,@kumachan_teacher,2024-06-25T16:20:26Z,4StA-DDlEfk
【投影】他人(外側)に自分の感情・欲求や過去を映し出す。＝自分流に解釈している。人間関係や自己理解のために「投影」をチェックしてみましょう,121833,12,モヤっとしたらこの動画見よう！<br>陰口は自分がすると、他人のコソコソ話しが陰口に見えるって気がする<br>逆にコソコソ話しを褒めに変えると褒めてる様に思えるかな？w,@ゴルフシャカ,2024-06-26T15:49:08Z,4StA-DDlEfk
【投影】他人(外側)に自分の感情・欲求や過去を映し出す。＝自分流に解釈している。人間関係や自己理解のために「投影」をチェックしてみましょう,121833,12,コジコジに目がいってしまう。,@sedanmana7114,2024-06-21T07:32:27Z,4StA-DDlEfk
【投影】他人(外側)に自分の感情・欲求や過去を映し出す。＝自分流に解釈している。人間関係や自己理解のために「投影」をチェックしてみましょう,121833,12,項番2の抑圧(禁止・封印)していることへの表れ、<br>項番4の自分を重ねる<br>が当てはまりました。。。<br>投影はゼロには出来ないと言うこともよくわかりました。<br>自分を日々総点検していくことが大事なんだと痛感しました。<br>これからも続けていきます。ありがとうございます！,@ao1341go,2024-06-19T11:17:07Z,4StA-DDlEfk
【敵意帰属バイアス】自分を嫌っているんだと誤解・攻撃されたと誤解をしやすい。自己成長や対人関係の弊害。不信感。まずは傾向に気づくこと。,107541,12,"<a href=""https://www.youtube.com/watch?v=_uTgEER207c&amp;t=526"">8:46</a> 自分用<br><br><br>母親から虐待を受け、高校の時に部活で問題を起こし周りからも孤立し親からもお前が悪いと笑いながら言われた経験があります。また、顧問に部活動をやめるかどうかの相談をしていた時に「このように時間を使ってもらって申し訳ない、迷惑ではないのか」と言うと「いるだけで迷惑だよ」と言われてしまいました。このような経験がまだ心に刺さっているのだと気づきました。",@김서형-j8l,2025-02-17T17:39:05Z,_uTgEER207c
すぐ臨戦体制になり食ってかかりやすい心の癖。人を敵に思いやすい「敵意帰属バイアス」② #心理学 #人間関係 #ストレス #教養,105721,12,夜職垢みんな基本これ,@ちゅ-b4j,2025-09-03T03:33:44Z,wsR2RjpGWDg
【回避傾向】自分を生きることから逃げる。失敗、責任、批判、恥、人を傷つける恐れなどを最優先にして人生が停滞する,103401,12,他人の幸せ踏みにじる可能性が少しでもあるなら、自分が不幸のままいた方がいい、私が幸福になったら他の人に申し訳ないと思う今日この頃です,@むーさわ,2025-02-14T01:02:26Z,khgpg2jcUCE
【回避傾向】自分を生きることから逃げる。失敗、責任、批判、恥、人を傷つける恐れなどを最優先にして人生が停滞する,103401,12,わかりみしかない😂<br>本当はやりたいのに、失敗や不安が強くて避けてること、いっぱいある。,@mikako7248,2025-02-08T12:27:49Z,khgpg2jcUCE
【人に依存しすぎている人】自分に主導権がなくなっている・人に何かしてもらうことを求めすぎる人（自立しなさすぎている状態）,91609,12,自己犠牲気味ですが、どちらも当てはまりました,@shizu02-g1n,2023-10-29T00:56:24Z,27c9_QRTctI
【強い劣等感】落ち込みが止まらない、すぐ人と比較、頑張りすぎてしまう、自分を守るために攻撃・敏感になりやすい、理想やプライドが高くなる。,84076,12,カワウソ「名前の劣等性を感じたので自然に帰らせて頂きます」,@user-millefeuille,2025-11-01T13:13:26Z,3BV7aU3Dl8w
【日常に残る心の影響】知らないで自分を否定したり、現実とのギャップを起こし続けていませんか？大事な自分を理解・受容・幸せへ。,83800,12,迂闊に自己肯定感を上げたり自信を持ったりすると、失敗して叱責を受けた時に頭の中の「出来た自分」と現実の「出来てない自分」の落差のせいで◯にたくなるぐらいの絶望を感じてしまいます。<br>実際「アンタ何様！？」みたいな台詞を言われて以来、他人の目や評価が怖くてどれだけ一生懸命動いてみても自分を認める事が出来ません…。,@minowa8963,2025-09-07T12:34:40Z,cNzvBWkhm3Y
【日常に残る心の影響】知らないで自分を否定したり、現実とのギャップを起こし続けていませんか？大事な自分を理解・受容・幸せへ。,83800,12,動画拝見しました。少し長文になります。<br><br>「自分の好き　わかりますか？」「自分の楽しい　わかりますか？」「ちょっとずつで大丈夫ですよ」ってきいさんの言葉に涙が止まりませんでした。それらはきっと過去の私が言って欲しかった言葉なんだろうなと。否定が多く、褒められたり共感されたり、認めてもらうことなんてない家庭で育ちました。私が何を言っても否定されるから自分で主張することが怖くなったし、意味がないと思うようになった。だから私は1人の時間が大好きになりました。同じ空間に人がいると気を張ってしまう。私の発言や行動は否定されるものだという思い込みが抜けないんでしょうね。今からでも少しずつ自分の主張を聞いて受け入れて、愛してあげたいです。変わりたいな、、,@user-pm1qj3dt3f,2025-09-14T14:13:59Z,cNzvBWkhm3Y
【日常に残る心の影響】知らないで自分を否定したり、現実とのギャップを起こし続けていませんか？大事な自分を理解・受容・幸せへ。,83800,12,人に聞かれたら思ってること全部伝えなきゃ！と話が長くなったり、伝えた後は伝わったかな？と思ったりします。<br>日頃から小出しで話せたらなぁ、簡潔に伝えられたらいいのになと思っていましたがなかなか難しくて。<br>自分の中で考えが固まってる事は話せるのに、あやふやな事は話しずらいのは自信がないんですよね😥<br>私の好きな事、特に趣味は？と聞かれると困ってしまいますが、これいいなって思う小さな事はたくさんあるので大事にしていこうと思いました😊,@みよ_Tea,2025-08-24T04:22:04Z,cNzvBWkhm3Y
【日常に残る心の影響】知らないで自分を否定したり、現実とのギャップを起こし続けていませんか？大事な自分を理解・受容・幸せへ。,83800,12,足を怪我しててまともに歩けない時に母と妹の3人で買い物に行って帰る時、野球が見たいからという理由で置いていかれました。<br>追いついた時、足大丈夫？とは聞かれず、帰りの車の中で寝たフリをしてやり過ごしました。<br>２日後、心が苦しくて母に打ち明けたところ、「「待って」ってあの時言ってくれれば良かったのに、後からグチグチ言われるよりマシ」と逆に責められて頭が真っ白に。<br>その時、この動画のシリーズを見つけて、母(家族)に求めるんじゃなくて自分で自分を労わろう。守ろう。優しくしよう。じゃないと心が壊れてしまう。とやっと気づきました。<br>これからは、家族優先ではなく、自分を優先して生きていきます。<br>食べたいケーキは無理して譲らず食べる、無理に話に入らずに自室に戻って寛ぐ、お風呂は入りたい時に入る、とか、してみます。<br>妹には散々迷惑もかけたから嫌われるのは無理ないです。<br>置いていかれてノータッチなのはさすがに傷つきましたけど、これからは「待ってー！」って大声で言ってみます。<br>長文失礼致しました。,@おはぎ-l1c,2025-10-21T01:39:13Z,cNzvBWkhm3Y
【抱え込みすぎ】「私がやらなきゃ」「何でもできなきゃ」、気を使いまくり、自分が人や状況を操作したい→限界を超えて心が崩れる,664306,11,親に頑張って心のうちを明かしても、なんか表面上だけというか、その時だけ共感されて、結局あんまり理解してもらえてなかったんだ…ってなることが多々ある。親なら自分のことを完全に理解してくれるなんて思ってた自分が馬鹿だったな、と思う。でも、人に期待をするなってよくいうけれど、分かっててもどこか他人に理想を求めてしまっている自分がいるんだよなぁ…😮‍💨,@もちべもち,2024-10-07T11:50:46Z,Gaps0b_VXIU
【抱え込みすぎ】「私がやらなきゃ」「何でもできなきゃ」、気を使いまくり、自分が人や状況を操作したい→限界を超えて心が崩れる,664306,11,全部当てはまって笑いました〜<br><br>コメ欄の皆さんにも共感の嵐すぎて。<br>生きづらいですね。<br>個人的に友人に言われて目からウロコだったのは、「汚い感情を持つこと自体は悪いことではなく当たり前、それを表に出すか出さないか」ってことでした。<br>それまではこんな感情持ったらいけない、最低だ自分、という考えてに至っていましたが、とっても楽になりました。,@syouta8love,2024-03-21T14:59:32Z,Gaps0b_VXIU
【自立しすぎている人】頼れない、任せない、甘えられない。孤独と傷つきを抱え込んできた人,376235,11,できない自分は無価値。その通り。アダルトチルドレンの人の多くはこれなんじゃないかな。,@もこもこ-n7i,2023-11-05T12:29:52Z,Rtfu2tdV6Ks
【自立しすぎている人】頼れない、任せない、甘えられない。孤独と傷つきを抱え込んできた人,376235,11,聞いていて全て自分のことに感じました、辛いです。頼りたいし甘えたいけど傷つくのが怖くて一人でいたいと思います。友達、恋人、家族を諦めて一人でいる事が幸せと感じるようになりました。,@ponte-ch,2023-11-07T21:17:32Z,Rtfu2tdV6Ks
【選ぶ権利がある】近くにいる方がいい人と、遠ざける方がいい人【割合と頻度を見てね】,256269,11,安心できる、一緒にいると楽しい、心が軽くなる、人といる時にそんな時間が作れたらいいなって思います。作れたら〜くらいの感覚なのでほぼほぼ1人なんですけど😂,@よよよ-u6m,2023-12-11T23:47:29Z,7tTBN-Ul_Pg
【選ぶ権利がある】近くにいる方がいい人と、遠ざける方がいい人【割合と頻度を見てね】,256269,11,すごく共感しました。私にとってのテイカーはズバリ姑です。で、はっきり言って嫌いなんですけど、嫌いだと思ったり、相手に対して優しい気持ちになれない自分に「私って冷たい人間なのかな、私ってイジワルな人間なのかな…」とずっと悩んできました。きいさんの動画を見て、やっぱり私が悪いのじゃなくて、姑は私とは合わない人ってことがはっきりとわかり、とてもスッキリしました。まぁ、とはいえ、完全に関りを切ることができる相手ではないので、これからも付き合いは仕方なく続きます。が、気持ちを相手の気に入るように無理に寄せる必要はないと割り切ることができるだけで、ずいぶん楽になります。,@mokmomo430,2023-11-25T05:54:42Z,7tTBN-Ul_Pg
【選ぶ権利がある】近くにいる方がいい人と、遠ざける方がいい人【割合と頻度を見てね】,256269,11,共感を抱きながら拝見させて頂きました。今資格を取得する為に毎週通っている講座の中の人に遠ざけるべきに該当する人が‥。発する言葉は愚痴と文句ばかりで、妙にリーダーシップを執りがちで目立ちたがりで、常に周りの目を気にしてうんざりする位に馴れ馴れしくしてきます‥。遠目に観察してみても疲れてしまいます。自分にとってメリットが全くないので資格が取得出来たら自然に自分が去ります。,@おにょはらぁげげみ,2023-11-26T09:59:40Z,7tTBN-Ul_Pg
【選ぶ権利がある】近くにいる方がいい人と、遠ざける方がいい人【割合と頻度を見てね】,256269,11,肩書きのある人と付き合うことによって自分の存在価値が上がるって怖いけど10年以上やってましたね。しかも本心から一緒にいたくないから、まるで自分が相手を騙してるような変な罪悪感も生まれて鬱になりました。<br>今はだいぶ改善しましたか、新たな、あったこともない変なモラハラメンヘラ人物に絡まれて困ってます。誠実に対応すればするほど、つけ込まれて、攻撃されて、本当に疲れます。本当は「不愉快だ！もう二度と話しかけるな！」と言いたいのに、もしかしたら私が悪いかも、と思って誠実に答えて、またまたマシンガンのように質問攻撃されて疲れます。相手を罵倒したくないけど、いい加減罵倒しないと離れてくれない気がして苦しいです。,@tokitobe2450,2023-10-20T03:28:00Z,7tTBN-Ul_Pg
【自己愛性パーソナリティタイプ】自分は特別・自分は悪くない・トンデモ行動。自己愛が強い人への対処と改善までご紹介。／ナルシスト、話を聞かない、押し付け、支配的,234791,11,親が自己愛です。つまるところ、自己愛の人には気を遣わなければいけないということなんですよねぇ..<br>他人ならまだしも、親が自己愛な場合、この人は赤ちゃんのままなんだなと寛容にはなれないな。自己愛強い親を持つ人って、大抵アダルトチルドレンだと思う。自分自身こそ赤ちゃんのままなのに、親を受け入れるって難しすぎますね..,@まるたま-g4q,2025-04-07T08:41:24Z,9ZqyqvABW_8
【愛情と依存の違い】&quot;好き&quot;と混同しやすい&quot;依存&quot;の特徴とは？自分軸で与える愛と、他人軸 or 自己満足で埋めようとする愛。  〜グラデーションで考える〜,211779,11,自分の過去と今の恋愛を比較して思い当たる点がいくつもありました…<br>学生の頃は自己肯定感が低く視野も狭かったゆえに自分よりスペックが高い人や世間的に見た「良い男」を好きになることが多く、相手の言動に一喜一憂していました。<br>今は自分のことが昔よりも好きだし自分の幸せを第一優先に考えられるようになり、自ずと好きな人を見る基準が「自身や世間との優劣」では無くなりました。自分の感性や好奇心に従って相手の素敵なところを見られるようになったことで関係性も上手に築けている気がします。<br>昔の恋愛は「依存」で今は比較的「好き」という状態に近づけているなとこの動画を見て実感しました！,@さき-e8z8i,2025-10-19T17:57:36Z,Ui7jIx_0sIU
【愛情と依存の違い】&quot;好き&quot;と混同しやすい&quot;依存&quot;の特徴とは？自分軸で与える愛と、他人軸 or 自己満足で埋めようとする愛。  〜グラデーションで考える〜,211779,11,自分のことかな。<br>でも、相手も完璧じゃないからね。<br>人間で苦しいな。<br>話し合いで解決できることがほとんどだと思うのに、話し合ってくれない人が多すぎる。<br>この国はみんな話し合う力が欠けている。<br>具合のいい話都合のいい話はできるのに、難しい話や困難が伴う話は誰もしたがらない。<br>本当の人間関係ってなんだろうな,@絶許ちゃん,2025-09-26T16:26:27Z,Ui7jIx_0sIU
【完璧主義】ひとり反省会・人生が変わらない・全てに神経を尖らせている→「自然な自分ではいけない。」という自己否定のサイン,182094,11,私です…<br>ゼロか100かしかできなくて、これを他人にもやろうとしたりして人間関係を壊したり引っ越しや転職を繰り返してきました。<br>適当って何っていつも思ってて、楽にやろうと思うのに楽にやるってどういうこと、と考えすぎてしまいます。<br>仕事も頑張りたいし長く続けたい、次こそは頑張るぞと決めても細かいことが気になったり不安で自信をなくして諦めてしまいます。<br>ベースがネガティブっていうのが刺さりました。<br>中間を保てるように意識していきたいです。,@arrgfm23,2024-02-15T11:54:35Z,a7x8US7Rwj4
【完璧主義】ひとり反省会・人生が変わらない・全てに神経を尖らせている→「自然な自分ではいけない。」という自己否定のサイン,182094,11,このチャンネルに出会えてよかった。聞いてるうちに涙が出た。<br>ずっと自分をよく見せようとしてた。<br>完璧よりも勇敢。私もこれをスローガンにして頑張って行きたい。<br>ありがとうございました。,@かつは-katsuha,2024-01-15T16:17:26Z,a7x8US7Rwj4
【完璧主義】ひとり反省会・人生が変わらない・全てに神経を尖らせている→「自然な自分ではいけない。」という自己否定のサイン,182094,11,完璧主義のお陰で浪人をして、満足な結果もえられず底辺大学に入学、だらだら大学生やってたら1年留年。だけど完璧主義のお陰で専攻の英語の地力だけは高くそれにしがみつきながらなんとか生きてます。<br><br>でもまたどこかで理想が高すぎて逃げ出すと感じてる。,@mitsubachi-sake,2023-12-22T06:17:20Z,a7x8US7Rwj4
【完璧主義】ひとり反省会・人生が変わらない・全てに神経を尖らせている→「自然な自分ではいけない。」という自己否定のサイン,182094,11,私のことを話しているのかと思うくらい、当てはまっていました。<br>人に話しても中々共感しにくい苦しみですし、またこんなことで悩んでると自己嫌悪のループにもハマりやすかったです。ずっと上手く言葉にできないけど苦しくて、それがこうやって分かりやすく説明されていて、目からウロコでした。話を聞きながら、この苦しみも今の自分も受け入れやすかったです。今回聞いたお話を参考にして、楽になっていけるように改善対処に取り組んでいこうと思います😊この動画を作って下さりありがとうございます！,@ユウナ-v1u,2023-08-16T10:39:33Z,a7x8US7Rwj4
【情緒的ネグレクト】親の“感情面への”無関心や関わりの薄さ。生きづらい子どもに多い、見えにくい精神的なネグレクトとは？,179891,11,めちゃくちゃ共感ですし参考になりました<br>経済的面や職業的面など情緒や感情の表出以外のサポートはしてもらっただけにコミュニケーションができない・押しつけを受け入れざるを得ない・自分で選択ができないという流れでとても苦しかったことを覚えています<br>自身の性格や肯定感などがとてもいいものとは思えず直したくても直せない<br>直接生〇(せいし)に関わらないから大事にできないけど心ばかりがゆっくり死んでいく<br>生きていく上で必ず失敗する負のスパイラル<br>ゆっくり抜け出して行けるよう1歩ずつ進んでいこうと思います,@娘々パーカー,2025-05-06T21:54:30Z,WN3RVQSf7l8
【自分軸と自分勝手の違い】わがままが気になる人へ。場面での対比を見て整理しよう,159398,11,誰かにこうして欲しい、被害者意識はすべて他人軸で、内向的ナルシズムと言われてますね。原因には他人への恐怖と、甘えたい願望があると。,@rain-wm7vb,2025-03-01T04:37:14Z,htWuimTJmlQ
【自分軸と自分勝手の違い】わがままが気になる人へ。場面での対比を見て整理しよう,159398,11,自分の価値観だけで他人の価値を認めないのは自分勝手。他人と自分は別、断ることができるのが自分軸。自己犠牲が過ぎると不健康になっていく。どこまでできるか、人に任せる、代替案を出す、断ることもできる自分軸で生きていきたいと思います。,@sinthebxsx3810,2024-02-14T13:22:03Z,htWuimTJmlQ
【自分軸と自分勝手の違い】わがままが気になる人へ。場面での対比を見て整理しよう,159398,11,精神科医ですが、ミスリードを産む内容かなと思いました<br>他者評価の中での自己実現のあり方についてもう少し考えた方が議論に深まりが出ますね,@TTokoro,2024-02-15T08:18:32Z,htWuimTJmlQ
【自分軸と自分勝手の違い】わがままが気になる人へ。場面での対比を見て整理しよう,159398,11,"断ることは自分勝手ではないと言うのは、すべての人が断った事柄は誰もやらなくなってしまってそれはそれで大変そうです。<br>それではいけないと我慢して行う人がいることで回っていることもたくさんあるのだと思います。<br>いけない、と思うこと自体が自分の選択なので、それに自分が納得すればいい話なのでしょうね…。生き方って難しいです。",@バンひらと,2024-03-15T06:09:56Z,htWuimTJmlQ
【人の力を拡大する人と縮小する人】自分自身との接し方・他者との接し方を見つめてみよう。力を縮小する人の背景は、そばにいた人の影響。,155676,11,きいさんの動画で勉強させていただきとても嬉しいです。少しでも学んで変わっていきたいと思います✨,@いるか-q4d,2024-02-21T13:14:41Z,ZFr_SycknUk
【アダルトチルドレン】克服の一歩は自己理解。心の平穏を取り戻すため自分に目を向け、心の声に耳を傾けよう。【AC】,151938,11,ロジックがわかっても、明日明後日でガラッと直らないからつらいです<br><br>結婚したらエライことになりそうで😣,@kaoruikeda0913,2024-10-25T02:09:15Z,usIp41t_vo0
【共依存】人間関係のストレスや問題の背景。自分の価値を感じられなければ心が保てない。自己犠牲して周りを優先、人をコントロールしたり人を依存させる。,132084,11,断ることに恐怖感が強い人が多い気がします。笑って拒否できるようになったら、共依存体質から卒業できました。,@pal6669,2024-07-06T01:12:48Z,mxqVWLBiV3k
【認知の歪み】超身近な苦しくなる思考の癖。認知の歪みとは？10種類の例と改善に向けた対応,130279,11,"<a href=""https://www.youtube.com/watch?v=AxlcavvWwYk&amp;t=876"">14:36</a> 認知の歪みが悪！で終わることなく、なぜ認知の歪みが発生するかのメカニズムまで説明してるの丁寧や",@PestXin,2024-07-24T02:42:28Z,AxlcavvWwYk
【敵意帰属バイアス】自分を嫌っているんだと誤解・攻撃されたと誤解をしやすい。自己成長や対人関係の弊害。不信感。まずは傾向に気づくこと。,107541,11,動画見てても敵意を感じたから、すぐにでも敵意帰属バイアスを治さないとダメだと感じた。,@inoneko9999,2024-04-17T03:11:24Z,_uTgEER207c
【敵意帰属バイアス】自分を嫌っているんだと誤解・攻撃されたと誤解をしやすい。自己成長や対人関係の弊害。不信感。まずは傾向に気づくこと。,107541,11,なんか、恋愛的に好きな人にこういうことをしてしまってた。その人は普通に遊んでくれたりしてるけど、自分がそれを思うと辛くなるだけだから少しこういう動画でこういうのもあるんだって知って落ち着けました。自分的は決めつけが多くあったので、自分の思考癖と警戒心をといてみる、相手を信じてみるとという言葉に救われました。ありがとうございます。,@Huuzin-f4q,2024-04-20T19:02:38Z,_uTgEER207c
【回避傾向】自分を生きることから逃げる。失敗、責任、批判、恥、人を傷つける恐れなどを最優先にして人生が停滞する,103401,11,びっくりするほど当てはまってて…笑<br>逃げて逃げて逃げ続けて何もないです。何をするにも失敗を恐れて、億劫で、マジのガチで友達が一人もいない。積み上げてきたものが無いのでどこからはじめればいいのか何も分からないんですよね…,@夕真,2025-09-24T15:19:58Z,khgpg2jcUCE
【回避傾向】自分を生きることから逃げる。失敗、責任、批判、恥、人を傷つける恐れなどを最優先にして人生が停滞する,103401,11,ひとりじゃないんだって思えて、だいぶほっとしました。コメント欄の皆さん、ありがとう。自分を向き合うのも変わるのもずっと難しいけど、一緒に頑張りましょうね。,@AM201-r8d,2025-02-17T06:14:24Z,khgpg2jcUCE
【回避傾向】自分を生きることから逃げる。失敗、責任、批判、恥、人を傷つける恐れなどを最優先にして人生が停滞する,103401,11,まさに…とまではなってないんですけど。なんとなく、これに近いのかなと思いました。<br>ただ、どうしても環境を変えられないんです。（これも逃げてることになるのかもしれないですが…）<br><br>半年前に、20歳になりました。でも、大人になったという感覚はないです。何も変わってない。（お酒を飲まないことにした、みたいのはありますが）実家暮らしから一人暮らしは親が許してもらえず。経済面もアルバイトするのが厳しいためにお小遣い頼り。大事な部分は、親次第という感じです。病院も親にいいといわれないと行けません。たいしたことない、大げさ、と言われます。（なので、もう諦めてます。）<br>今、就職という次のステージに向けて、人生について考えてるのですが、僕はどうしたいのかわかりません。普段は「○○は嫌」とか、自然と言ってるはずなんですけど。振り返ったときに出てこなくて。そして、自分の理想のイメージも、思い描けないんです。なので、ずっと、「僕はどうしたいの…」「もう20歳なのに…」「あと2年で社会人になるのに…」という自分攻めばかりです。<br>とりあえず、変われるなら、一人でのびのび過ごしたいです。家にも、一人になれる空間がありません。しかも、高校生の妹が受験生になるので。すでにピリピリ…。（僕の時もピリピリしてたみたいですけど…。）<br><br>僕なりにやれることはやってるつもりです。それでも辛いです。早くこの環境から解放されたいです。,@よっしー-u1o,2025-02-05T11:27:56Z,khgpg2jcUCE
【人に依存しすぎている人】自分に主導権がなくなっている・人に何かしてもらうことを求めすぎる人（自立しなさすぎている状態）,91609,11,自分自身も幼少期の環境と家族関係、学校でのいじめ、自分自身にまるで自信が無いです、今の時代は自己肯定感低いです😢でもこの動画配信みて今後は改善していきます。,@高橋情助,2024-03-28T08:37:45Z,27c9_QRTctI
【強い劣等感】落ち込みが止まらない、すぐ人と比較、頑張りすぎてしまう、自分を守るために攻撃・敏感になりやすい、理想やプライドが高くなる。,84076,11,劣等感を感じる理由を理解して受け入れたあとは、どんな気持ち？生き方？になるんでしょうか。受け入れて心が少し落ち着いたあと、「え、けどこのまま成長しない感じなのは良くないよね？」と、また別の不安が出てきて、まだ受け入れれてないのかなと思います。繰り返し考えていけば、いつか心がスッキリしますか？,@mihirotanaba24,2024-04-23T06:49:56Z,3BV7aU3Dl8w
【日常に残る心の影響】知らないで自分を否定したり、現実とのギャップを起こし続けていませんか？大事な自分を理解・受容・幸せへ。,83800,11,なんか泣きそうになりました。自己理解をしようとすると泣いてしまうんで今まで逃げてきました。一歩だけ進めた気がします。,@とうがらし党,2025-09-04T23:22:08Z,cNzvBWkhm3Y
【日常に残る心の影響】知らないで自分を否定したり、現実とのギャップを起こし続けていませんか？大事な自分を理解・受容・幸せへ。,83800,11,｢自分は人の気持ちが読める人｣ってめっちゃ思う。仲良い人の性格とか相談事に的確に答えれることが多くて頼りにされたりするから｢俺カウンセラー向いてるくね？｣って思ってた。,@PARTY.YAMADA,2025-09-03T02:53:03Z,cNzvBWkhm3Y
【日常に残る心の影響】知らないで自分を否定したり、現実とのギャップを起こし続けていませんか？大事な自分を理解・受容・幸せへ。,83800,11,たまたまおすすめに流れてきて、吸い込まれるように動画を見ました。<br>自分でもなんか周りと感じ方や考え方が違う、生きづらいなどの違和感はずっと持っていたのですが、その答えがこの動画に全部詰まっていました。<br>幼少期に私がかけて欲しかった言葉、気づいて欲しかったことたくさんあったんだと終始泣きながら動画を見ました。<br>小さい時にできたトラウマってずっと残り続けるんですね。克服したいと思って頑張ったけど、無理でした。<br>冗談ぽくなら言えるのに本気の辛い。しんどい。助けて。とは誰にも言えません。,@yuka2365,2025-09-30T23:56:03Z,cNzvBWkhm3Y
【抱え込みすぎ】「私がやらなきゃ」「何でもできなきゃ」、気を使いまくり、自分が人や状況を操作したい→限界を超えて心が崩れる,664306,10,「100できてもらえないと困るじゃなくて1くらいできたらありがとう」っていう言葉がすごくしっくりきました。<br>今までずっと自分のことをどうしようもない完璧主義者だと思って自分にも相手にも、もやもやを感じてきたけれど、この考え方だと完璧じゃなくてもいいとも思えるし、なにより「ありがとう」を言うことで自分も落ち着き、相手もきもちがいいなと気がつくことができました。<br>自分を認めることで周りの人との関係ももっと良いものになっていきますね！,@つきみ-u6v,2024-09-23T01:09:36Z,Gaps0b_VXIU
【抱え込みすぎ】「私がやらなきゃ」「何でもできなきゃ」、気を使いまくり、自分が人や状況を操作したい→限界を超えて心が崩れる,664306,10,完全に私でした。そんなんじゃ、魅力は減らないよ、という言葉に救われました。<br>ありがとうございました。,@mohu-f1b,2024-09-06T17:35:03Z,Gaps0b_VXIU
【自立しすぎている人】頼れない、任せない、甘えられない。孤独と傷つきを抱え込んできた人,376235,10,社会において他人は調子の良い時は寄ってくるが悪くなったら手のひらを返します。弱さを見せると虐げられます。なのでナメられないように気をつけ他人の評価など気にせず自分を貫いて結果を出し続けることが大事だと思っています,@空色レスポール,2024-03-17T09:49:03Z,Rtfu2tdV6Ks
【選ぶ権利がある】近くにいる方がいい人と、遠ざける方がいい人【割合と頻度を見てね】,256269,10,心を許せる人がいなくて、職場が辛いです。,@mirrork1620,2023-11-29T15:26:51Z,7tTBN-Ul_Pg
【選ぶ権利がある】近くにいる方がいい人と、遠ざける方がいい人【割合と頻度を見てね】,256269,10,私は現在、人手不足で上司がいない部署にいてその中で仕事ができない評判が悪いヒステリーな職員が私に偉そうにして私は苦労してましたが、この話を聞いてとても助かりました。<br>上司がいない分強く生きたいと思いました。,@石橋陽平,2023-11-28T05:08:36Z,7tTBN-Ul_Pg
【自己愛性パーソナリティタイプ】自分は特別・自分は悪くない・トンデモ行動。自己愛が強い人への対処と改善までご紹介。／ナルシスト、話を聞かない、押し付け、支配的,234791,10,直属の上司がこれでした。<br>「私はこれで会社を辞めました」,@ゆきぼうちゃん,2024-10-10T13:56:21Z,9ZqyqvABW_8
【自己愛性パーソナリティタイプ】自分は特別・自分は悪くない・トンデモ行動。自己愛が強い人への対処と改善までご紹介。／ナルシスト、話を聞かない、押し付け、支配的,234791,10,母親が完全に当てはまっています。<br>子供の頃からずーーーーっと悩まされて、苦しんできて、社会人となった今でも、思い通りに動かないと職場まで電話してきます。無視していたら、「緊急の連絡」とウソを付いて連絡してきます。<br>離れたいが、ネットで職場が分かる仕事なのでこういう事をされると逃げられない。<br>恋人もいたが、母が彼女を気に入らないという理由で、「別れろ」と仕事中、夜間問わず電話が2ヶ月鳴り止まず、彼女にも接触しようとし始めたので結局、別れました。以降恋愛が出来なくなりました。<br>今の目標は少しでもお金を貯めて仕事を辞めて逃げる事です。一生関わりたく無い。他のことも沢山、子供の頃から辛い思いをしてきました。<br>赤ちゃんだと思って、人間関係のトレーニングのつもりで、とか10000000000000%出来ないです。,@サングラス-t7z,2025-07-13T10:32:04Z,9ZqyqvABW_8
【自己愛性パーソナリティタイプ】自分は特別・自分は悪くない・トンデモ行動。自己愛が強い人への対処と改善までご紹介。／ナルシスト、話を聞かない、押し付け、支配的,234791,10,こちらの話を全否定してくる方が職場にいるのですが、この方ももしかしたら自己愛なのですかね。<br>不幸自慢が止まらなくて慰めて欲しいのかもって思いました。<br>他の動画でも仰っていた「自分が相手を変えてあげよう」とは思わず自分は自分の課題を、相手は相手がその課題に気づけるか、分けていこうと思います。,@とるとる-p6s,2024-01-31T01:04:12Z,9ZqyqvABW_8
【自己愛性パーソナリティタイプ】自分は特別・自分は悪くない・トンデモ行動。自己愛が強い人への対処と改善までご紹介。／ナルシスト、話を聞かない、押し付け、支配的,234791,10,私だ……<br><br>なおせるのならなおしたい,@ktjgA,2024-03-27T10:41:04Z,9ZqyqvABW_8
【愛情と依存の違い】&quot;好き&quot;と混同しやすい&quot;依存&quot;の特徴とは？自分軸で与える愛と、他人軸 or 自己満足で埋めようとする愛。  〜グラデーションで考える〜,211779,10,好きな人に対してめちゃくちゃ依存してたな………,@nunusi5899,2025-02-23T02:34:32Z,Ui7jIx_0sIU
【愛情と依存の違い】&quot;好き&quot;と混同しやすい&quot;依存&quot;の特徴とは？自分軸で与える愛と、他人軸 or 自己満足で埋めようとする愛。  〜グラデーションで考える〜,211779,10,とても分かりやすくて勉強になりました。ひとから依存体質と言われるぐらい酷く、過去に虐待経験もあり境界性パーソナリティ障害も持ってます。人をコントロールしたい自分の事をいつも思って優先してくれないと不機嫌になる、そんな自分に苦しいです。依存したくないです😭最愛の人も依存が原因で失いました。ほんとに改善したいです。,@raunekochannels,2025-03-16T21:00:45Z,Ui7jIx_0sIU
【愛情と依存の違い】&quot;好き&quot;と混同しやすい&quot;依存&quot;の特徴とは？自分軸で与える愛と、他人軸 or 自己満足で埋めようとする愛。  〜グラデーションで考える〜,211779,10,説明がわかりやすく、話を聞いていて自分の頭の中も整理される感じでした✨。ごちゃごちゃの頭を整理してくださってありがとうございます😊<br>離婚した夫への気持ちにかなりの依存心があった事に気づきました。<br>私自身、もともと相手との距離をあまりベッタリ取る方ではないので、経済的な部分以外で依存していると思っていませんでしたが、思っていたよりも心も元夫に依存していた事に気がつきました。<br>動画UPありがとうございます✨<br>チャンネル登録しました。<br>これからも頑張ってください👍,@Tatsuno-Oshigoto,2025-02-22T00:05:50Z,Ui7jIx_0sIU
【完璧主義】ひとり反省会・人生が変わらない・全てに神経を尖らせている→「自然な自分ではいけない。」という自己否定のサイン,182094,10,耳が非常に痛いであります………,@kane-you-0124,2023-12-09T08:34:50Z,a7x8US7Rwj4
【情緒的ネグレクト】親の“感情面への”無関心や関わりの薄さ。生きづらい子どもに多い、見えにくい精神的なネグレクトとは？,179891,10,誰に対しても、あなたはどうしたい？って問いかけって大事だなと思いました。,@caprice___,2025-03-31T06:16:05Z,WN3RVQSf7l8
【情緒的ネグレクト】親の“感情面への”無関心や関わりの薄さ。生きづらい子どもに多い、見えにくい精神的なネグレクトとは？,179891,10,自分は母親より祖母の方が好きだったことが不思議でした<br>でもこの動画見て腑に落ちました<br>祖母はクッソ厳しく、家事や母親の介護を教える際も中々のスパルタでした、嫌味言われたこともあります<br>でも、それでも祖母の方が好きだったのは祖母の方が母親よりも自分の気持ちを理解しようと努力してくれてたからなんだな、と<br>影で祖母は家族に「遊びたい盛りなのにあの子(自分)が介護に追われてて可哀想で何とかしたいけど、人手が足りない」と愚痴ってたりもしてました<br>実際、母親の介護に追われてて遊びに行けなくてしんどいと感じる毎日が続いてました<br><br>母親は理解する努力どころか「お前の感情なんて知らん、介護しなきゃ自分は死んでしまう」など<br>お前より私の方が可哀想って態度でしたから、そりゃ祖母の方が安心するし大好きにもなるなって,@むつ-r6d,2025-05-12T16:01:36Z,WN3RVQSf7l8
【情緒的ネグレクト】親の“感情面への”無関心や関わりの薄さ。生きづらい子どもに多い、見えにくい精神的なネグレクトとは？,179891,10,心の底では当てはまってるからそうだと思うところもあるけど...どうしてもでも自分がしっかり感情を出せなかった、自分のせいでというのが止みません<br>動画で救われてると思えるようになったら良いなと思います,@rakuu0521,2025-04-01T01:00:43Z,WN3RVQSf7l8
【自分軸と自分勝手の違い】わがままが気になる人へ。場面での対比を見て整理しよう,159398,10,"<a href=""https://www.youtube.com/watch?v=htWuimTJmlQ&amp;t=270"">04:30</a><br><a href=""https://www.youtube.com/watch?v=htWuimTJmlQ&amp;t=600"">10:00</a><br>自分の母が自分勝手な人である事がよくわかりました。<br>でも当の本人は周りから注意されても聞かないどころか否定して怒鳴り散らすタイプだし、TPO考えず自身のスタンスを相手に強要してくるタイプなので、これを言った所でどうにもなりませんが…😌<br>このことに関してこれからクヨクヨ悩まずに済みそうです。<br>ありがとうございます。",@Nem_Tos,2024-03-17T23:41:51Z,htWuimTJmlQ
【人の力を拡大する人と縮小する人】自分自身との接し方・他者との接し方を見つめてみよう。力を縮小する人の背景は、そばにいた人の影響。,155676,10,自分の記憶用。<br>他人にも自分にも同情じゃなくて共感をすると力を与えられる,@yumie8191,2024-03-05T02:46:53Z,ZFr_SycknUk
【人の力を拡大する人と縮小する人】自分自身との接し方・他者との接し方を見つめてみよう。力を縮小する人の背景は、そばにいた人の影響。,155676,10,なるほどと思ったのは<br>共感　怖かったでしょう<br>同情　聞いてると私まで辛くなってくる<br><br>この差はジワジワとムカついてくるわね❤,@hyomakun80,2024-03-02T10:20:03Z,ZFr_SycknUk
【人の力を拡大する人と縮小する人】自分自身との接し方・他者との接し方を見つめてみよう。力を縮小する人の背景は、そばにいた人の影響。,155676,10,正論を言って縮小してしまうのは分かる。ただ、自分は正論を言われても縮小しない理性を持っていたい。言われたことは間違ってないんだから。,@seruroiserorori,2024-03-17T01:00:11Z,ZFr_SycknUk
【アダルトチルドレン】克服の一歩は自己理解。心の平穏を取り戻すため自分に目を向け、心の声に耳を傾けよう。【AC】,151938,10,いつも動画投稿ありがとうございます<br><br>悪い解釈をしてほしくないのですが、初めてきぃさんの動画を見た時、受け入れがたい気持ちがモヤモヤしていて、ぴりぴりしながら見ていました<br>丁度いろんなことがあり、心苦しく生活していた時に、たまたま、おすすめで上がってきた動画を再生してみようと見たことがきっかけでした<br>自分には合わないのかなぁと思いながらも、気になった他の動画もいくつか続けてみました<br><br>そうして何日にも分けて続けて見続けた結果、今は楽しく見ることができています<br>きぃさんの発信する情報に耳が痛かったのが、今では頷けたり、冷静に過去の自分を判断できるようになっています<br>僅かながらですが、前に進んでいます<br><br>もちろん、問題が全て解決したわけではありません<br>道半ばではありますが、心の処理の仕方が少しずつ変わってきた実感があります<br>見えている景色が最悪なのは変わりませんが、色味が少し違って見えています<br><br>沢山助けられています、ありがとうございます<br><br>楽しいお話ばかりではないので、視聴者様からいろんな反応があるかと思います<br>私の場合は助けられています、感謝している人がいるということをお伝えしたいです<br><br>これからも素敵なきぃさんが見られることを楽しみにしています<br>ご無理なさらないペースで、きぃさんも楽しみながら制作してください<br>応援しています,@km-rx4zr,2024-10-28T03:15:16Z,usIp41t_vo0
【共依存】人間関係のストレスや問題の背景。自分の価値を感じられなければ心が保てない。自己犠牲して周りを優先、人をコントロールしたり人を依存させる。,132084,10,動画見て友人と共依存してたことに気がついた。自分の特性として心開いた人に甘えちゃうのは把握していたが、相手も相手で過干渉に面倒を見る人だ。これが良くないことであると動画を見るまで気が付かなかった。<br>自分に焦点向ける癖をつけよ。<br>あと相手のことを考えすぎのも控えたいな。仕事中でも考えちゃうのは重すぎる,@Tatata-o8v,2024-03-01T16:52:06Z,mxqVWLBiV3k
【共依存】人間関係のストレスや問題の背景。自分の価値を感じられなければ心が保てない。自己犠牲して周りを優先、人をコントロールしたり人を依存させる。,132084,10,これまで自分自身、心が不健康だなと思いつつも、原因にきずかなかったのですが、いままさにそういった状態だったこともあり、凄く納得しました。これからは、そういう自分を向き合い、自分の人生に集中しようと思います。この動画を見て、とてもスッキリしました😊,@boschbernd8520,2024-02-28T16:50:15Z,mxqVWLBiV3k
【共依存】人間関係のストレスや問題の背景。自分の価値を感じられなければ心が保てない。自己犠牲して周りを優先、人をコントロールしたり人を依存させる。,132084,10,最近こういう生き辛い人間性がメジャーになり、解説を見聞きするようになりましたが<br>まぁ見事なまでにあらゆる点で自分に当てはまっており、本当に辛いです<br>他の人はそんな風に思わないのか、こんな事で悩んでいないのか、逆に自分はどうしてどうしてと考えてしまい<br>知って認めようとすればするほど自己嫌悪が進み、生きているのが嫌になっています,@ぷけぎゅけぱー,2024-07-18T00:47:06Z,mxqVWLBiV3k
【共依存】人間関係のストレスや問題の背景。自分の価値を感じられなければ心が保てない。自己犠牲して周りを優先、人をコントロールしたり人を依存させる。,132084,10,"<a href=""https://www.youtube.com/watch?v=mxqVWLBiV3k&amp;t=867"">14:27</a>　改善と対策",@YA-ns3ko,2024-05-28T22:51:11Z,mxqVWLBiV3k
【共依存】人間関係のストレスや問題の背景。自分の価値を感じられなければ心が保てない。自己犠牲して周りを優先、人をコントロールしたり人を依存させる。,132084,10,これを見ても「でもやっぱり感謝されるような行動はするべきだ！」とどうしても思ってしまう自分がいて<br>でもそれが結局感謝される為の行動に変わってしまっているからこそこの話に共感できてしまう<br><br>この気持ちはどう折り合いを付けていば良いのでしょうか？,@ドロマー5,2024-02-28T15:27:57Z,mxqVWLBiV3k
【共依存】人間関係のストレスや問題の背景。自分の価値を感じられなければ心が保てない。自己犠牲して周りを優先、人をコントロールしたり人を依存させる。,132084,10,私も共依存関係になってしまっていて、どうしたら良いか分からなくて苦しかったのですが、少しずつ意識してみようと思います😢ありがとうございました🙏,@harapeco-27,2024-02-29T09:34:51Z,mxqVWLBiV3k
【共依存】人間関係のストレスや問題の背景。自分の価値を感じられなければ心が保てない。自己犠牲して周りを優先、人をコントロールしたり人を依存させる。,132084,10,耳が痛いであります………,@kane-you-0124,2024-02-29T12:54:52Z,mxqVWLBiV3k
【認知の歪み】超身近な苦しくなる思考の癖。認知の歪みとは？10種類の例と改善に向けた対応,130279,10,タメになる...<br>ロックめなtシャツもお似合いです♡,@nachi8751,2023-11-24T11:56:29Z,AxlcavvWwYk
【回避傾向】自分を生きることから逃げる。失敗、責任、批判、恥、人を傷つける恐れなどを最優先にして人生が停滞する,103401,10,私だけじゃないんだって安心する,@user-dz7uw3sb8n,2025-02-17T12:28:40Z,khgpg2jcUCE
【回避傾向】自分を生きることから逃げる。失敗、責任、批判、恥、人を傷つける恐れなどを最優先にして人生が停滞する,103401,10,最近自身の回避傾向に気づいた２０歳です。<br>私の場合、特に対人関係を回避しがちなようで、いろんな人と広く浅い交流はできるものの、深い関係に踏み込むことが怖くてできずにいます。<br>考えることといえば、自分の言動で相手を不快に思わせてしまわないかということばかり。<br>傷つけたくないし、それ以上に傷つきたくないんです。,@taraku-m9t,2025-02-18T07:49:31Z,khgpg2jcUCE
【人に依存しすぎている人】自分に主導権がなくなっている・人に何かしてもらうことを求めすぎる人（自立しなさすぎている状態）,91609,10,最近悩んでいる事がこの動画のお陰で頭の中で少し整理出来た気がします。<br>改善の為の行動は直ぐ出来ないかもしれないですが、意識するようにしていきたいと思いました。<br>ありがとうございました。,@mutuokamonet,2023-11-24T23:33:19Z,27c9_QRTctI
【人に依存しすぎている人】自分に主導権がなくなっている・人に何かしてもらうことを求めすぎる人（自立しなさすぎている状態）,91609,10,まさに今回の動画の内容は、そのまま私の人生でした。<br>きいさんの発信からいろいろ学ぶうちに、今やっと、少しづつ自分というものを取り戻しているところです。<br>これ以上は長くなるので、公式LINEの方に吐き出させてください。,@ruisei-涙星,2023-10-25T18:45:56Z,27c9_QRTctI
【強い劣等感】落ち込みが止まらない、すぐ人と比較、頑張りすぎてしまう、自分を守るために攻撃・敏感になりやすい、理想やプライドが高くなる。,84076,10,劣等感と劣等性の違い←わかりました<br>劣等性があってもいい、当たり前←わかりました<br>でも仕事でできないといけない でもそう簡単にできない自分がいる この板挟みにずっと悩んでいます 仕事し始めて半年以上経ちますがまだまだできない事、ミスする事たくさんあります 上司からも少しですが きつく言われることもあります ミスしなければ人間関係も今よりか良好になるのかと思うと早く成長したい ミスしない人になりたいと足掻くばかりです いつ夜明けが来るでしょうか？<br>少しつらいです,@unc2334,2024-03-30T05:45:59Z,3BV7aU3Dl8w
【日常に残る心の影響】知らないで自分を否定したり、現実とのギャップを起こし続けていませんか？大事な自分を理解・受容・幸せへ。,83800,10,最近、やるべきことや他人の目線、自分の過去や思い込みに縛られないで過ごす時間を大切にしています<br>私はどんなときに自由でいられるのか、自由でいられているときに私は何をやりたいと思うのか、やったことに対して何を感じるのか<br>本来の私の感覚はそういったところに表れるのではないかと考えています<br>最近では、面倒だと思っていた料理や服選びの楽しさに気が付きました,@ApricotYAL,2025-08-21T11:36:02Z,cNzvBWkhm3Y
"【なぜか優しくできない,怒りが湧く】家族／恋人／子ども／近しい人にほどキツく強く当たってしまう心理",683700,9,本当にわたしの母だこれ,@suisui7741,2025-10-27T11:01:28Z,FpcoL2PZ9zY
"【なぜか優しくできない,怒りが湧く】家族／恋人／子ども／近しい人にほどキツく強く当たってしまう心理",683700,9,おすすめに出てきて見ました<br>最近この動画のような性格の20年来の友人を絶縁しました<br>その甘え、確実に相手に嫌な思いをさせています<br>分かり合えるのではと最後の希望を込めて向き合う時間を取りましたが、自己弁護ばかり<br>「あなたがいなくなったら友達一人もいなくなる」と徹頭徹尾自分のことばかりでもう無理でした<br>どんな過去やメンタリティがあっても他人はサンドバッグじゃない<br>相手の限界が来る前に変わってほしいです,@yk-sx8yf,2025-09-14T13:12:54Z,FpcoL2PZ9zY
"【なぜか優しくできない,怒りが湧く】家族／恋人／子ども／近しい人にほどキツく強く当たってしまう心理",683700,9,自分がまさしく、と感じました。特に子供を産んでから子供に対して思うところがあるので<br>良い意味で他人であると認識し直していこうと思います。,@生方はる,2025-09-24T22:20:20Z,FpcoL2PZ9zY
【抱え込みすぎ】「私がやらなきゃ」「何でもできなきゃ」、気を使いまくり、自分が人や状況を操作したい→限界を超えて心が崩れる,664306,9,その時その時は頑張っているつもりでもあとから振り返るとなんも頑張れてないって自己否定が強くなってます。本当に自分を全然肯定できなくてどうしたらいいかわかんない。しんどいです。,@snowmusic2931,2024-03-21T12:53:52Z,Gaps0b_VXIU
【抱え込みすぎ】「私がやらなきゃ」「何でもできなきゃ」、気を使いまくり、自分が人や状況を操作したい→限界を超えて心が崩れる,664306,9,適応障害になって初めて自分に向き合ってますが、まさにこの抱え込み自爆系に当てはまっています、、、<br>動画を出していただいてありがとうございます！後ろの緑が癒されますね😊,@pomecha_,2024-09-15T23:35:42Z,Gaps0b_VXIU
【自立しすぎている人】頼れない、任せない、甘えられない。孤独と傷つきを抱え込んできた人,376235,9,仕事に追われてストレスで苦しくなって、自分は何でこんなに人に頼れないんだろうと思って辿り着きました。<br>他人に仕事を投げて甘えている人が大嫌いです。<br>でも適度に甘えられる人の方が生きやすいですよね。,@mooocha1002,2024-12-01T07:15:49Z,Rtfu2tdV6Ks
【自立しすぎている人】頼れない、任せない、甘えられない。孤独と傷つきを抱え込んできた人,376235,9,私は人から相談されたり、頼られたら嬉しい反面で、頼られているんだ、期待に応えたいという圧が原因でその解決に力を注ぎすぎて疲れてしまい、相手の事を嫌いになってしまうことがありました。<br>だから誰かに頼ったら相手にも同じ思いをさせてしまう可能性があると考えてしまい、頼れなくなりました。,@守敏-h8f,2024-03-22T13:26:46Z,Rtfu2tdV6Ks
【自立しすぎている人】頼れない、任せない、甘えられない。孤独と傷つきを抱え込んできた人,376235,9,優しい動画でありがたいです。家族が崩壊していたので「甘える」を学ばずに大人になってしまい、未だに「甘え(悪い意味)」と「甘えてもいい部分」の違いがわからず人生詰んでます。,@neoancient27,2023-11-26T17:18:07Z,Rtfu2tdV6Ks
【自立しすぎている人】頼れない、任せない、甘えられない。孤独と傷つきを抱え込んできた人,376235,9,親や上の兄弟にキャパがない場合、<br>口だけ「どうしたの？」と聞かれて<br>本音で弱さをさらけ出したら、誰も受け入れてくれない。そんな話すだけ損な環境で生きぬいてきたことに勲章を授け、卒業していきたいです。,@koske_768,2024-11-23T07:26:26Z,Rtfu2tdV6Ks
【選ぶ権利がある】近くにいる方がいい人と、遠ざける方がいい人【割合と頻度を見てね】,256269,9,完全にウチの夫です。<br>遠ざけたいし、遠ざかりたいです。<br>でもすぐには出来ないから、子どもの自立に合わせて違う道を歩めるように始動します。<br>カウントダウン。,@プラム子,2024-03-15T01:41:20Z,7tTBN-Ul_Pg
【選ぶ権利がある】近くにいる方がいい人と、遠ざける方がいい人【割合と頻度を見てね】,256269,9,この動画見てるともう周りの人間全員切った方がいいのかな？と思えてきた。完全に自分が居心地のいい関係なんて流石に存在しなくて。。うーん難しい。,@Yu-dt5pu,2024-02-03T21:11:38Z,7tTBN-Ul_Pg
【選ぶ権利がある】近くにいる方がいい人と、遠ざける方がいい人【割合と頻度を見てね】,256269,9,凄いですね。今までずっとモヤッとしていたことがハッキリ理解できました。気がついたら周りが遠ざけた方が良い人だらけになっていました。,@おやつ-v2s,2023-12-04T12:17:59Z,7tTBN-Ul_Pg
【選ぶ権利がある】近くにいる方がいい人と、遠ざける方がいい人【割合と頻度を見てね】,256269,9,心温かくなる動画ありがとうございます。合わせなくてもいいっていわれると楽になります😊,@Re-oe8xs,2023-08-17T00:16:29Z,7tTBN-Ul_Pg
【自己愛性パーソナリティタイプ】自分は特別・自分は悪くない・トンデモ行動。自己愛が強い人への対処と改善までご紹介。／ナルシスト、話を聞かない、押し付け、支配的,234791,9,これが受け入れられる人、尊敬する。私無理だ。<br>自分も自己愛あるので、大変。,@aretha4051,2025-06-20T05:20:22Z,9ZqyqvABW_8
【自己愛性パーソナリティタイプ】自分は特別・自分は悪くない・トンデモ行動。自己愛が強い人への対処と改善までご紹介。／ナルシスト、話を聞かない、押し付け、支配的,234791,9,自分にも当てはまるところがある。気をつけていきたい。<br><br>子供のころ、へんなあまやかしではなく、きちんとした愛情をうけて育った方は幸せ。<br>あと、生まれつきADHDだと、周りからの風当たりが強いから、<br>自己肯定感を失うのも自然な流れだと思う。些細な事で勝ち負けにこだわるのもそういうことなんだろうが、こればかりはまわりの話は聞かないし、話し合いがまともに通じないから、身をもって痛い目を体験して自己成長するしかない。私もそうだったが、職場にド級クラスの自己愛性人格障害がいて、苦しめられて、学んだ。,@1024-e1v,2024-03-23T00:24:35Z,9ZqyqvABW_8
【自己愛性パーソナリティタイプ】自分は特別・自分は悪くない・トンデモ行動。自己愛が強い人への対処と改善までご紹介。／ナルシスト、話を聞かない、押し付け、支配的,234791,9,私は自己愛性と境界性の合併だと思います。周りの人の対処法だけでなく当人の改善の両方から見たお話を聞けてとても学びがありました。少しずつ自分を理解して前に進もうと思います。発信ありがとうございます。,@Sizuku-vn3or,2025-03-02T02:32:53Z,9ZqyqvABW_8
【自己愛性パーソナリティタイプ】自分は特別・自分は悪くない・トンデモ行動。自己愛が強い人への対処と改善までご紹介。／ナルシスト、話を聞かない、押し付け、支配的,234791,9,割と当てはまる……感謝と謝罪だけはちゃんと出来るように日頃から気をつけてる,@愛が最強の世界の住人,2024-02-03T09:23:54Z,9ZqyqvABW_8
【愛情と依存の違い】&quot;好き&quot;と混同しやすい&quot;依存&quot;の特徴とは？自分軸で与える愛と、他人軸 or 自己満足で埋めようとする愛。  〜グラデーションで考える〜,211779,9,自分自身留学や起業、いろんな趣味にチャレンジしてきてコミュニケーションにも自信があって友達も多く、自己肯定感が高い方だと思っていました。しかし恋愛で上手くいった経験が少なく、最近別れた彼女にも好きより依存(コントロール)してたのだと気づきました。結局自分に自信がないんだなと思いますが、この動画をきっかけに冷静に見つめていきたいと思います。,@syymi1502,2025-09-29T04:55:59Z,Ui7jIx_0sIU
【愛情と依存の違い】&quot;好き&quot;と混同しやすい&quot;依存&quot;の特徴とは？自分軸で与える愛と、他人軸 or 自己満足で埋めようとする愛。  〜グラデーションで考える〜,211779,9,我慢しすぎタイプになっちゃってます、今💧<br>これは相手との関係を切るのではなく、関係を見直して改善していければいいなとポジティブになろうと思います！,@ねこまんま-r6x,2025-02-21T04:28:08Z,Ui7jIx_0sIU
【完璧主義】ひとり反省会・人生が変わらない・全てに神経を尖らせている→「自然な自分ではいけない。」という自己否定のサイン,182094,9,そうですよね、不安や恐怖からの完璧主義や真面目さは側から見たら同じ立派でもいつか折れてしまいますね。最悪の場合「優等生だったあの子がなぜ、、」みたいなことになる。,@shiitakemushroom4281,2024-02-14T18:37:25Z,a7x8US7Rwj4
【完璧主義】ひとり反省会・人生が変わらない・全てに神経を尖らせている→「自然な自分ではいけない。」という自己否定のサイン,182094,9,美人すぎて3回目からじゃないと話の内容が入ってこない,@krone8922,2023-12-02T08:04:40Z,a7x8US7Rwj4
【自分軸と自分勝手の違い】わがままが気になる人へ。場面での対比を見て整理しよう,159398,9,友人が自分の都合で私をコントロールしようとします。約束を変えて貰う為に嘘をついたり、共通の友人のお父様のお葬式に自分が行きたくないから情報を出さなかったり。正直に言えば相談に応じるし、お葬式には私には行かせないために場所や時間を教えないのに自分は行ってたり。後から聞くと「本当は行きたくなかったけど、他の人から誘われて断れなかった。他にも来ない人はいたから、あなたの顔は潰れてない」との事。腹を立てる私が狭量かと思ったけど、やっぱり自分勝手な人だったんだなと思いました。,@sakurasakura-nn8mu,2025-01-31T10:03:32Z,htWuimTJmlQ
【自分軸と自分勝手の違い】わがままが気になる人へ。場面での対比を見て整理しよう,159398,9,Instagramで見つけてから言葉にたくさん救われてきました。<br>[選択は自由です]の一言で涙があふれるって事は自分を枠にはめすぎてるんだなぁ、って気付けました。<br>自分軸が見当たらなかったので見つけられました。もっと濃くしていきます。,@ゆき-t3r9o,2024-02-15T02:58:42Z,htWuimTJmlQ
【人の力を拡大する人と縮小する人】自分自身との接し方・他者との接し方を見つめてみよう。力を縮小する人の背景は、そばにいた人の影響。,155676,9,とってもわかりやすかったです。子供の頃からお母さんの愚痴を聞くたびにお母さん可哀想って思っていました。なんて言ってあげたらいいんだろうって思っていて愚痴を聞くのがしんどかったです。ですが、大人になり聞き流すことを覚えたりあまり同情しなくなりました。これからは、同情ではなくて共感してあげようと思いました。長年のモヤモヤが解消されてスッキリしました。きいさん、この内容を動画にして下さりありがとうございました😭✨,@ソルティクッキー,2024-03-03T02:08:04Z,ZFr_SycknUk
【人の力を拡大する人と縮小する人】自分自身との接し方・他者との接し方を見つめてみよう。力を縮小する人の背景は、そばにいた人の影響。,155676,9,きいさん、こんにちは🍀<br>今回も気づかせてくれる動画ありがとうございます💗<br><br>私は人の力を奪う人だなとずっと前から自覚しています。同じく自分の力も奪っちゃう…。<br>だから、人への言葉かけが私は健全じゃないと思って押し込めたりします😔<br>私は余計なこと言わない方がいい…とか。<br><br>自分を無意識に責めるのがデフォルトだったのですが、今はその感覚にも違和感が芽生えて、少しずつ責めない方向に切り替える意識が出てくるようになりました。<br>きいさんのこれまでのお話を聞いてきたおかげです🤗<br><br>原因は自分だと断定するんじゃなく、私の場合は家庭環境にある。<br>子供を見下すことしか言えない父と、共感の言葉がない母でした。<br><br>これからは<br>「自分を責めない為に、どう声掛けしたらいい？自分がここまで来る為に頑張ってきたプロセスもあったよね？」と聞いてあげます。<br><br><br>人に力を与えられる人になれるように、まずは自分に力を与えられる自分を目指します✨<br><br>きいさんいつもありがとう😊,@Panda-R09,2024-02-22T06:27:06Z,ZFr_SycknUk
【共依存】人間関係のストレスや問題の背景。自分の価値を感じられなければ心が保てない。自己犠牲して周りを優先、人をコントロールしたり人を依存させる。,132084,9,まさにそう、存在価値を外に見出して、そして私がしてた事は、愛情でなくコントロールだったんでしょう。<br>愛情をかけることがどんな事がわからないまま、年を取ってました。,@みゃーこ-e7e,2025-02-23T08:26:59Z,mxqVWLBiV3k
【共依存】人間関係のストレスや問題の背景。自分の価値を感じられなければ心が保てない。自己犠牲して周りを優先、人をコントロールしたり人を依存させる。,132084,9,母親と共依存に氣づきましたが、もう手遅れでした。鬱病になり未遂もして、今は生きてくのもしんどくて絶望しか思い描けません。親は83歳。私は54歳。シングルマザーで娘は27歳。娘も精神疾患になりました。,@Tomo-gedoku,2024-07-01T05:40:53Z,mxqVWLBiV3k
【投影】他人(外側)に自分の感情・欲求や過去を映し出す。＝自分流に解釈している。人間関係や自己理解のために「投影」をチェックしてみましょう,121833,9,抑圧わかるなぁ😊<br>正論が正しいとは限らないことを気をつけています,@porukoa,2024-07-05T03:32:49Z,4StA-DDlEfk
【投影】他人(外側)に自分の感情・欲求や過去を映し出す。＝自分流に解釈している。人間関係や自己理解のために「投影」をチェックしてみましょう,121833,9,イラストがかわいい<br>話が聞きやすい<br>素晴らしいと思いました<br>勉強します<br><br>バランスよく完璧に振る舞うのは限りなく難しい、と言うか幻想かもしれない。<br><br>ありがとうございました,@ista1741,2024-07-03T13:25:53Z,4StA-DDlEfk
【投影】他人(外側)に自分の感情・欲求や過去を映し出す。＝自分流に解釈している。人間関係や自己理解のために「投影」をチェックしてみましょう,121833,9,すべて、自分のせいと思っていました。<br>教えて下さってありがとうございました😊,@富樫美智子-o7s,2024-06-25T04:50:52Z,4StA-DDlEfk
【投影】他人(外側)に自分の感情・欲求や過去を映し出す。＝自分流に解釈している。人間関係や自己理解のために「投影」をチェックしてみましょう,121833,9,日常の中で投影を沢山していることに気がつきました。コミュニケーションや人間関係で苦しくなることも多いので、見返して意識していきたいです。,@harapeco-27,2024-06-20T02:48:15Z,4StA-DDlEfk
【投影】他人(外側)に自分の感情・欲求や過去を映し出す。＝自分流に解釈している。人間関係や自己理解のために「投影」をチェックしてみましょう,121833,9,職場で、嫌いな人に対して<br>《いつも自分は利用されてばかり…悔しい》と、いつも思っていましたが、それは自分が相手を利用してやろうという気持ちの投影なのでしょうか。。,@ポン-y2o,2024-06-19T11:58:52Z,4StA-DDlEfk
【敵意帰属バイアス】自分を嫌っているんだと誤解・攻撃されたと誤解をしやすい。自己成長や対人関係の弊害。不信感。まずは傾向に気づくこと。,107541,9,結果的に生き残ろうとしてそういう思考になりやすい節は自分にはとてもある<br>安心や安全を当時の自分なりに蓄積してこうなったと思うとなんだかやるせなくなるけど,@alexisalex7114,2024-04-19T07:06:08Z,_uTgEER207c
すぐ臨戦体制になり食ってかかりやすい心の癖。人を敵に思いやすい「敵意帰属バイアス」② #心理学 #人間関係 #ストレス #教養,105721,9,対策を教えて欲しい,@midori251,2025-09-25T14:07:06Z,wsR2RjpGWDg
【回避傾向】自分を生きることから逃げる。失敗、責任、批判、恥、人を傷つける恐れなどを最優先にして人生が停滞する,103401,9,今まで自分を守るために回避を手段として生きて来た。<br>しんどさが軽くなるようにもう少し自分に優しくしてみよう😢,@むら-h3m7v,2025-02-07T06:56:08Z,khgpg2jcUCE
【回避傾向】自分を生きることから逃げる。失敗、責任、批判、恥、人を傷つける恐れなどを最優先にして人生が停滞する,103401,9,常に良い人だと思われたい、というより失敗することで｢馬鹿な人だ｣｢頭が悪い人だ｣って思われたくない<br><br>自分自身が人を見下してるから自分もそう思われそうで怖い,@oregaAmugi,2025-11-12T13:06:37Z,khgpg2jcUCE
【回避傾向】自分を生きることから逃げる。失敗、責任、批判、恥、人を傷つける恐れなどを最優先にして人生が停滞する,103401,9,この動画を最後まで見るのにさえ、とても勇気が要りました。半日かかりました。<br>中学の卒業時にそれまで普通に接していた学年の全員から突然仲間外れにされ、それ以来心の底で、自分には価値などないと思っています。<br>高校以後はどんな居場所でも最後には自分の周りに誰もいなくなってしまい疲れ切って、人間関係をリセットし続けています。<br>仕事でも趣味でも遊びでも、精神と身体を壊すまで頑張っても周りよりもデキずについていけなくなってしまい見捨てられてしまいます。居場所がどこにもありません。うつ病になって会社をクビになり今は４８歳で無職です。<br>これ以上見捨てられるのが怖いです。<br>何をやってもできが悪い、このままの自分を受け入れてくれる場所が一つだけでもほしいです。,@sola8817,2025-05-15T01:12:26Z,khgpg2jcUCE
【回避傾向】自分を生きることから逃げる。失敗、責任、批判、恥、人を傷つける恐れなどを最優先にして人生が停滞する,103401,9,普通に頼れないし、自分を信じられないからこそ、防御のためにお金稼ぐためです<br><br>楽しいより、リスクヘッジ。心ひらけるようにやってみます,@kaoruikeda0913,2025-02-05T14:17:12Z,khgpg2jcUCE
【回避傾向】自分を生きることから逃げる。失敗、責任、批判、恥、人を傷つける恐れなどを最優先にして人生が停滞する,103401,9,初めてコメントさせて頂きます。以前から動画を拝見していたのですが、今回は回避に関する話題ということで強く関心を持ちました。<br>自己分析を重ねれば重ねる程、自らの回避癖を思い知るばかりです。<br>築き上げた関係が壊れるのが怖い、挑戦した結果が失敗に終わる自分を許せない。完璧主義が生み出す高いハードルと自己受容の不出来さが、自分自身の回避癖を作り出していると考えています。<br>きいさんのお話は「全くその通りだ」とひたすらに思いました。べき思考を取り除いて、自分を尊重できるように小さな一歩を積み重ねていきたいです。<br>僕自身、二輪教習を申し込んでから1回目の教習を受けるまで半年以上を要しました。やりたいことを否定して正当化しようとしたり、行動できない自分を責めたりもしました。<br>なんでも怖く感じる自分も、本当は挑戦したい自分も、優しく受け止めてあげようと思います。<br>貴重なお話ありがとうございました。<br>無理せず活動していただけたら嬉しいです。,@クリームソーダ-g5n,2025-02-08T11:39:10Z,khgpg2jcUCE
【人に依存しすぎている人】自分に主導権がなくなっている・人に何かしてもらうことを求めすぎる人（自立しなさすぎている状態）,91609,9,自己犠牲ギバー型です<br>なにがしたいの？と言われるとめちゃくちゃ困ります<br>遊びとかは決められるけど、人生のことになると上手く決められません,@miccoys23,2025-04-04T02:11:00Z,27c9_QRTctI
【人に依存しすぎている人】自分に主導権がなくなっている・人に何かしてもらうことを求めすぎる人（自立しなさすぎている状態）,91609,9,自分は、自己犠牲ギバーと<br>愚痴後悔です。<br>女性の友人に何かしてやったのに何でもっと、してくれないの？とはいえ自分から連絡するのも悔しいような😠💢もっと私を気に留めてほしいと思う気持ちが常に有ります…うすうすこれは依存なのかなと感じたりしてました。やはりそうなんだ…⤵️自覚しました。,@野口映子-h1t,2024-02-25T01:17:03Z,27c9_QRTctI
【人に依存しすぎている人】自分に主導権がなくなっている・人に何かしてもらうことを求めすぎる人（自立しなさすぎている状態）,91609,9,これからどうしていこう💭,@ayamaru_,2024-06-18T03:24:11Z,27c9_QRTctI
【人に依存しすぎている人】自分に主導権がなくなっている・人に何かしてもらうことを求めすぎる人（自立しなさすぎている状態）,91609,9,53才、いまからその性質を変えられるとは思わない。,@t.aindustries3631,2023-10-27T08:58:57Z,27c9_QRTctI
【人に依存しすぎている人】自分に主導権がなくなっている・人に何かしてもらうことを求めすぎる人（自立しなさすぎている状態）,91609,9,結局は利用する人が欲しいって事でしょうなんでもやってくれるぼくのもと彼女がぼくがなんでもやるから金銭感覚が合わなくて別れましたよ😢😢😢,@根津おさむ,2023-10-26T05:44:15Z,27c9_QRTctI
【強い劣等感】落ち込みが止まらない、すぐ人と比較、頑張りすぎてしまう、自分を守るために攻撃・敏感になりやすい、理想やプライドが高くなる。,84076,9,首がもげるほど頷くレベルで私のプロフィールかと思った。<br>それくらい当てはまることが多くて……<br>理解してるけれど、自分を認める、許す事、時間かけてやってきたなぁ。<br>まだ頭ではわかってるけど、心が腑に落ちきってないところもあって、まだまだ時間かかるやろうなぁ……,@平野Y,2024-03-20T16:12:22Z,3BV7aU3Dl8w
【強い劣等感】落ち込みが止まらない、すぐ人と比較、頑張りすぎてしまう、自分を守るために攻撃・敏感になりやすい、理想やプライドが高くなる。,84076,9,コップの移動の話、共感しすぎて自分の話かと思いました(　ﾟдﾟ)そのままの自分をまずは自分が認められるようになりたいです（ ; ; ）,@山本奈津実-y8y,2024-03-24T05:42:08Z,3BV7aU3Dl8w
【強い劣等感】落ち込みが止まらない、すぐ人と比較、頑張りすぎてしまう、自分を守るために攻撃・敏感になりやすい、理想やプライドが高くなる。,84076,9,私だなぁ…… 期待に応えてきたから、今適応障害で休職中です。休んでも中々眠れるようになれず、まさか自分がって感じです😢💦  解説とってもありがたいです。何回も見直します。   マイクと編集変えられましたか？😊こころなしか声が聞きやすくなってて助かります🫶,@kikip790,2024-03-21T04:17:07Z,3BV7aU3Dl8w
【日常に残る心の影響】知らないで自分を否定したり、現実とのギャップを起こし続けていませんか？大事な自分を理解・受容・幸せへ。,83800,9,子供の頃、ヒーロー物が好きな事を姉と妹に嘲笑された。　　<br>親に怒られたり、同級生にいじめや否定され続けていた。<br>それゆえに恋愛願望一切抱けず、友人も出来なかった。<br>職場でメンタルも病んで障害者手帳持ち。<br>漫画家になりたかったが、担任にただの趣味だろと否定され、家族の経済状況も相まって結局は別の道に行く事になった。<br><br>今は家族とそれなりに仲良くやってるが、過去に弄られた事を思い出しては憎悪を抱く自分がいる😢<br>成功しても否定したり疑問を抱いて、素直に喜べない。,@五月雨ぼん吉,2025-10-17T22:40:49Z,cNzvBWkhm3Y
【日常に残る心の影響】知らないで自分を否定したり、現実とのギャップを起こし続けていませんか？大事な自分を理解・受容・幸せへ。,83800,9,うわ…すごい、、<br>ずっと過去の記憶が断片的にしかないんだよなぁって結構悩んでたというか自分だけなのかと思って心配してたけど、ちゃんと理由があったんだ………<br>一発目から出てきてびっくりした笑笑,@elu.1692,2025-09-29T04:58:38Z,cNzvBWkhm3Y
【日常に残る心の影響】知らないで自分を否定したり、現実とのギャップを起こし続けていませんか？大事な自分を理解・受容・幸せへ。,83800,9,大体当たってるんですけどひとこと体調が辛いって言うと何が辛いのか？どう言うことがあったのか？状況を説明することが面倒です。,@riocok218,2025-09-02T12:41:56Z,cNzvBWkhm3Y
【日常に残る心の影響】知らないで自分を否定したり、現実とのギャップを起こし続けていませんか？大事な自分を理解・受容・幸せへ。,83800,9,コダック可愛いです,@miuratravisz,2025-08-22T09:12:25Z,cNzvBWkhm3Y
"【なぜか優しくできない,怒りが湧く】家族／恋人／子ども／近しい人にほどキツく強く当たってしまう心理",683700,8,多分、身近とはいえ目上にはそんなことしなくて、弱いものを攻撃するんだよな。,@user-ij3jm6wt8e,2025-10-08T09:12:01Z,FpcoL2PZ9zY
【抱え込みすぎ】「私がやらなきゃ」「何でもできなきゃ」、気を使いまくり、自分が人や状況を操作したい→限界を超えて心が崩れる,664306,8,私の自己紹介かと思うくらい私だ、、、、,@rn_830,2024-06-24T06:38:30Z,Gaps0b_VXIU
【抱え込みすぎ】「私がやらなきゃ」「何でもできなきゃ」、気を使いまくり、自分が人や状況を操作したい→限界を超えて心が崩れる,664306,8,"<a href=""https://www.youtube.com/watch?v=Gaps0b_VXIU&amp;t=107"">1:47</a> <br>これまさしく自分に当てはまってるなということ、「苦しい完璧主義」の方にも少し関連があるなと思いました。<br>私事ですが、小学校時代に嫌われるという経験がありまして、そこで「私を好いてくれる人はいない」「私なんていてもいなくても一緒」と思うように。それが歳を重ねると共に悪化＋勉強に逃げたことで「自分は勉強しかできない人間としてはゴミカス」というレッテルもつきました。<br>そんな訳で、仲良くなりたいけども素の自分では好かれないと思い、完璧であるように振る舞っていました。また、友人と居ても心のどこかでは「どうせ私なんか…」と思うし、自分が邪魔で迷惑な存在だと思っています。だから友人と別れた後も、1人で反省会を行なって辛くなり…<br><br>これを聞いて心が軽くなりました",@user-pu1op9kq4y,2024-02-15T11:59:42Z,Gaps0b_VXIU
【自立しすぎている人】頼れない、任せない、甘えられない。孤独と傷つきを抱え込んできた人,376235,8,自分のことだなと刺さりました。言語化してくれてありがとうございます。<br>幼少期から不仲な両親の仲裁とかをやってきて、背伸びしてきたからだと思ってます。<br>他人に頼るの依存になりそうで怖くて足踏みしちゃうし、そもそもやり方がわからないですが、少しずつ他人の力を借りれるようになりたいです。,@ネカウ,2023-10-31T15:29:05Z,Rtfu2tdV6Ks
【自立しすぎている人】頼れない、任せない、甘えられない。孤独と傷つきを抱え込んできた人,376235,8,これ‥わかる‥自分だ。<br>でも自分の場合は、自分に対してはどーでもよくてヤル気が湧かない。<br>他人に対しては、自然に力が出てくるんだよね。<br>そして、今のままじゃだめだって思う自分と普通を取り繕っている自分がいるから、周りからは気付かないし、ストレス耐性チェックテストなどでは優良な結果になってしまう。<br>つらい😂,@ke7765,2023-11-16T05:23:20Z,Rtfu2tdV6Ks
【選ぶ権利がある】近くにいる方がいい人と、遠ざける方がいい人【割合と頻度を見てね】,256269,8,あと、隙あらばマウント取ってくる人。<br><br>私の発言や行動をすぐバカにして笑ってきたあの人。<br>他には、私が「好き、これいいな」って言ったものを、すかさず「え〜私はそれ無理、嫌い、気持ち悪い」とか言って否定してくる母。（本人は私を傷付けている事に自覚がない。）<br>そのくせ、自分の好きなものについて一方的に語ってきて、好きになれと押し付けてくる。<br><br>その人には今後一生、私の好きなものの話をしない事にしている。私の好きを、幸せを奪うな。,@おとうふおもち,2024-05-30T13:03:22Z,7tTBN-Ul_Pg
【選ぶ権利がある】近くにいる方がいい人と、遠ざける方がいい人【割合と頻度を見てね】,256269,8,"<a href=""https://www.youtube.com/watch?v=7tTBN-Ul_Pg&amp;t=410"">6:50</a><br>逆に遠ざけた方がいいとされる人が抱えてる課題や問題って何かありそうな気がする。",@samlion1980,2023-11-30T13:38:05Z,7tTBN-Ul_Pg
【選ぶ権利がある】近くにいる方がいい人と、遠ざける方がいい人【割合と頻度を見てね】,256269,8,私の場合、職場の人間関係に疲れを感じています。<br>職場に行くと上司や<br>社員など上の立場にも気も使ったり、<br>あるいは外国人研修生などに無理して優しく話しかけたり、<br>物を貸したり、あげたりなどしていくうちに相手は自分と親しいと勘違いししつこくお節介してきたりされたりしてだいぶ疲れました。<br>それが頻繁にしてあげると今度は国に帰るお金がないから貸してと言ってきそうなので物産土産など上げるのを辞めました。<br>しかも車に乗せて家まで送りたいだの<br>自転車2人乗りして帰りたいだの無理なことを言われて断るのに必死でした。,@ムニハル,2023-11-26T01:04:09Z,7tTBN-Ul_Pg
【自己愛性パーソナリティタイプ】自分は特別・自分は悪くない・トンデモ行動。自己愛が強い人への対処と改善までご紹介。／ナルシスト、話を聞かない、押し付け、支配的,234791,8,絶縁した姉がこれで本当に周囲が大変でした。なんとあれだけ迷惑をかけておいて自分大好きで被害妄想もひどく、今は国内最大のキリスト教の宗派に入信し、自分は壮絶な体験をもとに悟りを開いたくらいの勝手なポジションをきづきあげ、礼拝でオルガン弾いてます。こっわ。,@なし-i3v,2024-08-29T22:41:43Z,9ZqyqvABW_8
【自己愛性パーソナリティタイプ】自分は特別・自分は悪くない・トンデモ行動。自己愛が強い人への対処と改善までご紹介。／ナルシスト、話を聞かない、押し付け、支配的,234791,8,身内に無自覚な自己愛の人が居てるので、間違えていても謝らないし、周りの根回しが凄いので、外堀りを己の味方につけてから自分の敵になる人物には容赦なく攻撃するし、自分が損しないようにテイカーになるをよくしてるから手に負えないから周りの身内はフライングモンキー状態で「うわ～💦😱」ってなる時があるから私には天敵だから傍に居たくないのと、向こうも天敵だと認識してるせいでかなり疲れます。😅,@蒼の一匹狼,2025-04-03T07:40:47Z,9ZqyqvABW_8
【自己愛性パーソナリティタイプ】自分は特別・自分は悪くない・トンデモ行動。自己愛が強い人への対処と改善までご紹介。／ナルシスト、話を聞かない、押し付け、支配的,234791,8,自己愛さんと関わって我慢し続けて爆発してしまい、色々言ってしまったのでむこうから見たらこちらが自己愛に見えていそう、でも本人も絶対つらいと思うし何かしてあげたかったけどそれも傲慢だよな、とにかく、ありがとうとごめんなさいが少ない。別に言ってほしいなんて思わないけどそれでも少ない。形でもほぼ言わない。我慢してる間は赤ちゃんだと思って接してた。でも限界だった。相手の度合いによるけれど堪えれる人は似てる人かちょっと抜けてる方かもしれない。ついでに父親もそう。余計に負担が増えて無理だった。両者ともに親の育て方がちょっと偏ってたから自己愛はやはり親が関係してるのではないかと思う。,@sirocha113,2024-07-08T01:12:56Z,9ZqyqvABW_8
【愛情と依存の違い】&quot;好き&quot;と混同しやすい&quot;依存&quot;の特徴とは？自分軸で与える愛と、他人軸 or 自己満足で埋めようとする愛。  〜グラデーションで考える〜,211779,8,依存の特徴、私に当てはまりすぎて心を覗かれてると思った笑,@深月-k5m,2025-03-01T13:19:43Z,Ui7jIx_0sIU
【完璧主義】ひとり反省会・人生が変わらない・全てに神経を尖らせている→「自然な自分ではいけない。」という自己否定のサイン,182094,8,社会人3年目です。新入社員で残業時間が誰よりも多くなり完璧主義をやめました。最初は適当がわからず、下準備もろくにせず仕事に取り掛かる自分に嫌気が差していました。たくさん失敗もしましたが、経験をたくさん積めたこと、今日少し自分を認めてあげれるきがします。ありがとうございます。,@みかん-j1c1t,2024-01-20T06:38:17Z,a7x8US7Rwj4
【完璧主義】ひとり反省会・人生が変わらない・全てに神経を尖らせている→「自然な自分ではいけない。」という自己否定のサイン,182094,8,こんにちは。23男ですが、この動画に辿り着けて本当に良かった。学生時代からこの悩みが強かった。でも言葉にしてみると矛盾だらけで人に伝えられなかったので1人で抱えてこの悩みが大きくなって苦しんでました。気持ちが楽になりました。。,@オノ-r9p,2024-01-06T19:44:13Z,a7x8US7Rwj4
【完璧主義】ひとり反省会・人生が変わらない・全てに神経を尖らせている→「自然な自分ではいけない。」という自己否定のサイン,182094,8,父親が減点主義の人間でした。出来た70%より出来なかった30%を常に責め続けてきた18年間でした。<br><br>お陰で自分もネガティブな完璧主義のまま辛い学生生活を永遠過ごしてました😅,@ange06081022,2024-01-05T08:26:46Z,a7x8US7Rwj4
【完璧主義】ひとり反省会・人生が変わらない・全てに神経を尖らせている→「自然な自分ではいけない。」という自己否定のサイン,182094,8,合格点主義者としては、合格ラインさえ越えれば後は適当にやってます。そうすると、満点というか完璧主義者は「あいつは真面目にやってない」と批判してきます。この完璧主義者が数字を出そうとすると、コンプライアンス違反とかしてでも満点を目指すんですよね。いわゆる優秀なやつがなぜと思っていたが、不安な完璧主義がこの一線を越えるのかと納得しました。,@shiobuta1,2023-12-26T08:08:56Z,a7x8US7Rwj4
【情緒的ネグレクト】親の“感情面への”無関心や関わりの薄さ。生きづらい子どもに多い、見えにくい精神的なネグレクトとは？,179891,8,要は、自分を信じられないっていう感覚だと思うんだよね。<br>自分にとってのそれと、他人にとってのそれが違う感じっていうか。,@tdm2965,2025-04-02T13:46:51Z,WN3RVQSf7l8
【情緒的ネグレクト】親の“感情面への”無関心や関わりの薄さ。生きづらい子どもに多い、見えにくい精神的なネグレクトとは？,179891,8,最近ジブリ映画『おもいでぽろぽろ』を見て、親の情緒的な寄り添いの少なさに驚いた。主人公は私の親と同世代だと思うので、昔の風潮はこうだったのかなとか。その親に育てられた私も現代より情緒的な寄り添いが少なかったと思います。良い悪いではなく親は親、子供は子供っていう世界が分断してる感じがあったなあ。,@ikm-v2j,2025-05-17T16:06:38Z,WN3RVQSf7l8
【情緒的ネグレクト】親の“感情面への”無関心や関わりの薄さ。生きづらい子どもに多い、見えにくい精神的なネグレクトとは？,179891,8,まさにこれでした…自分に感情があるってことが30歳くらいまで分かりませんでした。<br>だから、自分で自分を大切にするっていう言葉の意味も全然分かりませんでした。<br>今も自分で自分を育て直しています。動画にしてくれてありがとうございます。,@Annn-z2v,2025-06-03T23:53:56Z,WN3RVQSf7l8
【自分軸と自分勝手の違い】わがままが気になる人へ。場面での対比を見て整理しよう,159398,8,「ありがとうのカツアゲ」！面白いしまさにそう言う人いますものね,@appleandorange1,2024-03-12T15:34:37Z,htWuimTJmlQ
【自分軸と自分勝手の違い】わがままが気になる人へ。場面での対比を見て整理しよう,159398,8,ありがとうをかつあげ<br>なかなか面白い表現ですね！,@Pastalien,2024-02-14T13:48:27Z,htWuimTJmlQ
【自分軸と自分勝手の違い】わがままが気になる人へ。場面での対比を見て整理しよう,159398,8,自分の「好き」を大事にするなら相手の「嫌い」もある種の受け入れをしよう、と受け取りました。否定する人嫌い！好きなもの否定する人嫌い！という人に違和感があったのですが、そういう自分の枠を超えた主張が普段から強いからこそ、周りが否定する人に変わってしまうのかも。,@gdppta,2024-02-15T02:39:11Z,htWuimTJmlQ
【自分軸と自分勝手の違い】わがままが気になる人へ。場面での対比を見て整理しよう,159398,8,こんにちは！いつもすごく参考にさせていただいております！<br>この類のお話になると私は決まっていつもある疑問が頭に浮かんで困っています😞それは、選択の自由があるようで実は無いこと、が結構あるじゃないかということです。例えば絶賛悩み中の子育てですが、私は幼少期の経験から子供に愛情が湧かず、カウンセリングなども受けています。これは産んでから気づいた事なのでどうしようもないのですが、いくら嫌でも「育てても育てなくてもどっちでもいいんですよー」とはならないですよね💦最悪施設に預けるという選択肢はあれど…。あとは仕事も同様に、持病などを原因として「できません」はアリだと思うのですが、だるいなー、やりたくないなーってだけで「できません」では、お給料貰ってる以上言えないのではと思っています。いつもこのことが頭の中にあり、結局選ぶ自由なんてないんだー！！とぐちゃぐちゃになってしまいます笑<br>　考え方のポイントなどあれば伺いたいです！,@yuyumeimei146,2024-02-15T05:02:31Z,htWuimTJmlQ
【人の力を拡大する人と縮小する人】自分自身との接し方・他者との接し方を見つめてみよう。力を縮小する人の背景は、そばにいた人の影響。,155676,8,とても難しいことだなぁ、、とおもいました。力を奪うコミュニケーションしかしらないので、いきなり新しいコミュニケーションが現れたというかんじで、とても困惑してしまいます。。<br><br>このような細やかなところまで良いや悪いがあると僕は生きづらさを感じてしまいます。,@library2828,2024-02-22T06:11:25Z,ZFr_SycknUk
【アダルトチルドレン】克服の一歩は自己理解。心の平穏を取り戻すため自分に目を向け、心の声に耳を傾けよう。【AC】,151938,8,「みんなそんなもん」<br>「ま、いっか」<br>「そうなんだ〜」この辺を口癖にしたり、思考する時に入れる事でなんとなく自己肯定感を高く保てるような気がしました,@白湯-f2v,2025-05-28T04:36:03Z,usIp41t_vo0
【アダルトチルドレン】克服の一歩は自己理解。心の平穏を取り戻すため自分に目を向け、心の声に耳を傾けよう。【AC】,151938,8,ぶっちゃけ大半の親がアダルトチルドレンだと思うけどね<br>認知されてきたってだけで,@なおかぼちゃ,2025-02-24T12:36:55Z,usIp41t_vo0
【共依存】人間関係のストレスや問題の背景。自分の価値を感じられなければ心が保てない。自己犠牲して周りを優先、人をコントロールしたり人を依存させる。,132084,8,私のこと誰も助けてくれる筈ない<br>私が周りに尽くさなきゃ許されないとずっと思っているのも共依存なんだろうなと気づきました<br>気づきましたが、体が勝手に共依存関係を求めてフラッシュバックするので困ってます。,@momomo-f5d,2024-06-30T09:21:51Z,mxqVWLBiV3k
【投影】他人(外側)に自分の感情・欲求や過去を映し出す。＝自分流に解釈している。人間関係や自己理解のために「投影」をチェックしてみましょう,121833,8,人のことをよく分かった気になる <br>それがいちばんの投影だろうな,@user-areso,2024-07-09T23:54:02Z,4StA-DDlEfk
【投影】他人(外側)に自分の感情・欲求や過去を映し出す。＝自分流に解釈している。人間関係や自己理解のために「投影」をチェックしてみましょう,121833,8,投影かわからないですが、ふとイラッとする行動を同僚がしていました。<br>その行動は私が昔経験していたことでした。<br>やってはいるんだけど、そこをやってほしいんじゃない😅ズレてる。　確認取らないでそこやるの？😨ってなやつで....<br>このまんまにすると、モヤモヤなので、本人の確認を取ったので詮無い事になりました🙇‍♀<br>この動画で、このことを思い出しました💡,@edereolove,2024-06-23T09:54:21Z,4StA-DDlEfk
【敵意帰属バイアス】自分を嫌っているんだと誤解・攻撃されたと誤解をしやすい。自己成長や対人関係の弊害。不信感。まずは傾向に気づくこと。,107541,8,他人は人のことは興味ないってよく言いますけど、興味ありますよね。,@小澤藍,2025-03-10T16:54:37Z,_uTgEER207c
【敵意帰属バイアス】自分を嫌っているんだと誤解・攻撃されたと誤解をしやすい。自己成長や対人関係の弊害。不信感。まずは傾向に気づくこと。,107541,8,職業柄、察して動かないと、「応用力がない。あいつは使えない」と上司から言われていました。<br>ですが、察するというコミニュケーションは難易度が高いと動画で話されていて、自分だけが仕事が出来ないダメなヤツなんだと思っていましたが、私含めて上司も確認のコミニュケーションが足りていなかったということですね…<br><br>少し自分の気持ちが救われた気がします！,@あんもち-k3f,2024-05-22T05:32:52Z,_uTgEER207c
【敵意帰属バイアス】自分を嫌っているんだと誤解・攻撃されたと誤解をしやすい。自己成長や対人関係の弊害。不信感。まずは傾向に気づくこと。,107541,8,優しくない人は、味方や仲良しではないだけで敵でもない。だから、時と場合で態度が変わることもある、それだけ。心からそう思えるようになって、だいぶ楽になりました。<br>自分を明らかに攻撃してくる人には、拒絶より受け流すほうが私には合ってました。あ～、ハイハイって思っとけばいい。ミスに対する注意だけは、その内容を心に留めておく必要はありますが、内容だけでいい。<br>そんな私は母親がこのタイプでした。結婚して家を出てから、考え方を変えることができました。このタイプで苦しんでいる人は、身近にいる人から影響を受けていないか、一度考えてみてもいいかもしれません。,@SY-nx6yc,2024-05-15T10:30:10Z,_uTgEER207c
すぐ臨戦体制になり食ってかかりやすい心の癖。人を敵に思いやすい「敵意帰属バイアス」② #心理学 #人間関係 #ストレス #教養,105721,8,元彼がこうでした。私にはいつもやさしいのに他人に対してすぐ攻撃的になる（特にお酒を飲むと）。俺は正しいってよく言ってたので自己愛性パーソナリティ障害ぽさもあったかも。,@urur___うる,2025-11-13T04:25:55Z,wsR2RjpGWDg
すぐ臨戦体制になり食ってかかりやすい心の癖。人を敵に思いやすい「敵意帰属バイアス」② #心理学 #人間関係 #ストレス #教養,105721,8,煽り運転と勝手に感じちゃうタイプの人ですね。関わらないのが一番です。,@すしすせそ,2025-09-21T10:02:14Z,wsR2RjpGWDg
【回避傾向】自分を生きることから逃げる。失敗、責任、批判、恥、人を傷つける恐れなどを最優先にして人生が停滞する,103401,8,既にめちゃくちゃ色んなことから逃げてるから、これ以上逃げるのまずい。でも辛い,@bintoro-9,2025-02-12T05:58:23Z,khgpg2jcUCE
【人に依存しすぎている人】自分に主導権がなくなっている・人に何かしてもらうことを求めすぎる人（自立しなさすぎている状態）,91609,8,会社に依存体質の人がいて味方が居たり、自分が完全に優位な立場に立てる時は周囲を味方に付けようと熱弁を振るいますが、自分が劣勢と判断するとその相手の顔色を伺いながらひたすら頷いてます。<br>そして陰で相手をディスります。<br>意見を求められると誰かの意見に乗っかって後で文句を言うの繰り返しで仕事が進まず疲れ倍増です。,@タナオパ-k3f,2024-07-18T14:33:01Z,27c9_QRTctI
【人に依存しすぎている人】自分に主導権がなくなっている・人に何かしてもらうことを求めすぎる人（自立しなさすぎている状態）,91609,8,きいさんはどうしたらいいと思いますか。アドバイス頂きたいです、、、旦那に依存しすぎている。旦那といるには都会がクソ遠い田舎に居ないといけない。幸せだし色々もらえるし安心できるけどこのままでいいのか。耳が痛い、、<br>本当は都会に東京に行って、自分で働いて、シェアハウスでもいいから自立した方がいいと思うけど行動できない。東京に行きたいけど旦那とはいけない。、別れるか東京いくか。だけど、今は現状から離れることが何だか怖くて旦那に依存している、、、私はゴミニートだ。どうしたらいいのか分からない、、毎日不平不満を言っている。東京に行って他人を気にしないで色々なことに挑戦するべきなのだろうか、、行動するのがすごく怖い。今の彼よりいい人なんて二度と出来ないから。誰かコメント返信ください。彼のいる田舎で友達もゼロ。彼以外何も無い。やる気もなくてうつ状態。東京には狂うほど行きたいのに、彼を失うのがこわい、、多分生きていけないんだと思う、、いつからこんな風に、、、オワコンすぎる。。。若いのにクソ田舎でなにやってんだろうって、なります。ただ東京いっても彼はいないし1人で心もボロボロになりそうだ、私は心が弱いんです。きいさんはどうしたらいいと思いますか。アドバイスください、、、,@Kohane57,2024-07-28T09:27:22Z,27c9_QRTctI
【強い劣等感】落ち込みが止まらない、すぐ人と比較、頑張りすぎてしまう、自分を守るために攻撃・敏感になりやすい、理想やプライドが高くなる。,84076,8,初コメ失礼します。<br>ここ最近、劣等感が特に強かったので、個人的にとてもタイムリーな動画で助かりました…！<br>私の場合は、同世代の友人達と社会的な地位や収入面の格差から強い劣等感を抱いています。こちらの動画を拝見して、育った周囲の環境が関係している事に気付きました。<br><br>他の動画ですと、強い不安感についてや、抱え込み自爆系の内容がとても当てはまりました。<br>これから自分の心が苦しくなった際は、きいさんの動画を見て自分をほぐしていこうと思います😌,@まに-x9k,2024-03-22T18:15:59Z,3BV7aU3Dl8w
【日常に残る心の影響】知らないで自分を否定したり、現実とのギャップを起こし続けていませんか？大事な自分を理解・受容・幸せへ。,83800,8,いまだ遠くの救急車の音が聞こえることがあったり近くの音が大きく聞こえることがあります。聴覚過敏というのは調べたことがありますが自分はさほどそんな大層なものではないと思っていました。全体の当てはまる症状の説明がほぼ合っていました。自己主張より自分の心を黙らせるという環境に曝されたことが多かったです。,@me23dpYUm,2025-08-21T18:43:51Z,cNzvBWkhm3Y
【抱え込みすぎ】「私がやらなきゃ」「何でもできなきゃ」、気を使いまくり、自分が人や状況を操作したい→限界を超えて心が崩れる,664306,7,初めて心療内科に向かい、カウンセリングも受けましたが、カウンセラーの方相手にも本音を吐けず何とも言えない日に...<br><br>逆に本音を言えてなさすぎると気付けたので、言っても良さそうなタイミングで少しずつ本音を言ってみるようにしてます<br>少し楽です,@海苔-x2e,2025-02-18T11:56:43Z,Gaps0b_VXIU
【自立しすぎている人】頼れない、任せない、甘えられない。孤独と傷つきを抱え込んできた人,376235,7,これみながらボロ泣きしてるwww自立って私の中で褒め言葉だから、褒められすぎてるみたいで違和感だけど,@khr-b3q,2023-11-04T03:25:29Z,Rtfu2tdV6Ks
【自立しすぎている人】頼れない、任せない、甘えられない。孤独と傷つきを抱え込んできた人,376235,7,自分は3つ下の弟が重度のASDで、自分は親に迷惑をかけてはいけない と小さいながらも感じてきたのでこのタイプになった。悩みごとを人に伝えるのも苦手で、大体自己解決しちゃう。,@_shilotina,2024-01-12T02:31:10Z,Rtfu2tdV6Ks
【選ぶ権利がある】近くにいる方がいい人と、遠ざける方がいい人【割合と頻度を見てね】,256269,7,なんとなくこの動画見てなかったけど見てよかったです。親や家族が遠ざけた方がいい人でした。共感なんて全然してくれないし、マウント、押し付けばかり。逃げていいんだって安心しました。,@Junkun-kusokawaii,2023-12-18T13:33:05Z,7tTBN-Ul_Pg
【選ぶ権利がある】近くにいる方がいい人と、遠ざける方がいい人【割合と頻度を見てね】,256269,7,会った後にどうしても疲れてしまう人と、やっと意識的に距離を置くようにしているところです。自分の判断が良かったのか不安でしたが、この動画に出会えて、自分は正しいことができたのでは？と思えるようになってきました。愚痴と悪い愚痴は、違いますよね。ありがとうございました。また明日からも楽に過ごせそうです。,@猫目夜,2024-01-12T08:07:57Z,7tTBN-Ul_Pg
【選ぶ権利がある】近くにいる方がいい人と、遠ざける方がいい人【割合と頻度を見てね】,256269,7,いつも思うのがお部屋が素敵すぎる,@Yu-dt5pu,2023-11-27T09:46:59Z,7tTBN-Ul_Pg
【選ぶ権利がある】近くにいる方がいい人と、遠ざける方がいい人【割合と頻度を見てね】,256269,7,遠ざけたほうがいい人の特徴が親に当てはまってました。心が砂漠なのも自覚していますが、大人は自分のことは自分で何とかするものなんだろうと思っていました。「理解しようと努力してくれる人」からもう少し踏み込んだ付き合いにチャレンジしていこうかと思いました。,@ぼたんrf,2023-11-30T22:18:24Z,7tTBN-Ul_Pg
【選ぶ権利がある】近くにいる方がいい人と、遠ざける方がいい人【割合と頻度を見てね】,256269,7,正に遠ざけた良い人が友達で会っていましたが、昨日は本当に嫌な態度でした‼️なのでもう縁切れました〜　違和感に感じていても中々切れてませんでしたので、よかったです。<br>そして正に親子関係悪くて、おっしゃる通りです😢良くしてくれる人を探してました。理解しようとしない人多いです。。そうなんです！いつも会うたびに　私の考え方を変えた方が良いのかなとかずっと思ってましたが、きっと彼女はそういうタイプの人なんだと思いました。自分の子供の手を触るのも気持ち悪いと言ってた時点で感覚がちょっと変わってるって思ってたので😢自分が離れて正解だと思いました😊「もうやめちゃえば？」凄く良い‼️こちらの動画が凄く心強いと思いました。,@user-du4nf7iw4q,2023-11-24T20:11:29Z,7tTBN-Ul_Pg
【愛情と依存の違い】&quot;好き&quot;と混同しやすい&quot;依存&quot;の特徴とは？自分軸で与える愛と、他人軸 or 自己満足で埋めようとする愛。  〜グラデーションで考える〜,211779,7,だんだん愛情ではなく求めすぎるタイプの依存になっている気がしたので、他人との線引きと自立できるように頑張りたいです。,@kombu_dashi,2025-06-17T10:56:00Z,Ui7jIx_0sIU
【愛情と依存の違い】&quot;好き&quot;と混同しやすい&quot;依存&quot;の特徴とは？自分軸で与える愛と、他人軸 or 自己満足で埋めようとする愛。  〜グラデーションで考える〜,211779,7,私も依存してしまい、惨めな思いをするのがしんどいです😢抜け出して自分の人生を生きたい。変わりたい。,@kirosandesu,2025-02-24T15:07:05Z,Ui7jIx_0sIU
【愛情と依存の違い】&quot;好き&quot;と混同しやすい&quot;依存&quot;の特徴とは？自分軸で与える愛と、他人軸 or 自己満足で埋めようとする愛。  〜グラデーションで考える〜,211779,7,目から鱗でした。<br>自分が依存体質だということを知れました。<br>良好な関係性の構築には、自分軸を持つことが大事なのだと。<br>相手に依存せず、まずセルフエスティームを育めるようにしていきたいです。<br>相手を幸せにしてあげたいと思えた時、それが本当に私が人を愛せたときなんでしょうね。<br><br>本当ありがとうございました😊,@smz907,2025-05-03T01:46:11Z,Ui7jIx_0sIU
【完璧主義】ひとり反省会・人生が変わらない・全てに神経を尖らせている→「自然な自分ではいけない。」という自己否定のサイン,182094,7,完全に不安からくる完璧主義です。高みに行きたいとか好きだからとか目標人物がいるわけじゃなくて、「とにかく馬鹿にされたり引かれたりして刺されないように」やるだけ。だから及第点までいけばあとはもうええか、とやめたりもしますし出来なくても問題ない任意提出の宿題なら急にならなかったりします。悪い意味で０か100。100にならないなら最初からやらなきゃよかった、やり直し以外でやりたくないって気持ちが子供みたいに暴れそうになる。普通の器用さなんてなく適当にやったら本当にとんでもなくやらかすから、先につまらない大前提常識みたいなところから細かく教えてほしい......アホで自分が嫌になる,@340-d2p,2025-12-19T16:05:35Z,a7x8US7Rwj4
【完璧主義】ひとり反省会・人生が変わらない・全てに神経を尖らせている→「自然な自分ではいけない。」という自己否定のサイン,182094,7,完璧でないと不安になる<br>まさに私でした<br>やりたい事が沢山あるのに中々行動に移せない理由。<br>できない自分を他者に見せたくない<br>できない自分は嫌だ<br>その固執した考えがずっと私にはありました。<br>私だけの独特な考えじゃないんだと思い少し安心しました。<br>来年はもう少し軽い気持ちで物事を進められたらいいなって思います。,@みどりちゃん-v7r,2023-12-29T16:59:36Z,a7x8US7Rwj4
【完璧主義】ひとり反省会・人生が変わらない・全てに神経を尖らせている→「自然な自分ではいけない。」という自己否定のサイン,182094,7,最後の気楽なトーク自然でよかったです。<br>しくじりきぃさん楽しみにしてます❤,@アロマペコ,2023-08-10T01:26:28Z,a7x8US7Rwj4
【完璧主義】ひとり反省会・人生が変わらない・全てに神経を尖らせている→「自然な自分ではいけない。」という自己否定のサイン,182094,7,お話しがとても上手で聴き入ってしまいました😊<br>開始数分でチャンネル登録しちゃいました🎉<br><br>今の私にとてもプラスになる内容で、きいさんに救済された気分です♡,@kumiko3975,2023-08-10T05:57:24Z,a7x8US7Rwj4
【情緒的ネグレクト】親の“感情面への”無関心や関わりの薄さ。生きづらい子どもに多い、見えにくい精神的なネグレクトとは？,179891,7,ずっと自分がおかしいのかと思ってた、なんだ、良かった,@negitoroneco,2025-11-11T13:21:09Z,WN3RVQSf7l8
【自分軸と自分勝手の違い】わがままが気になる人へ。場面での対比を見て整理しよう,159398,7,食べものを合わせられる人って好き嫌いないんだなって尊敬する、これはいやだ、あれは嫌だになって人に合わせられないし、同じものを食べようっていう発想なかった。,@yui8812,2024-03-18T19:43:53Z,htWuimTJmlQ
【自分軸と自分勝手の違い】わがままが気になる人へ。場面での対比を見て整理しよう,159398,7,人に何かしたいと思ってやるときは、「無理しない」「プロセスを楽しめることをやる」が鉄則ですね。<br>無理したり自己犠牲がすこしでもあると、勝手に不機嫌になったりありがとうカツアゲしがち（笑）,@ノマねこ,2024-04-01T08:36:37Z,htWuimTJmlQ
【人の力を拡大する人と縮小する人】自分自身との接し方・他者との接し方を見つめてみよう。力を縮小する人の背景は、そばにいた人の影響。,155676,7,コメントで自分の周りには縮小する人しか居なかったって言う人ってほんとにそうなんか？と懐疑的<br><br>大体周りに文句or要求多い人ってめっちゃ他責思考で成長しない人が多い。<br>自分にも上手くいかなかった原因は有るのにダメな自分を認めたくないから原因を全部周りが悪いに転化する。<br>だから成長しないし変わらないからどの環境に入っても上手くいかない,@やたらデカいヒヨコ,2024-03-11T07:02:07Z,ZFr_SycknUk
【人の力を拡大する人と縮小する人】自分自身との接し方・他者との接し方を見つめてみよう。力を縮小する人の背景は、そばにいた人の影響。,155676,7,この動画自体が特定のパーソナリティを裁く内容になっている,@A瑛,2024-03-10T00:48:10Z,ZFr_SycknUk
【アダルトチルドレン】克服の一歩は自己理解。心の平穏を取り戻すため自分に目を向け、心の声に耳を傾けよう。【AC】,151938,7,自分を大切にしないといけないので、自分を叩き直していこうと思います。,@arudebaran25,2025-03-21T11:29:39Z,usIp41t_vo0
【アダルトチルドレン】克服の一歩は自己理解。心の平穏を取り戻すため自分に目を向け、心の声に耳を傾けよう。【AC】,151938,7,今までずっと自分を責め続けてきたけど、この動画のおかげで救われました。,@mar00046,2025-03-31T12:15:22Z,usIp41t_vo0
【アダルトチルドレン】克服の一歩は自己理解。心の平穏を取り戻すため自分に目を向け、心の声に耳を傾けよう。【AC】,151938,7,アダルトチルドレンの要素があるのかなと思うけど、現状とかをアダルトチルドレンのせいにしたくないという思いでアダルトチルドレンに向き合ったり認めたくなくてアダルトチルドレンとも認めたくない向き合うことを避ける自分がいる。,@samlion1980,2025-05-16T00:18:45Z,usIp41t_vo0
【アダルトチルドレン】克服の一歩は自己理解。心の平穏を取り戻すため自分に目を向け、心の声に耳を傾けよう。【AC】,151938,7,日本人の八割ということは生育環境に起因する問題を抱えている人が多数派ということですね。　「おかしい」んじゃなくて、「もっと成長していきたい」と気づいて行動したのがこの動画に集まった私たちということじゃないかな、と感じます。　皆さんと一緒に成長していきたいですね,@たなべ製造業SE,2025-01-24T03:36:06Z,usIp41t_vo0
【アダルトチルドレン】克服の一歩は自己理解。心の平穏を取り戻すため自分に目を向け、心の声に耳を傾けよう。【AC】,151938,7,今日は自分のためにこの動画を観る時間を作ったことが、<br>克服の第一歩となりました！🥲😭<br>色々落ち着いたら観られていない他の動画も観たいです！😢<br>きいさんいつもありがとうございます💓☺,@かびごんべぇ,2024-10-31T15:20:37Z,usIp41t_vo0
【共依存】人間関係のストレスや問題の背景。自分の価値を感じられなければ心が保てない。自己犠牲して周りを優先、人をコントロールしたり人を依存させる。,132084,7,今日も<br>分かりやすく、関心の持てる動画をありがとうございました。<br><br>きいさんの毎回あげてくださっている<br>動画を観ていると、<br>あ、自分のことだと実感させられます。<br><br>今日も前向きに生きる<br>決意ができました。🥹🙏✨,@user-kl9vz1wv8l,2024-02-28T23:09:57Z,mxqVWLBiV3k
【共依存】人間関係のストレスや問題の背景。自分の価値を感じられなければ心が保てない。自己犠牲して周りを優先、人をコントロールしたり人を依存させる。,132084,7,初めて動画拝見させてもらいました😃話すテンポや声のトーンとても頭に入ってきます🤗昔の私はまさしくそうだったと思う内容でした。<br>今はだいぶ治り生きやすくなりました。自分のコントロール欲と向き合うの一言ですね😅それと<br>もう自分を大切に扱ってくれる人以外に時間を使わないと決めました😊,@のんのん-f6z,2024-03-03T14:25:24Z,mxqVWLBiV3k
【共依存】人間関係のストレスや問題の背景。自分の価値を感じられなければ心が保てない。自己犠牲して周りを優先、人をコントロールしたり人を依存させる。,132084,7,自己否定が強いと、自分で自分を肯定する言葉をかけても、そんなはずないって跳ね返してしまうんですよね。その辺りの問題はどうすれば良いでしょうか？,@りおりお-s5p,2024-06-17T21:56:32Z,mxqVWLBiV3k
【認知の歪み】超身近な苦しくなる思考の癖。認知の歪みとは？10種類の例と改善に向けた対応,130279,7,当たり前のことで皆と同じだと思ってた。白黒思考だったんだ,@ヘムヘム-r8d,2025-05-23T11:21:00Z,AxlcavvWwYk
【認知の歪み】超身近な苦しくなる思考の癖。認知の歪みとは？10種類の例と改善に向けた対応,130279,7,全部当てはまる。自覚はあるし自分を認めることもできるようになってきたけど完全な抜け出し方が分からないからプロに見て欲しい,@korokorogirl,2023-11-22T14:11:57Z,AxlcavvWwYk
【認知の歪み】超身近な苦しくなる思考の癖。認知の歪みとは？10種類の例と改善に向けた対応,130279,7,今回も強烈な肘鉄ありがとうございます…手帳のフリーページに描いていたらページが足りなくなりました（笑）優しく落ち着いた声が、本当に心に染みます。「そっか、だからしんどかったのか、ごめんね自分、気付いてあげられなくて。もう大丈夫だよ」と最近は自分に優しくなれるようになりました✨何となくモヤモヤしてきたときは手帳を開いて、「こうすればいいんだな、よし」とお守りになってます😅この出会いに感謝🥰🙏,@柳楽維人-v8x,2023-11-24T14:08:29Z,AxlcavvWwYk
【認知の歪み】超身近な苦しくなる思考の癖。認知の歪みとは？10種類の例と改善に向けた対応,130279,7,看護師です。ある患者さんに私だけ担当を外してと希望があり外されました。私とは馬が合わないそうです。ほかの看護師とは満点の笑顔過ごされ、涙を流して回復して退院されました。<br>この光景は私をどん底のショック。今までの中で一番メンタルにきてしまい現在適応障害で休職しています。<br>同僚看護師からのマウント（私はこんなに患者対応できるのにあなたって最低な看護師）や仲間はずれ感・・・。<br>すべて自分の認知ですが、誰も声掛けしてくれないのはきっとあたりなんでしょうね。フォローもないとやはり自分の考えが正しいと思ってしまいます。,@ピレポピレポ,2024-08-30T22:35:37Z,AxlcavvWwYk
【認知の歪み】超身近な苦しくなる思考の癖。認知の歪みとは？10種類の例と改善に向けた対応,130279,7,今回の動画も興味深く拝見しました。<br><br><br><br>自覚することが、まず第一歩なんですね。<br>そして、区別する、例外探し、具体的な解決方法、試してみたいと思います。<br>あと、認知の歪みはクセだったり、自分を守るための、人としてあって自然なことだから、<br>あることが悪いわけじゃない。<br>ただ、自分をすり減らしたりするほど歪んでなければ良いとするなら、<br>それくらいの歪みは自分の向き合い方次第で良くなるかも。と<br>希望が持てました。<br>少しずつやってみます！,@yasukoi.6146,2023-11-28T14:59:47Z,AxlcavvWwYk
【投影】他人(外側)に自分の感情・欲求や過去を映し出す。＝自分流に解釈している。人間関係や自己理解のために「投影」をチェックしてみましょう,121833,7,全ては気づきのキッカケに過ぎない。気づいた瞬間に変わるし変われると言います。その後同じ意識でいるのはもはやワザトやってるとのだと言います。起こった事に気づかせてくれてありがとうと言えれば、世界がパッと変わりもう同じ事は起きません。不思議な体験いろいろ持ってます。❤😊😊,@花夢愛,2024-06-24T02:24:17Z,4StA-DDlEfk
【投影】他人(外側)に自分の感情・欲求や過去を映し出す。＝自分流に解釈している。人間関係や自己理解のために「投影」をチェックしてみましょう,121833,7,全部がぜ〜んぶ自分が創りだしている訳ではないという事でしょうか？😿全て自分が創造している説を信じていた為、現在起こっているカオスの原因を内面に探し続けていますが、相手からの投影、自分のコントロール外のことがあるのであれば納得できます😭こんな混乱は久しぶりです😿,@mILA-LUCA,2024-06-30T13:45:52Z,4StA-DDlEfk
【敵意帰属バイアス】自分を嫌っているんだと誤解・攻撃されたと誤解をしやすい。自己成長や対人関係の弊害。不信感。まずは傾向に気づくこと。,107541,7,"全て当てはまりましたし実際夫に動画内の言葉をぶつけたこともあります。すぐにキレるタイプの発達障害を持つ父親との関係が原因だなと。<br><br><a href=""https://www.youtube.com/watch?v=_uTgEER207c&amp;t=1175"">19:35</a>〜声を出して泣いてしまいました。夫を尊重して大切にしたいと思います。ありがとうございます。",@やぴ-s8v,2024-04-11T11:02:28Z,_uTgEER207c
【敵意帰属バイアス】自分を嫌っているんだと誤解・攻撃されたと誤解をしやすい。自己成長や対人関係の弊害。不信感。まずは傾向に気づくこと。,107541,7,少なくともコメントの数だけ、高評価の数だけ味方が居るんだって思えると多少楽になる,@イケメン罪懲役16年の目黒,2024-04-27T10:28:55Z,_uTgEER207c
すぐ臨戦体制になり食ってかかりやすい心の癖。人を敵に思いやすい「敵意帰属バイアス」② #心理学 #人間関係 #ストレス #教養,105721,7,人は、どんな理由でも、腹を立てることが出来る。,@神奈川名無し,2025-10-21T06:14:41Z,wsR2RjpGWDg
すぐ臨戦体制になり食ってかかりやすい心の癖。人を敵に思いやすい「敵意帰属バイアス」② #心理学 #人間関係 #ストレス #教養,105721,7,ネットでよく見る人たちですね…,@ゆでたてパン,2025-09-14T13:15:43Z,wsR2RjpGWDg
【回避傾向】自分を生きることから逃げる。失敗、責任、批判、恥、人を傷つける恐れなどを最優先にして人生が停滞する,103401,7,何度も白黒思考、リセット、回避を続けてきました。<br>２年ほど前から、少し精神状態的におかしいなということをようやく自覚し始め、その頃から友人にも自己評価の低さを指摘されることも多くなりました。<br>今回のお話を伺って、自分のことを指摘されていると思う程度に当てはまることも多くて、やはり回避傾向があるんだなと確認した思いです。<br>けれど分かっていてもうまく動くこともできず、すぐに無意識のいやな思いに囚われて消えてしまえたらと思ってしまいます。<br>仕方ないことだと自分の気持ちを落ち着けつつ、付き合って緩和していくしかないのかなと思います。<br><br>いつも、真剣なご様子で話してくださるきいさんの態度に、許されてるような気がして救われています。<br>これからもご体調に無理ない範囲で動画などの更新をしていただけたら励みになります。,@HUBUKI3627,2025-02-10T13:49:56Z,khgpg2jcUCE
【人に依存しすぎている人】自分に主導権がなくなっている・人に何かしてもらうことを求めすぎる人（自立しなさすぎている状態）,91609,7,テイカー過ぎて直したい😢,@せつな-f3g,2025-07-06T06:49:20Z,27c9_QRTctI
【人に依存しすぎている人】自分に主導権がなくなっている・人に何かしてもらうことを求めすぎる人（自立しなさすぎている状態）,91609,7,自分は、自己犠牲ギバーとテイカーが混ざってる感じがする。改善したくていま色々模索してます。,@所紀子,2024-12-12T12:04:45Z,27c9_QRTctI
【人に依存しすぎている人】自分に主導権がなくなっている・人に何かしてもらうことを求めすぎる人（自立しなさすぎている状態）,91609,7,テイカー型すぎるどうしよう,@いくらちゃん-h7b,2024-07-23T13:31:35Z,27c9_QRTctI
【強い劣等感】落ち込みが止まらない、すぐ人と比較、頑張りすぎてしまう、自分を守るために攻撃・敏感になりやすい、理想やプライドが高くなる。,84076,7,強い劣等感からプライドの高さ（からの攻撃性が増す感じ）がまんま私でした。笑<br>どうにかプライド高めて仕事、社会生活乗り切ろうとしたけれどダメでした。<br>劣等感を自分の成長のためのエネルギーにする、は実際できました。でも心のエネルギーが切れちゃうんですよね。今はその燃え尽きな感じです。<br>凸凹を組み合わせて、認めて、生きていけたらいいなぁ。,@funa27241,2025-07-23T09:18:55Z,3BV7aU3Dl8w
【強い劣等感】落ち込みが止まらない、すぐ人と比較、頑張りすぎてしまう、自分を守るために攻撃・敏感になりやすい、理想やプライドが高くなる。,84076,7,心の話きいチャンネルさんに出会って、とっっっても心が楽になりました。生きやすくなりました。ありがとうございます！,@さくらさくら-b6e,2024-04-04T11:41:04Z,3BV7aU3Dl8w
"【なぜか優しくできない,怒りが湧く】家族／恋人／子ども／近しい人にほどキツく強く当たってしまう心理",683700,6,自分を褒めてあげるっていうのがよく分からない。古傷の癒やし方が分からない。,@るんるん-r2u,2025-08-21T14:34:58Z,FpcoL2PZ9zY
【抱え込みすぎ】「私がやらなきゃ」「何でもできなきゃ」、気を使いまくり、自分が人や状況を操作したい→限界を超えて心が崩れる,664306,6,私は子供の頃から自分の言いたい事より、空気を読んだ事を言った時に褒められた経験が多くて勝手に自爆系になった気がします。言いたいこと言わない方がいい、大人ってこう言うと褒めてくれるを学習してしまった感じです。<br><br><br>店員さんにとか上司にとかモノを聞きたい時に「ちょっと今いいですか？」を聞く時点でとても苦手です。声掛けられる時点で手を止めるから迷惑だよなと思ってます。,@abczyx467,2024-04-04T17:00:37Z,Gaps0b_VXIU
【抱え込みすぎ】「私がやらなきゃ」「何でもできなきゃ」、気を使いまくり、自分が人や状況を操作したい→限界を超えて心が崩れる,664306,6,深夜、急にこのチャンネルに出会い、救われています。ありがとう。,@なな_ya3,2024-11-21T18:31:49Z,Gaps0b_VXIU
【抱え込みすぎ】「私がやらなきゃ」「何でもできなきゃ」、気を使いまくり、自分が人や状況を操作したい→限界を超えて心が崩れる,664306,6,頼り方が分からないし、辛くてもどうせ理解してもらえないしそんな女々しい自分も嫌だで負のループに入って抜けな出せなくなる。自己がわからなくなって 自分でも自分が分からないくなる。諦めてるよもう。,@ad9124,2024-07-20T17:30:38Z,Gaps0b_VXIU
【抱え込みすぎ】「私がやらなきゃ」「何でもできなきゃ」、気を使いまくり、自分が人や状況を操作したい→限界を超えて心が崩れる,664306,6,これ第一印象で張り切りすぎて理想的な自分を演じてしまうのが本当に良くないんだよな、分かってんだけどさ<br>でもそうしないとそもそも見てもらえないからやってしまう<br>そうやって余計に良い第一印象を繕った結果、だんだんボロが出て来て剥離に耐えきれなくなって自爆する,@aosagi_3,2024-06-23T16:46:12Z,Gaps0b_VXIU
【抱え込みすぎ】「私がやらなきゃ」「何でもできなきゃ」、気を使いまくり、自分が人や状況を操作したい→限界を超えて心が崩れる,664306,6,序盤から自分過ぎる、、、<br>でも一回だけ過呼吸になってしんどい時期、親に正直に今こうでしんどくって言ったら何故か、なんでそうなるの？自分が弱すぎるんだよ強く生きなきゃダメダメ人生損だよ(笑)って怒られたから怖くてあれからは元気を装ってるけど今も時々隠れて過呼吸になってるんだよな。<br>ここ最近も動悸酷いし。どうすりゃいいんだ、,@Konkon-j6y,2024-07-27T12:20:18Z,Gaps0b_VXIU
【自立しすぎている人】頼れない、任せない、甘えられない。孤独と傷つきを抱え込んできた人,376235,6,コントロール欲求が強すぎるんだな。。なんでなんだろ。<br>他人に甘えられるし、頼ることもできるけど、なんでなんだろ。,@miみーたん,2023-10-27T08:58:18Z,Rtfu2tdV6Ks
【自立しすぎている人】頼れない、任せない、甘えられない。孤独と傷つきを抱え込んできた人,376235,6,めーっちゃくちゃこれ当てはまります！<br>ずっと生きるのが苦しすぎて、ちょっと前に自分の本音を探っていった結果、本心は「もうなんもしたく無い、赤ちゃんとか猫みたいに誰かに世話されたい」でした笑<br>苦しめてきた過去の自分にめちゃくちゃ泣いて謝りましたし、かっこいい自分も好きだけどダメな自分もかわいげがあっていいやん！みんなどうせ適当にやってんだから私も適当でいいやん～って言い聞かせ続けています<br>まだ完全には他人とのかかわり方が変わった感じはしませんが、確実に人といるときの変に肩に力が入って辛い感じは少なくなりました。そして今までは他人は「自分をジャッジする敵や試試験官」ぐらいに思ってたけど、ほんとはみんなダメなところもある自分と同じようなただの人間なんだなぁと思って人と関わるのも面白いなぁと思ったり。<br>この動画の対処法も参考にしてもっと楽に生きられるようになろうと思います！,@koyamo995,2023-11-10T07:49:39Z,Rtfu2tdV6Ks
【選ぶ権利がある】近くにいる方がいい人と、遠ざける方がいい人【割合と頻度を見てね】,256269,6,「こちらから連絡します」ですね！<br>選択権は、いつも自分が持っている！<br>付き合う人は自分から選ぶ！<br>理解してくれる人ではなく理解しようとしてくれる人、共感的で温かい人😊🌈,@風に立つ野うさぎ,2025-02-23T14:16:43Z,7tTBN-Ul_Pg
【選ぶ権利がある】近くにいる方がいい人と、遠ざける方がいい人【割合と頻度を見てね】,256269,6,遠かった方がいい人に当てはまる人と遠ざかったばかりです。<br>逆に今いる友達、遠ざかった人に対して&quot;私が遠ざかった方がいい人&quot;になってないか不安になりました。,@abczyx467,2024-04-04T17:32:05Z,7tTBN-Ul_Pg
【選ぶ権利がある】近くにいる方がいい人と、遠ざける方がいい人【割合と頻度を見てね】,256269,6,リアルタイムでに悩んでいた事でした。<br>ママ友さんに今まで3人の方に、『あなたと合わないと思う』『良かったー、あなたと２人きりじゃなくて』など、まだ初めましてに近い時から言われます。<br>私は、業務用の会話をするくらいなら黙っているタイプだからなのかなとか、綺麗なママのファッションではなく、美容師なので若めな格好をしているのでかな？とか<br>ネガティブな発想しかないです。,@コウジロー-v3v,2023-12-06T05:18:35Z,7tTBN-Ul_Pg
【選ぶ権利がある】近くにいる方がいい人と、遠ざける方がいい人【割合と頻度を見てね】,256269,6,カメラに向かって話されてるのに、とても親しみと暖かさ、信頼感のある話し方をされるので、実際にお会いしているかのように感じました❤,@arigato6407,2023-11-27T02:58:23Z,7tTBN-Ul_Pg
【自己愛性パーソナリティタイプ】自分は特別・自分は悪くない・トンデモ行動。自己愛が強い人への対処と改善までご紹介。／ナルシスト、話を聞かない、押し付け、支配的,234791,6,家族がみーんなこんな感じで、無自覚にこうなってしまっていました。温かい友人たちのおかげで、私自身が自覚して苦しむこともなくて、今まで傷つけてしまっていたんだろうなあと思って申し訳ないです。意識を少しずつ変えて変わっていきたいなとおもいます,@user-byrze5h,2024-03-01T02:48:44Z,9ZqyqvABW_8
【自己愛性パーソナリティタイプ】自分は特別・自分は悪くない・トンデモ行動。自己愛が強い人への対処と改善までご紹介。／ナルシスト、話を聞かない、押し付け、支配的,234791,6,うちの母は自己愛、過干渉、悲劇のヒロインのフルコンボだった…そもそも人の話聞かないから、話し合いにもならないし、なんで私が苦しんでるのかもわからないし、全部私のせい…辛くて海外に逃げました😂今はもう母から私に連絡する術はありません…,@0426じぇしー,2024-09-11T05:36:12Z,9ZqyqvABW_8
【自己愛性パーソナリティタイプ】自分は特別・自分は悪くない・トンデモ行動。自己愛が強い人への対処と改善までご紹介。／ナルシスト、話を聞かない、押し付け、支配的,234791,6,"精神科医とCP(臨床心理士)のかたにNPD(自己愛性パーソナリティ障害)を一度疑われた者です。 <a href=""https://www.youtube.com/watch?v=9ZqyqvABW_8&amp;t=1027"">17:07</a> 周囲で出て来た「負けても大丈夫だ」とは就労先/監視する父から影響を受けた自分は思えず、「負けたら底辺の人生しかない」から「負けたら５６されてる」レベルで追い立てられた過去は確かにありましたので、一部は当たっていました。<br>理想はそんなんじゃない、勝ったところで虚しさしか残らない、その何もかも敵か味方かの先にあるのは「たったひとりの不完全な自分だ」とも分かっていたため後に別の病名になっていったのですが‥。ただ、私の体験がNPDの人の心理理解の一助となれば幸いと思いコメント致しました。",@esp76orz,2024-02-28T23:30:25Z,9ZqyqvABW_8
【自己愛性パーソナリティタイプ】自分は特別・自分は悪くない・トンデモ行動。自己愛が強い人への対処と改善までご紹介。／ナルシスト、話を聞かない、押し付け、支配的,234791,6,100%ではないのですが、この傾向が高く(95%くらい)、自分自身が嫌になります。性格は😊おそらく治らないのだろうな、と思います。,@ws-qq6xc,2024-05-01T15:29:35Z,9ZqyqvABW_8
【完璧主義】ひとり反省会・人生が変わらない・全てに神経を尖らせている→「自然な自分ではいけない。」という自己否定のサイン,182094,6,完璧主義で、PMS持ちで生理前凄くネガティブになり、自分が出来ないと落ち込みます。,@gtmawpjmvf,2024-02-14T21:22:34Z,a7x8US7Rwj4
【完璧主義】ひとり反省会・人生が変わらない・全てに神経を尖らせている→「自然な自分ではいけない。」という自己否定のサイン,182094,6,当てはまりすぎて涙が止まりません。<br>参考にします。,@Flyingぺんぎん,2023-11-27T14:20:33Z,a7x8US7Rwj4
【情緒的ネグレクト】親の“感情面への”無関心や関わりの薄さ。生きづらい子どもに多い、見えにくい精神的なネグレクトとは？,179891,6,ドンピシャです…。<br>自己開示が苦手というか人に弱味を見せるのに強い抵抗感をおぼえる。<br>ネガティブ感情を伝えようとすると喉が詰まって声が出ない（場面緘黙の一種と言われました）,@かわせみ27,2026-01-06T14:40:23Z,WN3RVQSf7l8
【情緒的ネグレクト】親の“感情面への”無関心や関わりの薄さ。生きづらい子どもに多い、見えにくい精神的なネグレクトとは？,179891,6,サムネの時点で「あ、これだ」と思いました。<br>自分の内面など最初から無かったかのように、何も言わせてもらえないまま決めつけられて怒鳴られた。<br>そんなことばかりいつまでも覚えています。<br>そのせいか意地を張り続けてしまったり、受動攻撃でしか怒りの感情を出せないような大人になってしまいました。<br>甘やかされていた、という自覚はあるのに「愛されていた」と思うことが出来ない。<br><br>自分と、過去の自分を見つめ直す良い機会になりました。,@希奈子-k9z,2025-09-24T11:39:22Z,WN3RVQSf7l8
【アダルトチルドレン】克服の一歩は自己理解。心の平穏を取り戻すため自分に目を向け、心の声に耳を傾けよう。【AC】,151938,6,自分2割の少数派だったんですね。<br>通りでみんなの悩みがわからないわけですわ。,@吉マジ,2025-03-12T16:34:25Z,usIp41t_vo0
【アダルトチルドレン】克服の一歩は自己理解。心の平穏を取り戻すため自分に目を向け、心の声に耳を傾けよう。【AC】,151938,6,ヤングケアラーとアダルトチルドレンは少し似ている気がします。<br>ヤングケアラーは自分から親の生活の片棒を担ぐところ。<br>アダルトチルドレンは他人寄りで親の精神的な拠り所にされてしまい自分の成長を妨げてしまうところ。<br>大人になるまでの自分の人生を生きにくい家庭環境に居させられたことで苦労する。<br>個人的見解ですがこの動画が参考になりました。ありがとうございました。,@me23dpYUm,2024-10-24T17:58:47Z,usIp41t_vo0
【共依存】人間関係のストレスや問題の背景。自分の価値を感じられなければ心が保てない。自己犠牲して周りを優先、人をコントロールしたり人を依存させる。,132084,6,ほとんど全て、特に母子関係と恋愛関係で当てはまっていて、涙が止まらなくなるとともに自己理解の助けになりました。<br>幼少期の寂しかった、怖かった、そのままの自分を認めてほしかったという気持ちを閉じ込めて目を背け続けた結果の苦しい現状なんだと気づくことが出来ました。<br>他人の期待に応えることを至上とする人生ではなく、自分の人生に取り組むために、自分の気持ちを認めることに力を注いで生きていきたいと思います。<br>とてもわかりやすく、実践の助けになる動画をありがとうございます。,@ぽぽんちゅうちゅう,2024-09-08T11:46:04Z,mxqVWLBiV3k
【共依存】人間関係のストレスや問題の背景。自分の価値を感じられなければ心が保てない。自己犠牲して周りを優先、人をコントロールしたり人を依存させる。,132084,6,先ずは自分との良好な関係が築ければ人間関係も良くなりますかね？,@りおりお-s5p,2024-06-17T22:38:30Z,mxqVWLBiV3k
【認知の歪み】超身近な苦しくなる思考の癖。認知の歪みとは？10種類の例と改善に向けた対応,130279,6,全部当てはまる…<br>小さい頃からどんどんドツボにはまっています<br>認知行動療法をしているが思考の癖はなかなか直すことが難しいです…,@むん-v9l,2024-08-21T13:54:03Z,AxlcavvWwYk
【認知の歪み】超身近な苦しくなる思考の癖。認知の歪みとは？10種類の例と改善に向けた対応,130279,6,認知の歪みに苦しんで来たので、きいさんのこのチャンネルもの凄く分かりやすい府に落ちる言語表現で感謝します。ありがとうございます。,@佐藤憲明-c3m,2023-12-14T06:18:08Z,AxlcavvWwYk
【認知の歪み】超身近な苦しくなる思考の癖。認知の歪みとは？10種類の例と改善に向けた対応,130279,6,全部自分に当てはまってた😂<br>まあそうならざるを得ない環境だったからねぇ。<br>対処法はとても有効かつ自分に必要なものに感じました。,@KU-xm3rm,2023-11-23T14:44:04Z,AxlcavvWwYk
【認知の歪み】超身近な苦しくなる思考の癖。認知の歪みとは？10種類の例と改善に向けた対応,130279,6,とても聴きやすく、わかりやすかったです。ありがとうございます。<br><br>認知の歪みはなんとなく知ってましたが、<br>認知の歪みを知った上で｢認知の歪み≠悪｣という捉え方の大切さが響きます。<br>難しいけれど、｢今の感情、認知歪んでないか｣とワンクッション置いてみたいと思います。,@平野Y,2023-12-06T10:40:00Z,AxlcavvWwYk
【認知の歪み】超身近な苦しくなる思考の癖。認知の歪みとは？10種類の例と改善に向けた対応,130279,6,"解決策、自分用<br><a href=""https://www.youtube.com/watch?v=AxlcavvWwYk&amp;t=1017"">16:57</a> 事実(カメラに映る部分)と空想、を分ける<br><a href=""https://www.youtube.com/watch?v=AxlcavvWwYk&amp;t=1069"">17:49</a> &quot;逆&quot;にフォーカスする<br><br>ありがとうございます🙏😌🍀🍃",@リコカプ-g9s,2023-12-11T08:45:08Z,AxlcavvWwYk
【投影】他人(外側)に自分の感情・欲求や過去を映し出す。＝自分流に解釈している。人間関係や自己理解のために「投影」をチェックしてみましょう,121833,6,自分の過去の経験と現在のエゴ(思考)の投影がこれほどまでに強い相関があるとは…<br>それは何度も繰り返す事になるなと<br>とてもわかりやすかったです、ありがとうございます,@tomo-hom,2024-06-25T05:10:33Z,4StA-DDlEfk
【敵意帰属バイアス】自分を嫌っているんだと誤解・攻撃されたと誤解をしやすい。自己成長や対人関係の弊害。不信感。まずは傾向に気づくこと。,107541,6,ここ数年悩んでるのがこれかもしれません、皆んなから嫌われているんじゃないかとか思う感覚が消えなくて苦しいですね、できるならば前に進みたいです、確認のコミニュケーション是非参考にしたいですね,@faef3956,2024-04-14T13:49:59Z,_uTgEER207c
【敵意帰属バイアス】自分を嫌っているんだと誤解・攻撃されたと誤解をしやすい。自己成長や対人関係の弊害。不信感。まずは傾向に気づくこと。,107541,6,ひとりになれない<br>は考えたとありませんでした！<br>とても腑に落ちました<br>ありがとうございます,@じゅの-n4m,2024-04-11T05:43:58Z,_uTgEER207c
【敵意帰属バイアス】自分を嫌っているんだと誤解・攻撃されたと誤解をしやすい。自己成長や対人関係の弊害。不信感。まずは傾向に気づくこと。,107541,6,これを見て、昔の知り合いはおそらくAタイプだったのかな、と思いました。<br>その人に少しでも構わないと、「私のこと嫌いなんだ」とつっかかってきて、「私のコミュニケーションが悪いんだ」と落ち込んだり、交友関係を上手くできない自分のことを責められている気分になりました。,@白本西,2024-04-25T07:19:37Z,_uTgEER207c
【敵意帰属バイアス】自分を嫌っているんだと誤解・攻撃されたと誤解をしやすい。自己成長や対人関係の弊害。不信感。まずは傾向に気づくこと。,107541,6,ひどい時は人の喋り声だったりただすれ違うだけでも体がビクビクする。自分には何も関係ないって分かっててもまるでセンサーやアンテナが反応するみたいに心拍数上がったり、なんともいえない心地の悪い感覚に襲われる,@prosperity3851,2024-04-22T09:27:26Z,_uTgEER207c
【敵意帰属バイアス】自分を嫌っているんだと誤解・攻撃されたと誤解をしやすい。自己成長や対人関係の弊害。不信感。まずは傾向に気づくこと。,107541,6,&quot;敵意帰属バイアス&quot;まさに私でした。気付かせて頂きありがとうございます。確認することで相手とのズレを少なくしていく…やってみます🍀,@koikekotoha3083,2024-04-28T16:42:05Z,_uTgEER207c
【敵意帰属バイアス】自分を嫌っているんだと誤解・攻撃されたと誤解をしやすい。自己成長や対人関係の弊害。不信感。まずは傾向に気づくこと。,107541,6,きいさん、いつもありがとうございます❤,@Unicorn-nk3ev,2024-04-11T04:59:28Z,_uTgEER207c
【敵意帰属バイアス】自分を嫌っているんだと誤解・攻撃されたと誤解をしやすい。自己成長や対人関係の弊害。不信感。まずは傾向に気づくこと。,107541,6,こういう方と仕事などでどうしても関わらなければならない場合、<br>どのように接すればよいでしょうか？<br>何でも悪意的に受け取られ、そのような意図はないと弁明しようにも<br>暫く無視されて会話もできないような状況に疲れております。,@ineineiine,2024-04-12T22:17:02Z,_uTgEER207c
【敵意帰属バイアス】自分を嫌っているんだと誤解・攻撃されたと誤解をしやすい。自己成長や対人関係の弊害。不信感。まずは傾向に気づくこと。,107541,6,最近、職場環境が変わり、急にこれを感じるようになったんですよ。こんなことなかったのになあ、と。,@局部病気,2024-04-17T12:46:03Z,_uTgEER207c
すぐ臨戦体制になり食ってかかりやすい心の癖。人を敵に思いやすい「敵意帰属バイアス」② #心理学 #人間関係 #ストレス #教養,105721,6,「人に配慮出来ない（無神経）」こういう人にはしかたない。言い方ってありますよ。,@torisugari-o6r,2025-07-15T07:17:01Z,wsR2RjpGWDg
【回避傾向】自分を生きることから逃げる。失敗、責任、批判、恥、人を傷つける恐れなどを最優先にして人生が停滞する,103401,6,いじめを受けたから逃げていました<br>家にいても父が怒って、誰もいない山に逃げたこともあります<br>否定が怖くて相手を受け入れて後々苦しくて泣きます<br>逃げて何が悪いんですか<br>向き合ったら嫌われてきました<br>いじめられる君が悪いと言われたこともあるし、変な似顔絵描かれて似てるーって面と向かって笑われた経験もあります<br>上っ面で良い人を演じて生きてきました<br>嫌われたくないから<br>自分ってなんなんでしょうか<br>消えたいです,@たこくま-r6r,2025-05-11T10:28:10Z,khgpg2jcUCE
【回避傾向】自分を生きることから逃げる。失敗、責任、批判、恥、人を傷つける恐れなどを最優先にして人生が停滞する,103401,6,耳が非常に痛いであります………,@kane-you-0124,2025-02-05T12:01:07Z,khgpg2jcUCE
【人に依存しすぎている人】自分に主導権がなくなっている・人に何かしてもらうことを求めすぎる人（自立しなさすぎている状態）,91609,6,私まさにこれでした<br>友達に依存しすぎて、なんなら恋とまで勘違いした挙句、それを打ち明けた末に口すら聞けないぐらいになるという…<br>相手にちゃんとした話をしなければいけないのに、未だに怖くてコミュニケーション取れないんですよね<br>この動画にもっと早く出会って、気付けていたら良かったのかもしれない,@ayamena,2024-06-26T14:57:44Z,27c9_QRTctI
【強い劣等感】落ち込みが止まらない、すぐ人と比較、頑張りすぎてしまう、自分を守るために攻撃・敏感になりやすい、理想やプライドが高くなる。,84076,6,インスタでどんぴしゃで私だな…って思っていたことなので、解説ありがたいです。サメとかわうそもわかりやすくて助かります🏵,@user-lg4ey8ei1d,2024-03-20T11:21:45Z,3BV7aU3Dl8w
【強い劣等感】落ち込みが止まらない、すぐ人と比較、頑張りすぎてしまう、自分を守るために攻撃・敏感になりやすい、理想やプライドが高くなる。,84076,6,正直、きいさん凄いなぁと思う反面、<br>私がこれまで優しさに慣れていないからか、<br>きいさんのことを身近に居そうな人、<br>とは思ってなかったんですが、<br>コップの移動の話見たら、…急に親近感湧いて来ました。,@ゆる紅茶,2024-07-02T06:55:21Z,3BV7aU3Dl8w
【強い劣等感】落ち込みが止まらない、すぐ人と比較、頑張りすぎてしまう、自分を守るために攻撃・敏感になりやすい、理想やプライドが高くなる。,84076,6,私のような人間はイケメンをかっこいいと思ったり、好きと言ってはいけないと感じていました。けっこう長く。<br>いま50歳ですが、やっと平気になれました。<br><br>劣等感のかたまりで、うまくいかないのは自分の○○が悪いからだと思っています。<br>カウンセリングに通った方がいいだろうと思いながらここまできてしまいました。,@user-fi2fj9nn4r,2024-06-29T23:34:27Z,3BV7aU3Dl8w
【強い劣等感】落ち込みが止まらない、すぐ人と比較、頑張りすぎてしまう、自分を守るために攻撃・敏感になりやすい、理想やプライドが高くなる。,84076,6,きいさん、こんばんは🙂<br>劣等感を持たない人間は、まずいませんよね。<br>それをバネにして成長する機会を得られると思えば、有難いものですね😄<br>しかし、あまりに劣等感が強くなり過ぎれば、足枷になり自身を苦しめてしまいますよね😅<br>ただ、劣等感を感じるのは、個人的には、単純に頑張りが足らないのではと思ったりします。<br>それだけ、劣等感を感じる余裕があり、一心不乱になって何かに打ち込めば、克服出来るものと思います。<br>自分が劣等感を感じている時は、自分の甘えで頑張ってない事に引け目を感じている時だと思っています。<br>自分にとっては、劣等感を手懐けるのが、人生の永遠のテーマかもしれません（笑）<br>まぁ、人生、のんびりやっていこうと思います🍵,@Tarou-x2f,2024-03-20T13:23:33Z,3BV7aU3Dl8w
【日常に残る心の影響】知らないで自分を否定したり、現実とのギャップを起こし続けていませんか？大事な自分を理解・受容・幸せへ。,83800,6,いじめに遭い続けた小中学時代 のせいで人間不信  自信を失い逃げたい人生を何とか生きてます。  共感しかありませんでした。,@Shun_syumich,2025-10-13T15:55:01Z,cNzvBWkhm3Y
【日常に残る心の影響】知らないで自分を否定したり、現実とのギャップを起こし続けていませんか？大事な自分を理解・受容・幸せへ。,83800,6,3つ目のパターン、めっちゃ当てはまっててキツい<br>人の気持ちについては、ここ数年で「分かってるつもりで検討ハズレな妄想してる人」って認識になってる<br>その他のパターンもちょくちょく当てはまるけど、今のメインコンプレックスが3なんだろうなぁ…,@suzukitaro0,2025-08-26T02:38:37Z,cNzvBWkhm3Y
【日常に残る心の影響】知らないで自分を否定したり、現実とのギャップを起こし続けていませんか？大事な自分を理解・受容・幸せへ。,83800,6,3枚目結構当てはまってました<br>いつも話していても 話が長い とか 結局どういう事なの？  と言われることが多いし、<br>イエスかノーで答えるのが怖くて結局曖昧に言ってしまう…みたいなのよくあります。<br><br>それに恥ずかしい話だけど<br>人の心が他の人よりは結構読める方だなぁ…なんて思ってた。<br>でもそう思っても そうやって調子に乗ると痛い目見る、本当は読める気になってるだけ<br>みたいな感じでぐるぐる回って負のループ…。<br><br>これから治せたらいいな……,@雪解け-r8j,2025-09-16T09:43:48Z,cNzvBWkhm3Y
【日常に残る心の影響】知らないで自分を否定したり、現実とのギャップを起こし続けていませんか？大事な自分を理解・受容・幸せへ。,83800,6,当てはまることが多くて、すごく参考になりました！ありがとうございます😊,@みぃな-r9s,2025-08-22T12:35:45Z,cNzvBWkhm3Y
【日常に残る心の影響】知らないで自分を否定したり、現実とのギャップを起こし続けていませんか？大事な自分を理解・受容・幸せへ。,83800,6,求めていた動画でした。ありがとうございます。,@rips-h8c,2025-08-23T18:41:22Z,cNzvBWkhm3Y
"【なぜか優しくできない,怒りが湧く】家族／恋人／子ども／近しい人にほどキツく強く当たってしまう心理",683700,5,未だに母親を求めてるんだと自覚しました。<br>本当は愛されたかったし認めて欲しかった。物理的に離れても精神的にはまだ縛られたままなんだなと😢<br>境界線のなさ、愛情枯渇を自覚して恋人とも向き合っていきたいです,@mme6775,2026-01-15T09:01:56Z,FpcoL2PZ9zY
"【なぜか優しくできない,怒りが湧く】家族／恋人／子ども／近しい人にほどキツく強く当たってしまう心理",683700,5,相手が出来てないんじゃなくて自分ができてるという視点新鮮！,@sasasasp,2025-09-19T09:53:29Z,FpcoL2PZ9zY
【抱え込みすぎ】「私がやらなきゃ」「何でもできなきゃ」、気を使いまくり、自分が人や状況を操作したい→限界を超えて心が崩れる,664306,5,生きる事に辛くて、自分を責める毎日でした。酷い時には最悪な事を考える時も。<br>ただ、この動画に気付かされた事、自分をもっと大事にしていい事、無理しないことなど色々大切にするべき事があるんだなと改めて感じました。<br>ありがとうございます。<br>これからも参考にさせて頂きます。,@さら-ranapo1209,2024-04-02T15:14:24Z,Gaps0b_VXIU
【抱え込みすぎ】「私がやらなきゃ」「何でもできなきゃ」、気を使いまくり、自分が人や状況を操作したい→限界を超えて心が崩れる,664306,5,頼まれたら引き受けてしまう性格上、最近無理をしてまで仕事しすぎている状況になんとなーく〝疲れたな〜休みたいな〜やれないって言ったらこう思われるだろうから無理すればいいか〜〟とモヤモヤしていたところで、たまたま流れてきました。今の自分に当てはまりすぎていて、理解してくれる人がいるんだって思ったら自然と涙が出ました。<br>コメント欄も自分と同じ悩みを抱えている人や、同じ考えの人がたくさんいて安心しました。<br>頑張って生きます,@che_rry1525,2025-03-20T18:26:43Z,Gaps0b_VXIU
【抱え込みすぎ】「私がやらなきゃ」「何でもできなきゃ」、気を使いまくり、自分が人や状況を操作したい→限界を超えて心が崩れる,664306,5,もう本当にこれです😢<br>1度自分を否定されて、自分の本音が何なのかどれなのか、分からなくなりました<br>今も自分の本音が分からないし、人と関わるのが本当に怖いです,@reirei1109,2024-02-27T03:01:16Z,Gaps0b_VXIU
【選ぶ権利がある】近くにいる方がいい人と、遠ざける方がいい人【割合と頻度を見てね】,256269,5,大切な視点ですよね、これ。<br>選んで良い,@Xmasbonbo,2023-11-25T02:43:24Z,7tTBN-Ul_Pg
【自己愛性パーソナリティタイプ】自分は特別・自分は悪くない・トンデモ行動。自己愛が強い人への対処と改善までご紹介。／ナルシスト、話を聞かない、押し付け、支配的,234791,5,初めてこのチャンネルに辿りつきました!✨<br>流れなのか、カワイイイラストで解説、聴きやすい声質、胸キュン要素をいくつも感じました。<br><br>色んな動画をこれから観てセルフマネジメントしていけたらと思います。,@violetuk2020,2024-03-10T00:36:10Z,9ZqyqvABW_8
【自己愛性パーソナリティタイプ】自分は特別・自分は悪くない・トンデモ行動。自己愛が強い人への対処と改善までご紹介。／ナルシスト、話を聞かない、押し付け、支配的,234791,5,私です　治そうと思っても治せない、治ったと思っても治ってない。もう死ぬしかないのかな,@けいん-v3y,2024-07-02T15:06:24Z,9ZqyqvABW_8
【自己愛性パーソナリティタイプ】自分は特別・自分は悪くない・トンデモ行動。自己愛が強い人への対処と改善までご紹介。／ナルシスト、話を聞かない、押し付け、支配的,234791,5,ありがとうございます😃<br><br>とても分かりやすかったです✨　　　<br><br>職場など、仕事が絡んでどうしても離れられないケースは本当は辛いですね😅,@se-ib2hq,2024-02-26T11:31:36Z,9ZqyqvABW_8
【愛情と依存の違い】&quot;好き&quot;と混同しやすい&quot;依存&quot;の特徴とは？自分軸で与える愛と、他人軸 or 自己満足で埋めようとする愛。  〜グラデーションで考える〜,211779,5,数年前に好きだと思ってた人思っていた人は「我慢する依存」をしていて、傷ついて恋愛が怖くなって、<br>そしたら今回の人が好きだと言って来てくれたのがすごく嬉しくて「求めすぎる依存」をしていたなぁと…,@しはる-h8e,2025-08-25T04:25:19Z,Ui7jIx_0sIU
【愛情と依存の違い】&quot;好き&quot;と混同しやすい&quot;依存&quot;の特徴とは？自分軸で与える愛と、他人軸 or 自己満足で埋めようとする愛。  〜グラデーションで考える〜,211779,5,依存の割合が多いんだろうなと昔からわかっているし、そんな自分がダメだなと強く感じる時もある。でもたまには頑張った分、尽くした分の見返りも欲しい。100%相手は相手、自分は自分と思いきれない…つらい。仕事も恋愛もうまく行ってない私を認めて支えてよ慰めてよ、なんてカッとなって思ってしまう自分にも嫌気が差すよ。,@reeenu,2025-04-01T15:07:23Z,Ui7jIx_0sIU
【愛情と依存の違い】&quot;好き&quot;と混同しやすい&quot;依存&quot;の特徴とは？自分軸で与える愛と、他人軸 or 自己満足で埋めようとする愛。  〜グラデーションで考える〜,211779,5,依存の相手＞自分に関してだけど、自分の人生の中に相手がいて、愛しているからこそ相手のために何かをしたいって言うのは依存じゃないと思う。相手のことを思って行動していてそれを依存だと思ってしまった人、それは思いやりかもしれないからもう一度考えてみてほしい。<br><br>逆に、好きの自分の人生を歩んでいるって言うのは相手のことを考えずに自分勝手になることとは違うとは違うので、動画を見てポジティブになりすぎずに自分が依存を言い訳にして身勝手になっていないか、思いやりを忘れていないか、もう一度考えてみてほしい。<br><br>落ち込んでしまった人、安心した人、色々いると思います。この動画の内容を間に受けずに、自分たちに柔軟に当てはめて考えてみたらいいんじゃないかなと思います。,@aiieokakikukeko,2025-07-11T14:46:24Z,Ui7jIx_0sIU
【愛情と依存の違い】&quot;好き&quot;と混同しやすい&quot;依存&quot;の特徴とは？自分軸で与える愛と、他人軸 or 自己満足で埋めようとする愛。  〜グラデーションで考える〜,211779,5,きいさん動画ありがとうございます。好きと依存の違いは分かりやすくて良かったです(*^^*)<br>好きと依存はバランスが大事なんですね。,@戸塚剛-z3m,2025-02-19T11:13:57Z,Ui7jIx_0sIU
【愛情と依存の違い】&quot;好き&quot;と混同しやすい&quot;依存&quot;の特徴とは？自分軸で与える愛と、他人軸 or 自己満足で埋めようとする愛。  〜グラデーションで考える〜,211779,5,具体的な改善策まで話してくださっていて、勉強になりました。<br>幼少期から母親との共依存、大人になり付き合いはじめてから夫に依存してきたなぁと思います。<br>子どももいて幸せなはずなのに、毎日苦しい。<br>依存しているから一緒にいるだけなので、離婚以外の解決策があるのか、自分と向き合って考えていきます。,@まりん-w7p,2025-02-26T00:02:20Z,Ui7jIx_0sIU
【完璧主義】ひとり反省会・人生が変わらない・全てに神経を尖らせている→「自然な自分ではいけない。」という自己否定のサイン,182094,5,確かに、ありのままの自分を親に褒められたことが無いかもしれない。何事もそれなりに出来ることが当たり前だったし、ダメなところだけを指摘されて生きてきたかも,@rarab-m1k,2024-11-08T18:11:36Z,a7x8US7Rwj4
【完璧主義】ひとり反省会・人生が変わらない・全てに神経を尖らせている→「自然な自分ではいけない。」という自己否定のサイン,182094,5,自分軸生きたほうが楽だしうまくいくって最近気づいた。,@highhigh-k8n,2023-12-31T14:15:20Z,a7x8US7Rwj4
【完璧主義】ひとり反省会・人生が変わらない・全てに神経を尖らせている→「自然な自分ではいけない。」という自己否定のサイン,182094,5,親ガチャ、これにつきる,@あかね-m5n,2024-02-09T15:23:00Z,a7x8US7Rwj4
【完璧主義】ひとり反省会・人生が変わらない・全てに神経を尖らせている→「自然な自分ではいけない。」という自己否定のサイン,182094,5,元々事務の仕事から自分を変えるべく営業の仕事に転職して3ヶ月目になりますが、毎回上司から叱責を受けたりして落ち込んでいたところ、こちらの動画を拝見しました！<br>自分はかなり完璧主義だったんだと実感しました！<br>『〇〇できない自分＝価値が無い』『上司や職場から認められない自分＝価値が無い』のではなく、少しずつでも前に向かって進んでる自分を褒めていこうと思いました✨,@tmondo6462,2024-01-03T10:19:24Z,a7x8US7Rwj4
【情緒的ネグレクト】親の“感情面への”無関心や関わりの薄さ。生きづらい子どもに多い、見えにくい精神的なネグレクトとは？,179891,5,幼い頃の経験、過去に起きた出来事だから、今を生きてるからこそ気にしちゃいけない、思い出してはいけない、とずっとモヤモヤしていました<br>動画でその事を&quot;認めてもいい&quot;、&quot;比べなくてもいい&quot;ということを仰ってくださった時に、辛い事をまずは自分自身で知って認めることが大事なんだと改めて気付き、少しだけ心が軽くなったような気がします。,@tentmato,2025-11-03T16:15:42Z,WN3RVQSf7l8
【自分軸と自分勝手の違い】わがままが気になる人へ。場面での対比を見て整理しよう,159398,5,私はこうしてほしい…と言ってもその理由がその方が立派な母に見られるからとかだったら、それはそれで自分勝手だなーと思いました。,@ttth9w,2024-03-13T04:20:59Z,htWuimTJmlQ
【自分軸と自分勝手の違い】わがままが気になる人へ。場面での対比を見て整理しよう,159398,5,うわぁーこれを見て欲しい友人がいるけどこの動画を送ってこうゆう風に考えられるようになって欲しいなっていう想いも自分勝手になっちゃうんですね🥺<br>コミュニケーションって難しい😢,@用途未定-p6j,2025-02-28T13:18:39Z,htWuimTJmlQ
【自分軸と自分勝手の違い】わがままが気になる人へ。場面での対比を見て整理しよう,159398,5,参考になった反面、疑問になった部分もいくつかありました。<br><br>特に許容範囲の問題です。<br>「これ前に言ってそんなこと気にするなんて心が狭いんじゃない？と言われたけど、私は気になる…また意見言って対立したくない、でも私は確実に我慢しているし自分勝手になってしまう」という場面がとても多いです。<br><br>これはお互いの許容範囲が被っていないので意見を言い合ってもどうにもならない場面なんですよね…<br><br>人より気になる部分が多かったり、気になる部分が違ったり、することが多いので、そういう部分において自分軸を保ち続けるのが難しいです。というより自分軸を保つことはやはり自分勝手なのではと思ってしまいます。,@alice_and_apple1357,2024-03-09T03:36:02Z,htWuimTJmlQ
【自分軸と自分勝手の違い】わがままが気になる人へ。場面での対比を見て整理しよう,159398,5,適応障害で、休職中です。<br>これからについて考える中で、漠然とした不安が渦巻いて、その不安を、ささいな場面をきっかけに、パートナーにぶつけてしまう傾向にあり、悩んでいました。彼は、支持的な様子ではありますが、俺なりに<br>の主張が気になってしまって、受け止めてもらえてるのかな、、？と、ストレスを抱えていました。<br>私はこう思う、でも、彼の考えや価値観はこう、と分かってはいても、不安な自分を支えて欲しいと、自分軸と自分勝手がごちゃまぜです。<br>最近、きいさんの動画をみて、お勉強しています、いつも、優しい動画をありがとうございます😭,@おとうふ-t4h,2024-02-15T06:44:04Z,htWuimTJmlQ
【人の力を拡大する人と縮小する人】自分自身との接し方・他者との接し方を見つめてみよう。力を縮小する人の背景は、そばにいた人の影響。,155676,5,同情って結局は「辛い状況になった自分がかわいそう」っていう自分かわいさで理解が止まっててそのエゴに到達するために相手の辛い状況を利用してるよね。<br>それで相手のほうも「ああこいつ自分が気持ちよくなるために私の話聞いてんな」って離れていく。昔の自分です,@pantunonioi,2024-03-16T00:27:54Z,ZFr_SycknUk
【人の力を拡大する人と縮小する人】自分自身との接し方・他者との接し方を見つめてみよう。力を縮小する人の背景は、そばにいた人の影響。,155676,5,上司が以前は人の力を縮小する人でした。<br>困っていることや悩んでいることを伝えることで接し方を変えてくださり、まさに書いてある通りの人の力を拡大する人になってくださいました。<br>お陰で言葉一つ一つが支えになり、仕事を頑張ろうと前向きなれています。<br>私もそんな大人になりたいなと思います。,@hio565,2024-04-21T12:42:43Z,ZFr_SycknUk
【人の力を拡大する人と縮小する人】自分自身との接し方・他者との接し方を見つめてみよう。力を縮小する人の背景は、そばにいた人の影響。,155676,5,人はくっきりと善と悪で分けられないように、対ひと毎に与える影響も違うと思います。まあ、相性ってやつです。個人的には前向きな励ましだけでは的を得ず、私自身をよく見てない印象を持ちます。正論で親身になってくれる人は信頼できます。もちろん、弱ったときの前向き言葉はありがたい。今回は多面性が反映されていないように感じてモヤモヤしました。,@sayaorangeusag1107,2024-03-08T11:52:10Z,ZFr_SycknUk
【人の力を拡大する人と縮小する人】自分自身との接し方・他者との接し方を見つめてみよう。力を縮小する人の背景は、そばにいた人の影響。,155676,5,動画ありがとうございます！！いつも耳が痛いながらも、きいさんの温かい話し方と、今後どうする？という対応方法のおかげで、自分を反省することができています！編集や企画など大変だと思いますが、これからも頑張ってください。私も頑張ります😂,@naoko9283,2024-02-21T16:32:52Z,ZFr_SycknUk
【人の力を拡大する人と縮小する人】自分自身との接し方・他者との接し方を見つめてみよう。力を縮小する人の背景は、そばにいた人の影響。,155676,5,あくまで言葉の使い方の話ですが、正論ではなく理屈っぽい、常識の押し付けでは？<br>きいさんの話が正しいと思う、納得するならそれが正論ですし<br>「正論で言う人は力を奪う人」と正論を言う動画というパラドックスに陥ってます,@ヌワンコカヌ-h6d,2024-03-04T00:46:13Z,ZFr_SycknUk
【人の力を拡大する人と縮小する人】自分自身との接し方・他者との接し方を見つめてみよう。力を縮小する人の背景は、そばにいた人の影響。,155676,5,奪う人って言い方をしてネガティブに感じるな。<br>受け取る側の人を受け容れるのが与える側の人なんじゃない？<br>奪う人が居る！って意識したら、生きてるのしんどくならない？,@tamotsu403,2024-03-05T02:56:13Z,ZFr_SycknUk
【人の力を拡大する人と縮小する人】自分自身との接し方・他者との接し方を見つめてみよう。力を縮小する人の背景は、そばにいた人の影響。,155676,5,他人を否定する人を否定することは、結局自分がその人を否定してるわけなので、あんま気にしなくて良いと思うかな。<br><br>正論言う人でも、言い方キツイ人でも、一緒にいて心地よかったり尊敬できる、我慢できる程度なら付き合えばいい。<br><br>まず正論言われて困るような事している自分が問題というか、そういうのって自覚あればメンタルに来ないし、メンタルに来たなら気づいてなかった事を教えてくれたわけだし、新しい発見があってそんな悪いもんでも無い。<br><br>逆に自分を甘やかしはじめると人はどこまでもサボるので、あんまり馴れ合いみたいな友人ばかりで固めると理想の自分は遠ざかってしまう。<br><br>あと、いい人は搾取されてしまいがちな世の中です。この図で言うと縮小する人が拡大する人を搾取して特をしやすい。<br><br>たぶん僕はこの人の言う所の力を縮小する側なのだろうけど、だからこそ底辺同士の馴れ合いみたいなものから抜きん出て経済的に潤えているんだと思う。<br><br>嫌な言い方だけども、お金があると時間もメンタルも余裕できるし、人付き合いも選べるので人生はかなり好転します。,@NINJA-pl2hi,2024-03-14T08:12:27Z,ZFr_SycknUk
【アダルトチルドレン】克服の一歩は自己理解。心の平穏を取り戻すため自分に目を向け、心の声に耳を傾けよう。【AC】,151938,5,みんな今日まで生きてくれてありがとう,@sasugasasuga,2025-02-10T04:21:05Z,usIp41t_vo0
【アダルトチルドレン】克服の一歩は自己理解。心の平穏を取り戻すため自分に目を向け、心の声に耳を傾けよう。【AC】,151938,5,やりたくないことをすべてやめたら、社会に適合できな人間になってしまうんだよなぁ<br>社会不適合者として生きていくしかないのかなぁ,@bananaboo5592,2025-06-06T13:26:32Z,usIp41t_vo0
【アダルトチルドレン】克服の一歩は自己理解。心の平穏を取り戻すため自分に目を向け、心の声に耳を傾けよう。【AC】,151938,5,家庭環境より小学校の先生に否定されたから辛い,@ザベス-j5p,2024-10-24T03:16:26Z,usIp41t_vo0
【アダルトチルドレン】克服の一歩は自己理解。心の平穏を取り戻すため自分に目を向け、心の声に耳を傾けよう。【AC】,151938,5,やめたいことはしごと。<br>よしやめよう。,@きょん-d9r,2025-01-08T13:04:19Z,usIp41t_vo0
【アダルトチルドレン】克服の一歩は自己理解。心の平穏を取り戻すため自分に目を向け、心の声に耳を傾けよう。【AC】,151938,5,殆ど当てはまりました。でも子ども時代に親からそう言ったことを受けた記憶は無く、厳しい一面もありましたが今はそれがあったから人としての思いやりだとか、大切な面を学べたと思います。にも関わらず周りの目が気になるだとか、容赦なく自己批判、ネガティヴ、自分の行動に自信がない、親密な関係を持てない、まだまだ当てはまることがありました。過去にそう言った傷を負ったつもりがないのに、何故自分はこうなのか更に自分のことが嫌になります。,@Nikawachannel,2025-03-15T23:47:17Z,usIp41t_vo0
【アダルトチルドレン】克服の一歩は自己理解。心の平穏を取り戻すため自分に目を向け、心の声に耳を傾けよう。【AC】,151938,5,特徴とか聞いて、自分がずっと抱え持ってきてたのってこれかもなってなりました。アダチルはもっと難しいやつなのかと思ってた分びっくりしました。改善と対策を見て、少しづつ変えていけたらいいなと思いました。,@Zerrissenheit0,2024-10-23T14:27:47Z,usIp41t_vo0
【共依存】人間関係のストレスや問題の背景。自分の価値を感じられなければ心が保てない。自己犠牲して周りを優先、人をコントロールしたり人を依存させる。,132084,5,はぁ、全部当てはまる<br>元旦那さんとも結局共依存で離婚しても毎週会ってたけど、最近違和感もあってキツイこと言ったら離れて行ったけど、いまも不安でドキドキしてる。。、,@sakuranrs6605,2024-04-10T13:21:26Z,mxqVWLBiV3k
【共依存】人間関係のストレスや問題の背景。自分の価値を感じられなければ心が保てない。自己犠牲して周りを優先、人をコントロールしたり人を依存させる。,132084,5,境界線を踏み越えられるのあるあるで人間関係がたまにしんどくなる。同時に、自分が愛している家族や恋人に見限られたらマジで死ぬしかない、嫌われないように、迷惑かけないように生きている。だから空気や感情を察知するのは得意なくせに自分の意見を伝えるのはド下手な大人になってしまった。思えば、学生時代の進路選択も仕事の受注も、自分が何をやりたいかというのを押し殺して勝手に我慢して、人の望む道を歩んできたな。それがあの人のためになるとおもって。,@pa1pi2pu3,2024-03-15T04:46:26Z,mxqVWLBiV3k
【共依存】人間関係のストレスや問題の背景。自分の価値を感じられなければ心が保てない。自己犠牲して周りを優先、人をコントロールしたり人を依存させる。,132084,5,共依存親子の例に当てはまるところが多くありました…自己分析始めたおかげで自分の意見を持てるようになっていますが、母の前では意見を言っても受け入れてもらえず母の指示に従いがちです。<br>相手のことは自分でコントロールできないため、行動しても共依存から抜け出すには難しいのではないかと思う気持ちがあります。こんな風に不安はありますが、共依存のループから抜け出すために、母と意見が食い違っても1度は意見を伝えるように行動してみます！,@amaneru-h8z,2024-03-01T02:57:47Z,mxqVWLBiV3k
【認知の歪み】超身近な苦しくなる思考の癖。認知の歪みとは？10種類の例と改善に向けた対応,130279,5,認知の歪み10選は聞いていて凄く為になりました。これまで自分を守るための癖だったことを知って、私だから全部ダメと言う思考になっていたことに気づきました。子供の頃に言葉で表現するのが苦手な子供でしたので、親からも兄弟、先生からも問答無用で私が悪者だったり信じてくれなかったりがあったのを思い出しました。,@晴和-g8o,2024-01-21T12:18:04Z,AxlcavvWwYk
【認知の歪み】超身近な苦しくなる思考の癖。認知の歪みとは？10種類の例と改善に向けた対応,130279,5,きいさん、有益すぎる動画をありがとうございます。最近、きいさんの動画に出会って、おススメに出てくる動画を次から次へと見倒しています。<br><br>「日記に事実と自分の感情を分けて書く」というのを今日から実践したいと思いました。<br>しかし私の場合、日記に書く時点で「事実」が無意識に歪められてしまっていることがありそうなので、そこも気をつけたいなと思いました。「事実」をそのまま記憶しておくのは難しいのでボイレコなども取り入れて、「事実」を客観的に見る体験を重ねていきたいです。<br>改めて素敵な動画をたくさん発信して頂きありがとうございます。引き続き少しずつ拝見させて頂きます。,@user-o4e2x,2025-04-05T00:08:37Z,AxlcavvWwYk
【認知の歪み】超身近な苦しくなる思考の癖。認知の歪みとは？10種類の例と改善に向けた対応,130279,5,初めてコメントします！<br>以前きいさんのインスタでこの投稿を見て、とてもキツい思いをしてたんだと実感しました。<br>その時は自分は治したい？とかではなく、そう思いながら生きていくことにも傷つく事にも慣れてるし大丈夫！って思ってました。<br>今回、この動画を見て改めて認知のゆがみ、思い込みで物事を判断する＝マイナス思考？と繋がっているのかなと思ったので、治すのではなく、今よりより良いものにしていくために心がけます。<br>改めてありがとうございました！,@渡辺謙-p7f,2023-12-09T14:31:43Z,AxlcavvWwYk
【認知の歪み】超身近な苦しくなる思考の癖。認知の歪みとは？10種類の例と改善に向けた対応,130279,5,新しい職場で、今まさに認知の歪みにぶち当たっています。○○さんはめちゃめちゃ仕事が丁寧、凄く良い事なんだけど、だからこそ仕事が遅くなってるよ。○○さんは凄く真面目で一生懸命、やる気は凄く伝わるけども、逆に一生懸命になり過ぎて周りのことがちゃんと見れてないよ。必死に頑張っているのに、凄くもったいないと先輩方から常に言われて、何でいつも空回り⁇何でこんなに優しい人達と一緒に仕事をしてるのに、何でこんなに辛くてしんどいんだろう、と今まさに苦しんでます。先輩と話す時わいつも言葉にならない想いが溢れて涙が溢れます。<br><br>認知の歪み、ほぼほぼ自分に当てはまり、でも悪いことじゃなくて誰にでも起こり得る、それはそれで頑張って生きてきたんだよねって救われたような感覚になり、またもや涙が出てきました。先輩からも、クセを直していけば、行動や考え方、仕事の動き方がガラッと変わると言われています。無意識なので、改善には時間がかかるかもしれないけど、少しずつでも向き合って直していけたらと思います。きい先生の優しい話し方で朝から少し心が浄化されました、ありがとうございます🥺,@ひなママ-v5j,2024-04-09T21:36:00Z,AxlcavvWwYk
【認知の歪み】超身近な苦しくなる思考の癖。認知の歪みとは？10種類の例と改善に向けた対応,130279,5,事象・出来事→認知・解釈→自分の気持ち<br>という図がわかりやすかったです!認知はサングラスのようなものという例えもわかり易かったです!<br>私は白黒思考と結論の飛躍が特に当てはまってました。<br>事実と空想を分けること意識してみます!,@chammy9474,2023-12-14T23:11:13Z,AxlcavvWwYk
【認知の歪み】超身近な苦しくなる思考の癖。認知の歪みとは？10種類の例と改善に向けた対応,130279,5,今回の動画、興味深く拝見させて頂きました。<br>適応障害にみえない健常者の人でもつぶさに言動や行動を観察していると、わりと認知の歪みからマイナス思考だったり、極端な固定観念による決めつけ的なことをされてる方が思い浮かんだので参考になりました。<br><br>自分を時折客観的にみて自分にはこういった傾向があるな、と気付く事で認知の歪みも少なくなるのかな？と思いました。,@ただの匿名希望,2023-11-22T11:19:26Z,AxlcavvWwYk
【投影】他人(外側)に自分の感情・欲求や過去を映し出す。＝自分流に解釈している。人間関係や自己理解のために「投影」をチェックしてみましょう,121833,5,きいさんのInstagramを拝見していましたが、最近YouTubeを視聴し始めました。<br>繰り返しいつでも聞き返せるので、理解しやすいですし、明るい話し方、声にとても助けられています。すこやかな味方でいてくださる感じがします。自分のことも、周りにいる大切な人たちのことも、より柔らかくて健やかな関係を築けるように色々勉強させてもらっています。<br>ありがとうございます！,@wapsaobiol,2024-06-24T22:10:02Z,4StA-DDlEfk
【投影】他人(外側)に自分の感情・欲求や過去を映し出す。＝自分流に解釈している。人間関係や自己理解のために「投影」をチェックしてみましょう,121833,5,とてもわかりやすかったです。今の自分に必要な動画でした！自分を俯瞰して見るときに自責しやすいので、その注意点を知ることもでき、たいへん勉強になりました！ありがとうございます。,@ねんねん-u1t,2024-06-22T03:11:37Z,4StA-DDlEfk
【敵意帰属バイアス】自分を嫌っているんだと誤解・攻撃されたと誤解をしやすい。自己成長や対人関係の弊害。不信感。まずは傾向に気づくこと。,107541,5,出来事と思考の例え方が分かりやすかったです!ありがとうございます。,@jyunkuramu636,2024-04-12T00:44:45Z,_uTgEER207c
【敵意帰属バイアス】自分を嫌っているんだと誤解・攻撃されたと誤解をしやすい。自己成長や対人関係の弊害。不信感。まずは傾向に気づくこと。,107541,5,絵もかわいくて内容もわかりやすく、この動画に出会えてよかったです‼️✨ずっと病気だと思って人と関わる時、毎日不安でした😢何度も見ながら前向きに取り組んで行こうと思います😊<br>チャンネル登録させていただきます🙏✨,@ごはんとおみほしる,2024-04-13T12:41:38Z,_uTgEER207c
【敵意帰属バイアス】自分を嫌っているんだと誤解・攻撃されたと誤解をしやすい。自己成長や対人関係の弊害。不信感。まずは傾向に気づくこと。,107541,5,このタイプでしたが、修正し気持ちが楽になったので参考になればと思い共有します。<br><br>通ってた塾がテスト順位を公表する所で、学力で自分の価値を定義される様な感覚に陥って育ちました。それなので会社の同期や友人などより優位に立ちたいと比べがちです。周りはバカだとナメている時もありました。<br>ですが会社の同期が周りと分け隔てなく接し最終的に良い旦那さんを見つけたりなど、私と違う思考の方が得ている貴重な経験や人間関係をみて見直してみようと思いました。<br>自分とは違うタイプがどのようなことを得てるのか学ぶと、気づきが増える気がします。もちろん誰かに確認するのも良いですが、、,@hh-jr7tj,2024-05-16T08:35:03Z,_uTgEER207c
【敵意帰属バイアス】自分を嫌っているんだと誤解・攻撃されたと誤解をしやすい。自己成長や対人関係の弊害。不信感。まずは傾向に気づくこと。,107541,5,Aの人は支えてあげたい、助けてあげたいと思う反面、Bの人関わりたくないなぁと思ってしまう…<br>非定型うつのひとにすごく多いなとサービス業に従事していて感じます。<br>どうしたらお互い生きやすくなるものか、悩ましいですね。<br>自分の身を守るには離れるしかないとなってしまい、結果分断が起きてしまいます。,@きなこ-x9o,2024-04-18T03:30:09Z,_uTgEER207c
すぐ臨戦体制になり食ってかかりやすい心の癖。人を敵に思いやすい「敵意帰属バイアス」② #心理学 #人間関係 #ストレス #教養,105721,5,知り合いにいました。<br><br>当時は、友人でしたが<br>あまりにもこの通りで付き合いを辞めました。,@masafujiyama4820,2025-10-12T08:03:23Z,wsR2RjpGWDg
【回避傾向】自分を生きることから逃げる。失敗、責任、批判、恥、人を傷つける恐れなどを最優先にして人生が停滞する,103401,5,人を傷つけるのが怖くてこうなりがちです。避けることでもっと迷惑かけてるかもと気付いて改善できていた時期もありましたが、しばらくしてやっぱり恐れが勝ってしまったので「人に迷惑をかける自分が許せない」「堂々巡り」といったフレーズに凄く納得感がありました。,@瑠虎637,2025-02-13T22:38:31Z,khgpg2jcUCE
【回避傾向】自分を生きることから逃げる。失敗、責任、批判、恥、人を傷つける恐れなどを最優先にして人生が停滞する,103401,5,かといって今まで色々悩んでさまざまな意見を聞いてきたから失敗しても大丈夫だし行動した方がいいって頭のどこかでは理解してる。<br>でもいざ当事者になると動けないから自己否定に走っちゃうんだよね、、、,@ノリノリオ-k3i,2025-02-08T01:44:13Z,khgpg2jcUCE
【回避傾向】自分を生きることから逃げる。失敗、責任、批判、恥、人を傷つける恐れなどを最優先にして人生が停滞する,103401,5,めんどくさかったり嫌なことから避けても良いけど、それに罪悪感感じてやりたいことですら手につかないのが良くないんですかね<br>程よく苦手なことにも立ち向かい、程よく避けつつも自分らしい生き方は貫きたいです,@激辛ミルクティー,2025-02-20T16:52:41Z,khgpg2jcUCE
【回避傾向】自分を生きることから逃げる。失敗、責任、批判、恥、人を傷つける恐れなどを最優先にして人生が停滞する,103401,5,きいさん動画ありがとうございます。回避、逃避これ僕これで悩んでるですよね（泣）人間関係とか恋愛は本当に。,@戸塚剛-z3m,2025-02-05T11:14:17Z,khgpg2jcUCE
【回避傾向】自分を生きることから逃げる。失敗、責任、批判、恥、人を傷つける恐れなどを最優先にして人生が停滞する,103401,5,傷つきたくない傷つけたくない、ヤマアラシのジレンマでなんとか適切な距離と思っているのが今の自分かな。他人からすれば若干遠いかもしれないけど。<br>ぷりぷりブリズナーみたいに、痛みを受け入れられる様に...やっぱ、アレだけにはなりたくないw,@neov3441,2025-02-06T07:53:31Z,khgpg2jcUCE
【人に依存しすぎている人】自分に主導権がなくなっている・人に何かしてもらうことを求めすぎる人（自立しなさすぎている状態）,91609,5,"<a href=""https://www.youtube.com/watch?v=27c9_QRTctI&amp;t=248"">4:08</a> テイカー型<br>自分の意思ではなくて何かの影響を受けで、こういうことしちゃったんだ。<br>した、と言い切らない。<br>自己犠牲型かなって思ってたけど、テイカーの特徴を見て完全にテイカー型って思いました。好きな人に好きになって欲しい、優しくしてほしい、自分が与えるよりも全部くれくれが多いです。",@あみ08,2025-09-15T05:14:47Z,27c9_QRTctI
【人に依存しすぎている人】自分に主導権がなくなっている・人に何かしてもらうことを求めすぎる人（自立しなさすぎている状態）,91609,5,"<a href=""https://www.youtube.com/watch?v=27c9_QRTctI&amp;t=665"">11:05</a><br><a href=""https://www.youtube.com/watch?v=27c9_QRTctI&amp;t=796"">13:16</a>",@shizu02-g1n,2023-10-29T00:59:32Z,27c9_QRTctI
【強い劣等感】落ち込みが止まらない、すぐ人と比較、頑張りすぎてしまう、自分を守るために攻撃・敏感になりやすい、理想やプライドが高くなる。,84076,5,わたしだ( ´･ω･`),@あき-n3h9g,2024-03-28T09:30:27Z,3BV7aU3Dl8w
【日常に残る心の影響】知らないで自分を否定したり、現実とのギャップを起こし続けていませんか？大事な自分を理解・受容・幸せへ。,83800,5,私の鍵は安心できる他者です<br>世の中思っているほど悪意で満ちてはいないと思い始めました。<br>自分は悪くなかったということもです。<br>それで生きやすくなる場所はありそうです。<br><br>いまでも希望、夢、好きなどのワードは少し苦手です、考える余裕がなかったので<br>短く答えるも苦手です<br>良くしっかりしていると言われます<br>子供の頃の記憶は家族関係の嫌なことばかり。毎日怒鳴られ尊重されず安心できず、<br>生きることは義務でした。,@alban2357,2025-09-07T08:35:47Z,cNzvBWkhm3Y
【日常に残る心の影響】知らないで自分を否定したり、現実とのギャップを起こし続けていませんか？大事な自分を理解・受容・幸せへ。,83800,5,ほぼほぼ当てはまる...,@MH-yf9wl,2025-08-21T13:48:24Z,cNzvBWkhm3Y
"【なぜか優しくできない,怒りが湧く】家族／恋人／子ども／近しい人にほどキツく強く当たってしまう心理",683700,4,この動画を見ても、「じゃあどうすればいいの？」という疑問ばっかり頭に浮かびます。プライドが高くて完璧主義なくせに社会知識が足りなくて何もできない自分が恥ずかしいです。こう思い詰めていると、やっぱり自分という人間は、「他人と生活を共にする」ということにとても不向きな性格である、という結論に至ります。もうどうすればいいのか分からないです。,@user-mc2su2vu6t,2026-03-05T16:50:50Z,FpcoL2PZ9zY
"【なぜか優しくできない,怒りが湧く】家族／恋人／子ども／近しい人にほどキツく強く当たってしまう心理",683700,4,私だ…本当に気をつけなきゃ。最近それで怒ってばかりだ。,@ゆり-g2i6g,2025-11-18T01:19:51Z,FpcoL2PZ9zY
"【なぜか優しくできない,怒りが湧く】家族／恋人／子ども／近しい人にほどキツく強く当たってしまう心理",683700,4,小さい頃ないがしろにされたような心当たりがないのにこれなんだが,@gumi2c5,2025-11-17T08:12:30Z,FpcoL2PZ9zY
"【なぜか優しくできない,怒りが湧く】家族／恋人／子ども／近しい人にほどキツく強く当たってしまう心理",683700,4,ぶつけられる側は、怒り返す気力もなくなりますけどね。<br>肉親だと関係も切りづらいので本当に面倒です。,@Piyopiyo000-k7l,2025-11-20T20:00:39Z,FpcoL2PZ9zY
【抱え込みすぎ】「私がやらなきゃ」「何でもできなきゃ」、気を使いまくり、自分が人や状況を操作したい→限界を超えて心が崩れる,664306,4,日本人真面目なのは良いことな反面抱え込む人本当多い。ちょっとぐらい適当な方が生きやすいんですよね。,@のあR,2024-08-18T20:32:02Z,Gaps0b_VXIU
【抱え込みすぎ】「私がやらなきゃ」「何でもできなきゃ」、気を使いまくり、自分が人や状況を操作したい→限界を超えて心が崩れる,664306,4,抱え込みすぎてしんどい、親にも頼れないし、立ち止まることもできなくてずっと自分を攻撃してる。わかってる、頼ってもいいことはわかってる。でも出来ない。,@sasa-ol5pe,2024-10-20T14:16:23Z,Gaps0b_VXIU
【抱え込みすぎ】「私がやらなきゃ」「何でもできなきゃ」、気を使いまくり、自分が人や状況を操作したい→限界を超えて心が崩れる,664306,4,負けず嫌いだし完璧主義だけど全ての能力が他人より劣ってるから一生何も結果も残せず得意なことの一つも見つけられず「自分は何もできない無能」って思い続ける人生…,@utt511,2024-09-28T19:25:17Z,Gaps0b_VXIU
【選ぶ権利がある】近くにいる方がいい人と、遠ざける方がいい人【割合と頻度を見てね】,256269,4,愚痴と悪口のちがい、そして愚痴は言って良いという点に膝を打ちました！！わたしが悪口だと思っていたものは愚痴でした、そして聖人君子になろうとしてました〜！！良い気づきをありがとうございます🎉,@re-rere,2024-03-17T13:21:18Z,7tTBN-Ul_Pg
【選ぶ権利がある】近くにいる方がいい人と、遠ざける方がいい人【割合と頻度を見てね】,256269,4,母や兄弟と話すとドッと疲れます。<br>でも、父の介護問題もあるので、関わらないわけにはいかないです。<br>兄弟も私にそう思っていると思います。<br>本当は家族みんな仲良く協力しあってやって行きたいと思ってるに違いないのに。<br>早くこの煩わしいことが終わんないかなと、ひどいことを考えてしまいます。,@ahaa6773,2024-03-01T03:31:25Z,7tTBN-Ul_Pg
【選ぶ権利がある】近くにいる方がいい人と、遠ざける方がいい人【割合と頻度を見てね】,256269,4,諦めちゃいけない、、わかります。<br>分かり合える、と思っていました。,@user-cl8sc7kx6i,2023-11-29T22:58:18Z,7tTBN-Ul_Pg
【選ぶ権利がある】近くにいる方がいい人と、遠ざける方がいい人【割合と頻度を見てね】,256269,4,めっちゃ勉強になりました！！✨<br>学校のカウンセリングの先生よりも納得できる笑<br>嫌な人とは連絡すらも取らずに距離を置きます。自然消滅が1番良いですが💦,@Kanae_wowaka,2023-12-10T08:32:45Z,7tTBN-Ul_Pg
【自己愛性パーソナリティタイプ】自分は特別・自分は悪くない・トンデモ行動。自己愛が強い人への対処と改善までご紹介。／ナルシスト、話を聞かない、押し付け、支配的,234791,4,当てはまる自覚は昔からあるんですが、治せないんですよね…,@chocoyt3425,2024-03-14T15:50:21Z,9ZqyqvABW_8
【自己愛性パーソナリティタイプ】自分は特別・自分は悪くない・トンデモ行動。自己愛が強い人への対処と改善までご紹介。／ナルシスト、話を聞かない、押し付け、支配的,234791,4,これ、私の母の話？！ってくらい当てはまるけど…<br>私にも十分当てはまるなぁ、と感じました。幼少期から、気分でコロコロ機嫌が変わったりする母のご機嫌を伺ったりしてきましたが、<br>私が大人になり、気付いたのは自分上げ他人下げの様な言動が母は目立つな、と思い始め私も身近な人にそうなっていないだろうか？と思い返し自分自身を見つめるいいきっかけになりました。<br>この動画は本当に細かなところまでよく当てはめられて説明されててとてもわかりやすかったです！,@あかりん-k5s,2025-03-29T07:05:42Z,9ZqyqvABW_8
【自己愛性パーソナリティタイプ】自分は特別・自分は悪くない・トンデモ行動。自己愛が強い人への対処と改善までご紹介。／ナルシスト、話を聞かない、押し付け、支配的,234791,4,おすすめに出てきて何気なく見たら。。。これ全部自分自身なんですけど😰,@wtjg7223,2024-01-31T07:20:53Z,9ZqyqvABW_8
【自己愛性パーソナリティタイプ】自分は特別・自分は悪くない・トンデモ行動。自己愛が強い人への対処と改善までご紹介。／ナルシスト、話を聞かない、押し付け、支配的,234791,4,自分も自己愛の強い傾向はありました。。。<br>自己防衛にいっぱいいっぱい。。。あるあるでした。<br>それで地に落ちた感覚･･･です。<br>価値は人それぞれ違うから自分のことも認めて欲しい。<br>そんな逆押し付けも発生していました。<br><br>反省の仕方がわからず、失敗しても同じ失敗を繰り返す。そんなことも日常茶飯事でした。<br>失敗を認めていく。今の自分を認める。そこからでしょうか。。。,@ao1341go,2025-07-05T01:22:31Z,9ZqyqvABW_8
【自己愛性パーソナリティタイプ】自分は特別・自分は悪くない・トンデモ行動。自己愛が強い人への対処と改善までご紹介。／ナルシスト、話を聞かない、押し付け、支配的,234791,4,自己愛Pの気質強い夫がいます…。<br>背景的には④が近いのかな🤔<br><br>欲しがれば何でも買い与える父親と、夫に尽くし家事を完璧にこなす母親の家庭で育っています。<br><br>この動画でいただいたアドバイスを当てはめてみようと思いますが、<br>夫は幼児みたいなもの、という見方をせざるを得ない現実にやるせなさを感じます🥲,@ayawal8132,2024-03-08T02:23:27Z,9ZqyqvABW_8
【愛情と依存の違い】&quot;好き&quot;と混同しやすい&quot;依存&quot;の特徴とは？自分軸で与える愛と、他人軸 or 自己満足で埋めようとする愛。  〜グラデーションで考える〜,211779,4,本当に当てはまっていて、できることが整理されて、感謝です。,@ntmbk1498,2025-03-22T17:31:54Z,Ui7jIx_0sIU
【愛情と依存の違い】&quot;好き&quot;と混同しやすい&quot;依存&quot;の特徴とは？自分軸で与える愛と、他人軸 or 自己満足で埋めようとする愛。  〜グラデーションで考える〜,211779,4,"<a href=""https://www.youtube.com/watch?v=Ui7jIx_0sIU&amp;t=814"">13:34</a> 依存と頼るの違い",@あみ08,2025-09-13T06:05:42Z,Ui7jIx_0sIU
【愛情と依存の違い】&quot;好き&quot;と混同しやすい&quot;依存&quot;の特徴とは？自分軸で与える愛と、他人軸 or 自己満足で埋めようとする愛。  〜グラデーションで考える〜,211779,4,自分が受け身になって「〜して欲しい」と思っている時にそれに気づき、私はどうしたいかを考えて見たいなと思います。,@くらげ-t7m,2025-09-29T14:09:30Z,Ui7jIx_0sIU
【愛情と依存の違い】&quot;好き&quot;と混同しやすい&quot;依存&quot;の特徴とは？自分軸で与える愛と、他人軸 or 自己満足で埋めようとする愛。  〜グラデーションで考える〜,211779,4,前までは左側だったのに右側の思考になってしまった場合、戻すのは難しいのでしょうか,@user-wm1pl6gr2g,2025-02-21T08:03:55Z,Ui7jIx_0sIU
【完璧主義】ひとり反省会・人生が変わらない・全てに神経を尖らせている→「自然な自分ではいけない。」という自己否定のサイン,182094,4,この性格を治すために必要なことをまた必死に研究してできてるかチェックしてできなくて反省して…なかなか根っこの部分が変えられない。結局辛い。,@eem-c9v,2025-04-22T17:19:59Z,a7x8US7Rwj4
【完璧主義】ひとり反省会・人生が変わらない・全てに神経を尖らせている→「自然な自分ではいけない。」という自己否定のサイン,182094,4,当てはまりすぎて。<br>他人軸とはよく聞くけど、他人軸じゃないことがないから、自分軸の感覚がわからない。<br>周り見ると自由に生きてるな、そんな適当でいいんだとびっくりする。<br>皆誰かに嫌われても平気なんだって驚き。,@lllolll-n3m,2025-09-07T06:46:37Z,a7x8US7Rwj4
【完璧主義】ひとり反省会・人生が変わらない・全てに神経を尖らせている→「自然な自分ではいけない。」という自己否定のサイン,182094,4,意欲的な完璧主義だと思ってたけど、根本は不安からくる完璧主義なのかも。<br>「60点でいい」という言葉にも60点って欠点じゃんと思ってしまうし準備不足で結果がうまくいかないなんて許せなくてこだわりすぎてしまう。<br>そういえば100点でも褒められたことないな。調子に乗るなっていつも言われてた。,@ay.g1t,2025-10-06T07:49:33Z,a7x8US7Rwj4
【完璧主義】ひとり反省会・人生が変わらない・全てに神経を尖らせている→「自然な自分ではいけない。」という自己否定のサイン,182094,4,子供のころに否定され続けた、のところがしっくりきすぎて涙が出ました。アプローチ方法、ゆっくりチャレンジ中です。,@yocchi2251,2024-01-31T12:05:34Z,a7x8US7Rwj4
【完璧主義】ひとり反省会・人生が変わらない・全てに神経を尖らせている→「自然な自分ではいけない。」という自己否定のサイン,182094,4,まじで私にぶっささり動画です。何回も何回も生活の中で意識できるよう見てます。意欲的な完璧主義な人のモノマネを意識的にしてみると、本当に楽になるんです。自分を良くするためだけの努力ってこんなに楽で、なのに自分のためになるんですね。今まで誰かのための完璧主義だったと痛感します。あとは完璧主義を完璧に治そう！と思わないことを意識しないといけないです笑。,@minminzeminS2,2023-12-21T14:20:20Z,a7x8US7Rwj4
【完璧主義】ひとり反省会・人生が変わらない・全てに神経を尖らせている→「自然な自分ではいけない。」という自己否定のサイン,182094,4,自分はむしろテキトーすぎて完璧にできないことにコンプレックスを感じます。<br>いろんな人がいるもんですね。,@濡れわあなぷ,2023-12-28T06:57:59Z,a7x8US7Rwj4
【完璧主義】ひとり反省会・人生が変わらない・全てに神経を尖らせている→「自然な自分ではいけない。」という自己否定のサイン,182094,4,しくじりきいさん見たいです🤭,@punipunimama,2023-08-10T03:16:47Z,a7x8US7Rwj4
【自分軸と自分勝手の違い】わがままが気になる人へ。場面での対比を見て整理しよう,159398,4,自分の意見を言ったり、難しい要望は断るようにしていますが<br>「これはわがままなんじゃないか…？」と不安を覚えていました。<br>わがままではなく自己管理できている証と言っていただけてすごく安心しました。,@はっぱ-e5m,2025-03-31T05:13:00Z,htWuimTJmlQ
【自分軸と自分勝手の違い】わがままが気になる人へ。場面での対比を見て整理しよう,159398,4,人との衝突を恐れ我慢することが多かったです。<br>「私はこう思う」自分という大切な存在に自身を持ってI（アイ）メッセージで伝えることを実践します。<br>「ありがとうのカツアゲ」名言ですね。<br>分かりやすい動画配信ありがとうございます😊,@ホットコーヒー-j9m,2025-02-21T06:06:57Z,htWuimTJmlQ
【自分軸と自分勝手の違い】わがままが気になる人へ。場面での対比を見て整理しよう,159398,4,以前から「わがまま」と『あるがまま』にモヤモヤしていました。<br><br>「自分勝手」と『自分軸』に言い換えてみようと思います。<br><br>気付きをありがとうございました。,@ビサ-g7f,2024-02-14T21:45:42Z,htWuimTJmlQ
【自分軸と自分勝手の違い】わがままが気になる人へ。場面での対比を見て整理しよう,159398,4,動画を拝見して、家族に対しては自分軸で、会社の人や友達には他人軸だと気が付きました😮💦,@ほっとこーひー0141,2024-02-14T17:41:50Z,htWuimTJmlQ
【自分軸と自分勝手の違い】わがままが気になる人へ。場面での対比を見て整理しよう,159398,4,母親という立場から娘に「わたしはこうしてほしい」と伝えるのって少なからず圧があって自分勝手な気がしますがどうなんでしょうか？自分軸、他人軸以外にも立場上下の座標が社会にはある気がします。,@re-rere,2024-03-17T12:50:01Z,htWuimTJmlQ
【自分軸と自分勝手の違い】わがままが気になる人へ。場面での対比を見て整理しよう,159398,4,今の職場に来てから、他人軸になった、、、この通りに実践できれば、大好きだった自分に戻れるかも！,@eikoy6303,2024-02-18T13:10:20Z,htWuimTJmlQ
【人の力を拡大する人と縮小する人】自分自身との接し方・他者との接し方を見つめてみよう。力を縮小する人の背景は、そばにいた人の影響。,155676,4,自分が力を与えられたり奪われたりする側として聞くとすんなり聞ける話だけど、自分が力を奪う人にならないように、力を与える人にならなければ、と思って聞くと疲れてしまうね。,@meou12,2024-03-15T12:49:31Z,ZFr_SycknUk
【人の力を拡大する人と縮小する人】自分自身との接し方・他者との接し方を見つめてみよう。力を縮小する人の背景は、そばにいた人の影響。,155676,4,自分軸か他人軸かというところと似ていますね。<br>競争社会や画一的なシステムの中ではそれが必要だったり求められる事もありますが、今一度どういう向き合い方をしているかと客観視することが大事ですね。このイラストを印刷して貼り付けたいぐらい。<br>ずっと日本社会に蔓延してる誹謗中傷や不寛容さというものはここと関連していると思います。,@demian0125,2025-01-23T22:23:21Z,ZFr_SycknUk
【人の力を拡大する人と縮小する人】自分自身との接し方・他者との接し方を見つめてみよう。力を縮小する人の背景は、そばにいた人の影響。,155676,4,でも実際の人間はこの2つに極端に分かれるんじゃなくて、もっと複雑に混ざり合ってるんだよね。<br>拡大派も縮小派の人も、その時の気分や相手によって態度は少なからず変わる人の方が圧倒的に多いと思うな。,@haru6773,2024-03-17T09:51:55Z,ZFr_SycknUk
【人の力を拡大する人と縮小する人】自分自身との接し方・他者との接し方を見つめてみよう。力を縮小する人の背景は、そばにいた人の影響。,155676,4,書籍購入しました!<br>これから動画みながら勉強します!,@Pastalien,2024-02-21T14:00:32Z,ZFr_SycknUk
【人の力を拡大する人と縮小する人】自分自身との接し方・他者との接し方を見つめてみよう。力を縮小する人の背景は、そばにいた人の影響。,155676,4,問題は、当てはめ間違いをして大事なことを解釈違いして<br>排除する人が多すぎて😢<br>本当に大事なことを、<br>答えを答えと認識出来ない人がおかしな方に行ってる人だらけ😢聞く力、内容を見極める力がない思い込みが強い人が多いと感じます,@いおうジャマイカアえて,2024-03-02T09:51:21Z,ZFr_SycknUk
【人の力を拡大する人と縮小する人】自分自身との接し方・他者との接し方を見つめてみよう。力を縮小する人の背景は、そばにいた人の影響。,155676,4,ここに無いけど、マジョリティーを嫌悪する人は❓❓<br>癒やしよりもぶっ壊す選択肢を選ぶ人もいます。,@れいわトーク,2024-03-01T09:06:15Z,ZFr_SycknUk
【人の力を拡大する人と縮小する人】自分自身との接し方・他者との接し方を見つめてみよう。力を縮小する人の背景は、そばにいた人の影響。,155676,4,正論を言われて嫌なのはなぜでしょう？それを乗り越えられないのはなぜでしょう？優しく接っせられればのびのびできるといい続けるのはなぜでしょう？大人になりたいものです。,@misaotarou1,2024-03-05T23:11:32Z,ZFr_SycknUk
【アダルトチルドレン】克服の一歩は自己理解。心の平穏を取り戻すため自分に目を向け、心の声に耳を傾けよう。【AC】,151938,4,自分が事故物件のような思いでいつも過ごしていて、家族にもババを引かせたと思ってしまいます。<br>両親共にアダルトチルドレンだろうなと思い始めたのは大人になってから。幼少期はそれなりに壮絶な人生だったようで。<br>憎みたいけど、心の底からは憎めず、気持ちが消化できないんです。<br>心の自立したいけど、どうしたらいいのか…。<br>人生半分過ぎたような年齢ですが、まだまだ幼い自覚があります。自分への十字架、早く外したいです…。,@鈍草-z1k,2025-07-08T12:06:42Z,usIp41t_vo0
【アダルトチルドレン】克服の一歩は自己理解。心の平穏を取り戻すため自分に目を向け、心の声に耳を傾けよう。【AC】,151938,4,本当に少しずつ極端な特徴が和らいでいっているのを感じます。<br>しかし、自己否定だけは根強くまだまだ強く残っています。<br>もっと変わっていけるかな…。,@mo3623,2025-02-27T18:08:34Z,usIp41t_vo0
【アダルトチルドレン】克服の一歩は自己理解。心の平穏を取り戻すため自分に目を向け、心の声に耳を傾けよう。【AC】,151938,4,自分はパターンが違うと思いますが、アダルトチルドレンだと思います。両親はとてもいい両親を持ったと思っていますが、中学から寮に入る事になってから、小学生に毛が生えた程度の人間で足りてない所がいくつもあったことは分かっていたんですが、当時の中学の先輩からキモイとか気持ち悪いとか、いかにも自分が失敗作だと言うことを言われ続けてそれまではあった(だろう)自己肯定感や自分を大切に思う心が無くなってしまって、今でもほんとに些細なコミュニケーションでも自分を俯瞰的に見てキモくなかったか考えたり、自分という存在が恥ずかしくなってしまったりしてどうしようもなくネガティブになってしまいます。また、そういったコミュニケーションに気疲れしたり、心から楽しめることが無くなってしまったことが原因だと思うのですが軽度の鬱と診断されて、今はまだ落ち着いているのですがまたこうなるかもしれないと思うと、自分の人生ほんと救いがないなと思ってしまいます。<br>どうすればこの地獄から抜け出せるのでしょうか。もしくは一生この気持ちと付き合っていかなければ行けないのでしょうか。もう人を意識するのが辛いです。,@いち-u7n,2025-03-06T02:03:16Z,usIp41t_vo0
【アダルトチルドレン】克服の一歩は自己理解。心の平穏を取り戻すため自分に目を向け、心の声に耳を傾けよう。【AC】,151938,4,機能不全家族の定義を聞いて、私もそうだったんだ、って今思えました。<br>安心する居場所、なかったですね😂普通のサラリーマン中流家庭だったし、家も割と裕福な方だったけど、心は貧しかった。今母はアルコール依存ぽいし、毎晩睡眠薬なしでは寝れない両親。私の辛かった気持ちを話しても受け入れられない。だけど子供にとっては祖父母だから今度会わせてあげた方が良いのか悩んでます💦,@user-du4nf7iw4q,2024-11-19T12:06:01Z,usIp41t_vo0
【共依存】人間関係のストレスや問題の背景。自分の価値を感じられなければ心が保てない。自己犠牲して周りを優先、人をコントロールしたり人を依存させる。,132084,4,今、母が入院していて、実家で生活している父や姉が私がいないと困ることがあるので、今離れたら薄情な娘だと思われるんじゃないかってずっと頭の中が家族のことでぐるぐるしている。<br>自分のメンタルがキツイから離れたいけど、後の心配が優って行動に移せない...。,@箭南郡,2025-08-20T09:43:07Z,mxqVWLBiV3k
【共依存】人間関係のストレスや問題の背景。自分の価値を感じられなければ心が保てない。自己犠牲して周りを優先、人をコントロールしたり人を依存させる。,132084,4,1個前の彼氏とは、共依存関係になっていたと思います。<br>そして私は自由奔放にそれに甘えてた側でした。<br>この場合、自分はどういうことを意識すればいいのでしょうか,@さかな-u5c,2024-06-10T16:07:39Z,mxqVWLBiV3k
【共依存】人間関係のストレスや問題の背景。自分の価値を感じられなければ心が保てない。自己犠牲して周りを優先、人をコントロールしたり人を依存させる。,132084,4,自分の点数が100点…！？そんなことありえない…本当に100点付けていいのでしょうか…,@user_miru_m,2024-03-14T10:40:13Z,mxqVWLBiV3k
【共依存】人間関係のストレスや問題の背景。自分の価値を感じられなければ心が保てない。自己犠牲して周りを優先、人をコントロールしたり人を依存させる。,132084,4,ありがとうございます,@太陽-b2z,2024-02-28T13:26:08Z,mxqVWLBiV3k
【認知の歪み】超身近な苦しくなる思考の癖。認知の歪みとは？10種類の例と改善に向けた対応,130279,4,認知の歪み、全部ありますが、気づいてからはだんだん小さくはなりました。10年くらいはかかっているかもしれません。完全に消えることはなさそうですが問題ないくらい薄まりました。,@ryuko-h6g,2024-03-11T13:12:44Z,AxlcavvWwYk
【認知の歪み】超身近な苦しくなる思考の癖。認知の歪みとは？10種類の例と改善に向けた対応,130279,4,ある時自分の日記を見返してみると、日記にさえ10種類の認知の歪みが文に表れていることがわかりました。無意識レベルで染み付いてしまっている恐ろしさを感じましたが、まずは自覚できて良かったです。,@gawami5880,2023-12-24T15:47:16Z,AxlcavvWwYk
【認知の歪み】超身近な苦しくなる思考の癖。認知の歪みとは？10種類の例と改善に向けた対応,130279,4,ネガティブな感情を手ばなす訓練ができるようになる🙋‍♀️,@トモ-u9d,2023-11-25T15:52:51Z,AxlcavvWwYk
【認知の歪み】超身近な苦しくなる思考の癖。認知の歪みとは？10種類の例と改善に向けた対応,130279,4,認知が歪んでいる自覚はあったので、言語化してくれてすごくありがたいです！ほとんど当てはまっていました。<br>過去は自分を守らなければいけないほど辛い事もあったので、こういう癖がついたと思います。<br>これからは少しずつでも歪み直していきたいです。一進一退になるかなと思いますが、、、また動画を見て参考にさせていただきたいと思います。ありがとうございました。,@たろきちtarokichi,2024-01-12T13:27:21Z,AxlcavvWwYk
【認知の歪み】超身近な苦しくなる思考の癖。認知の歪みとは？10種類の例と改善に向けた対応,130279,4,10個ぜんぶ当てはまっていて<br>これ一個も当てはまらない人間がこの世にいる世界もあるって事...！？って驚きと自分への落胆,@amorigoto,2023-11-23T23:37:03Z,AxlcavvWwYk
【投影】他人(外側)に自分の感情・欲求や過去を映し出す。＝自分流に解釈している。人間関係や自己理解のために「投影」をチェックしてみましょう,121833,4,素敵なお声ですね！,@amelie-pudding,2024-07-07T23:20:56Z,4StA-DDlEfk
【敵意帰属バイアス】自分を嫌っているんだと誤解・攻撃されたと誤解をしやすい。自己成長や対人関係の弊害。不信感。まずは傾向に気づくこと。,107541,4,周りに対して過剰に敵意を感じて否定的だったり尖ったことを言ったり自分を卑下する友達がいます　<br>人に嫌われる…自分を守らなきゃという不安でビクビクしながら噛み付いているように見えます<br>私はその子の素敵なところをいっぱい知ってるから「別にそのままでも十分なのに　もっとどっしり構えて甘えてくれていいのに　不安は人に伝わるし、それを隠そうと気を張ってるのもバレてるのに」ともどかしい気持ちです　本当にそんな意図はなくむしろ心地よく過ごそうとしてるのに被害妄想なのは疲れます　そのムーブを続けてると同じような人ばかりが集まってきて余計にストレスになるから自分で抜け出してほしい気持ちです　支えたいと思うけどこれより酷くなるなら距離をとります,@nno815,2025-07-19T02:34:46Z,_uTgEER207c
【敵意帰属バイアス】自分を嫌っているんだと誤解・攻撃されたと誤解をしやすい。自己成長や対人関係の弊害。不信感。まずは傾向に気づくこと。,107541,4,普段いろんな人から愚痴や悪態(自分に対してではなく、他者に対しての悪態を自分に聞かせるかの如く強く声に出して独り言を言う)を聞かされることが多く、これだけ自分の前で言ってるのだから、自分のことも言うであろうと、何かあると馬鹿にしてるんだなと思ってしまう。本当は何にも思いたくない。感情を動かされたくない。,@Schn_Leooooo,2025-04-06T08:21:24Z,_uTgEER207c
【敵意帰属バイアス】自分を嫌っているんだと誤解・攻撃されたと誤解をしやすい。自己成長や対人関係の弊害。不信感。まずは傾向に気づくこと。,107541,4,頭でわかってても、怖くて困っているところでした。,@レモン-h3j,2024-04-23T08:03:18Z,_uTgEER207c
【敵意帰属バイアス】自分を嫌っているんだと誤解・攻撃されたと誤解をしやすい。自己成長や対人関係の弊害。不信感。まずは傾向に気づくこと。,107541,4,AもBもあります。ここ最近はB強めですけど…。多分Aの裏返しですね。生きていくのが辛いことの連続なので、10年以上歳が離れてる中高生とかにもいちいちビクビクするし、老若男女全部に怯えます。そのうち一部が攻撃的な怒りになります。<br>…だからこの動画見ていて、『いかがでしょうか』って言われる度に（私のことじゃんw）ってなりました笑<br>個人的には<br>理解しよう、としてくれるだけで凄く嬉しいです…。<br>どうやったらこんなふうに優しくなれるんだろうな…,@ゆる紅茶,2024-07-01T09:39:46Z,_uTgEER207c
【敵意帰属バイアス】自分を嫌っているんだと誤解・攻撃されたと誤解をしやすい。自己成長や対人関係の弊害。不信感。まずは傾向に気づくこと。,107541,4,信頼してた人に裏切られた場合の対処法があれば動画にしてほしいです😢,@mkomkokmko,2024-04-13T06:36:56Z,_uTgEER207c
すぐ臨戦体制になり食ってかかりやすい心の癖。人を敵に思いやすい「敵意帰属バイアス」② #心理学 #人間関係 #ストレス #教養,105721,4,自分常にこれです…やめたいのにやめられない。つらいし悔しいし悲しいし…,@blacksugar-s10,2025-10-16T10:43:17Z,wsR2RjpGWDg
すぐ臨戦体制になり食ってかかりやすい心の癖。人を敵に思いやすい「敵意帰属バイアス」② #心理学 #人間関係 #ストレス #教養,105721,4,求めてないのに、立場関係も含めて、イラ💢っと来る時もありますね😅<br>みんなそれぞれに価値観があるので。<br>バカにしてないですよって、淡々と伝えるしかないし、自分が年上なり立場が上なら尚更、承認してあげる事しかできません。,@tim33_26,2025-07-17T07:37:20Z,wsR2RjpGWDg
すぐ臨戦体制になり食ってかかりやすい心の癖。人を敵に思いやすい「敵意帰属バイアス」② #心理学 #人間関係 #ストレス #教養,105721,4,旦那だーー。,@鈴木梓-p9y,2025-06-16T08:07:17Z,wsR2RjpGWDg
【回避傾向】自分を生きることから逃げる。失敗、責任、批判、恥、人を傷つける恐れなどを最優先にして人生が停滞する,103401,4,こういう思いがあるのに変に挑戦する自分が嫌い,@ゆゆゆ-k6r6n,2025-03-20T13:31:59Z,khgpg2jcUCE
【回避傾向】自分を生きることから逃げる。失敗、責任、批判、恥、人を傷つける恐れなどを最優先にして人生が停滞する,103401,4,サムネ見て自分すぎてびっくりした,@熊岡31797,2025-02-07T23:24:06Z,khgpg2jcUCE
【人に依存しすぎている人】自分に主導権がなくなっている・人に何かしてもらうことを求めすぎる人（自立しなさすぎている状態）,91609,4,母親が何でもやってくれる家庭だったので、子供時代は自分が依存体質でした。中学校から自我に目覚め、自発的になってきました。<br>約50年、依存体質の友人に、依存され続けました。還暦過ぎても依存してきたので、その後手紙で絶縁しました。<br>すっきりしました。,@Imyme1670,2025-05-15T11:32:22Z,27c9_QRTctI
【人に依存しすぎている人】自分に主導権がなくなっている・人に何かしてもらうことを求めすぎる人（自立しなさすぎている状態）,91609,4,過干渉過保護が愛情の裏返しだと書き換えは出来ましたが、自分の生きる理由、目的までは見つけられていません。欲もないんですが、どうして生きていたらいいですか,@Jeanne_31714,2024-01-19T05:26:01Z,27c9_QRTctI
【強い劣等感】落ち込みが止まらない、すぐ人と比較、頑張りすぎてしまう、自分を守るために攻撃・敏感になりやすい、理想やプライドが高くなる。,84076,4,趣味や好きなことはあって、それをしてる時はハッピーです。<br><br>人に褒められたり好かれたりするのも私にとって嬉しいことです。<br>その結果か、見放されるのが怖いと感じます。見放されたり嫌われたりすると自分の存在を否定してしまいます。<br>どうしても割り切ることが出来なくて…できることならやっちまおうと考える欲張りなんです😭,@ふきのとう-o8y,2024-08-26T23:55:59Z,3BV7aU3Dl8w
【強い劣等感】落ち込みが止まらない、すぐ人と比較、頑張りすぎてしまう、自分を守るために攻撃・敏感になりやすい、理想やプライドが高くなる。,84076,4,自分は全くモテないので人間性そのものが確定でダメです,@ゆばぁば-b5f,2024-05-16T08:54:27Z,3BV7aU3Dl8w
【強い劣等感】落ち込みが止まらない、すぐ人と比較、頑張りすぎてしまう、自分を守るために攻撃・敏感になりやすい、理想やプライドが高くなる。,84076,4,すごく寄り添ってくれるような優しくて落ち着く話し方で自分と素直に向き合いたいと心から思える素敵な動画でした。最近ずっと劣等感に押しつぶされそうで心がずっと忙しかったので、この動画に出会えて良かったです。ありがとうございます☺️,@ぴぴぴぴ-i2k,2024-04-22T09:05:29Z,3BV7aU3Dl8w
【強い劣等感】落ち込みが止まらない、すぐ人と比較、頑張りすぎてしまう、自分を守るために攻撃・敏感になりやすい、理想やプライドが高くなる。,84076,4,この動画も含めてなのですが、動画のサムネイルがとても素敵な画像にみえるので、拡大してみたいです。動画の最後3秒などでいいので入れていただけたら嬉しいです。最近、YouTube、拡大再生できるので一時停止して拡大してみます！,@ryoryo9239,2024-04-18T18:22:13Z,3BV7aU3Dl8w
【日常に残る心の影響】知らないで自分を否定したり、現実とのギャップを起こし続けていませんか？大事な自分を理解・受容・幸せへ。,83800,4,本当に自意識過剰すぎて辛い<br>常に家以外だと気が抜けない,@プププ-i7h,2025-09-14T03:08:09Z,cNzvBWkhm3Y
【日常に残る心の影響】知らないで自分を否定したり、現実とのギャップを起こし続けていませんか？大事な自分を理解・受容・幸せへ。,83800,4,全体的に当てはまる事が多かったです。<br>「好きな事なら突き詰めて職業にすればいい、その為に勉強すればいい」と母に言われて育ちましたが、自分が本心から学びたいこと、やりたい事が分からず、結局「周囲の大人が喜ぶこと」ばかり選んでしまった気がします。<br>大学は好きな分野を選んだつもりですが、父が早くに退職してしまい学費が払えず、同級生とも上手くいかず中退しました。その辺りで心が折れました。<br><br>未だに「自分の中の正解」が分かりません。何を選んでも不正解のように感じます。自分自身を縛り付けているんでしょうね。,@こっこ3-e4f,2025-10-21T14:29:36Z,cNzvBWkhm3Y
【日常に残る心の影響】知らないで自分を否定したり、現実とのギャップを起こし続けていませんか？大事な自分を理解・受容・幸せへ。,83800,4,聴覚過敏と端的に伝える事が当てはまります!後遺症だったとは、、。きい先生ありがとうございます!,@コットン-d7p,2025-08-21T12:30:04Z,cNzvBWkhm3Y
【日常に残る心の影響】知らないで自分を否定したり、現実とのギャップを起こし続けていませんか？大事な自分を理解・受容・幸せへ。,83800,4,言われてることほとんど当てはまるのに、特に親に悪いことされた覚えがない🤔ガチで子供時代の記憶がない🤔,@ちーこさん_4964,2025-09-21T15:21:41Z,cNzvBWkhm3Y
"【なぜか優しくできない,怒りが湧く】家族／恋人／子ども／近しい人にほどキツく強く当たってしまう心理",683700,3,普段善人願望によって人に尽くしてすり減るからこそ、大切な人とか対等でいたい相手には、他の人に尽くしてた分の傷跡も含めて治して欲しいと思っちゃうんだよね,@暁-w2d,2026-01-19T04:18:07Z,FpcoL2PZ9zY
【抱え込みすぎ】「私がやらなきゃ」「何でもできなきゃ」、気を使いまくり、自分が人や状況を操作したい→限界を超えて心が崩れる,664306,3,特徴がドンピシャで言語化されて納得しました。,@yuki_sakeya,2025-05-31T12:50:01Z,Gaps0b_VXIU
【抱え込みすぎ】「私がやらなきゃ」「何でもできなきゃ」、気を使いまくり、自分が人や状況を操作したい→限界を超えて心が崩れる,664306,3,「真面目だね」「 良い子だね」は自分を縛る呪いの言葉,@ちょこみんと-e8x,2025-01-28T13:41:15Z,Gaps0b_VXIU
【抱え込みすぎ】「私がやらなきゃ」「何でもできなきゃ」、気を使いまくり、自分が人や状況を操作したい→限界を超えて心が崩れる,664306,3,まさにこれだー<br>おかげで希死念慮,@あいうえお-y2x9v,2025-02-27T12:37:41Z,Gaps0b_VXIU
【自立しすぎている人】頼れない、任せない、甘えられない。孤独と傷つきを抱え込んできた人,376235,3,周りが頼りなさすぎるから仕方ないよね…。,@koske_768,2025-11-15T02:58:00Z,Rtfu2tdV6Ks
【自立しすぎている人】頼れない、任せない、甘えられない。孤独と傷つきを抱え込んできた人,376235,3,コントロール欲求というよりも、『やるならちゃんとやらなきゃ』と言う気持ちが強い。<br>後で文句言われるのも本当に嫌なので。<br>上司（身内）に期待しては裏切られ続けての今。<br>この頃は適応障害じゃないかと思うくらい顔を合わせるのものも苦しい。,@tomo-oo1wz,2025-07-03T11:18:03Z,Rtfu2tdV6Ks
【自立しすぎている人】頼れない、任せない、甘えられない。孤独と傷つきを抱え込んできた人,376235,3,相談したところで最終決断するのは自分だから意味ないと思って人頼れない,@SG-of4fv,2023-11-16T10:12:54Z,Rtfu2tdV6Ks
【自立しすぎている人】頼れない、任せない、甘えられない。孤独と傷つきを抱え込んできた人,376235,3,他人に頼られたら普通に協力するけど自分はほぼ頼らない<br>頼ることに罪悪感というか引け目を感じる<br>甘えすぎ＆調子のいい子供みたいなマインドの大人は吐き気がするくらい嫌い,@unknown-it8pj,2025-10-23T11:34:53Z,Rtfu2tdV6Ks
【自立しすぎている人】頼れない、任せない、甘えられない。孤独と傷つきを抱え込んできた人,376235,3,母親に否定されて育って、相談しても共感されずに拒絶されてしまったりしていたから、その点で甘えられない環境にあったのかなと思う。社会に出た今、なりたかった自分との葛藤が辛すぎる。ちゃんと甘えられる、安心できる環境で育った人が本当に羨ましい。,@tnk773,2025-05-12T10:59:48Z,Rtfu2tdV6Ks
【自立しすぎている人】頼れない、任せない、甘えられない。孤独と傷つきを抱え込んできた人,376235,3,人に頼ったらかえって面倒なことになって結局自分でやるハメになって迷惑するのに恩だけ着せられるから嫌　頑張ってるんだねとか言われるのはマジでむちゃくちゃ嫌,@もも-h6f1j,2023-11-04T10:07:53Z,Rtfu2tdV6Ks
【自立しすぎている人】頼れない、任せない、甘えられない。孤独と傷つきを抱え込んできた人,376235,3,コントロール欲求が強いという解釈は自分にとって新しかったです。勉強になりました。<br>動画ありがとうございます😊,@chammy9474,2024-02-15T15:52:35Z,Rtfu2tdV6Ks
【自立しすぎている人】頼れない、任せない、甘えられない。孤独と傷つきを抱え込んできた人,376235,3,こう言う人に限ってずる賢い人に利用されるんだよなぁ。<br>見ていると、人間嫌いになるようなぐらいずる賢い人だから、やめた方がいいと思うんだよなぁ。,@宿谷岳夫,2024-07-29T05:51:32Z,Rtfu2tdV6Ks
【選ぶ権利がある】近くにいる方がいい人と、遠ざける方がいい人【割合と頻度を見てね】,256269,3,遠ざけたほうがいい人｡まさに、舅姑小姑がそういう人たちでした。なのに、長年😓嫁だからと無駄に頑張ってきていましたが、さすがに姑に「同居して私たちの世話、介護をして」と言われた時に初めて、嫌です‼️と言えました。<br><br>もう今は、距離をとって関わらないようにしています。<br>人間関係の距離感と選別することは、とても大事ですね。😊,@masamit6647,2024-03-18T21:33:29Z,7tTBN-Ul_Pg
【選ぶ権利がある】近くにいる方がいい人と、遠ざける方がいい人【割合と頻度を見てね】,256269,3,恋人に対してだけは自己犠牲してしまう😣<br>自己肯定感不足なのですね。<br>求められると嬉しい、、、苦しくても我慢してしまう、、まさに。,@cs.630,2024-01-17T22:19:54Z,7tTBN-Ul_Pg
【選ぶ権利がある】近くにいる方がいい人と、遠ざける方がいい人【割合と頻度を見てね】,256269,3,ほぼ幹事。<br>疲れちゃった。<br>お遊びごっこはおしまいです。<br>共感できたり、自分に刺激をくれたり、元気をくれる人と付き合います。,@わかな-o3y,2024-06-20T00:41:46Z,7tTBN-Ul_Pg
【選ぶ権利がある】近くにいる方がいい人と、遠ざける方がいい人【割合と頻度を見てね】,256269,3,「友だち100人できるかな」は、呪いです！って断言していいんだ！！「確かにそうだ！」って思えた自分にもちょっとビックリしてます。,@シャケ-301,2024-04-17T21:00:24Z,7tTBN-Ul_Pg
【選ぶ権利がある】近くにいる方がいい人と、遠ざける方がいい人【割合と頻度を見てね】,256269,3,"<a href=""https://www.youtube.com/watch?v=7tTBN-Ul_Pg&amp;t=942"">15:42</a> つい最近、そういう類のイベントがあって、参加しようかどうか迷いに迷って、結局不参加という判断をとったのですが、後ですごく後悔しました。でも、冷静に考えると、今は今のままで精一杯なので、それで良かったと思っています。それをきちんと言語化してくださって感謝しています。ありがとうございます。<br><br><a href=""https://www.youtube.com/watch?v=7tTBN-Ul_Pg&amp;t=1517"">25:17</a> これ、日ハムの新庄監督が「失敗したら監督のせいなんだから、伸び伸びやりなさい」って言っているのと同じだね。部下はこういうこと言われると、確かに肩の荷が降りるかもしれない。",@あいすりー,2024-03-20T14:03:33Z,7tTBN-Ul_Pg
【選ぶ権利がある】近くにいる方がいい人と、遠ざける方がいい人【割合と頻度を見てね】,256269,3,耐えることと努力は違う・・・自分なんかといてくれるんだから・・・そう思いがちでした。考え方を改めようと思いました！あと、遠ざけた方がいい人の特徴に母がめっちゃ当てはまってて、やっぱり離れた方が良かったんだろうなぁと思いました。（お金の無心は無いけど）,@keitorikka2153,2024-01-16T07:15:17Z,7tTBN-Ul_Pg
【選ぶ権利がある】近くにいる方がいい人と、遠ざける方がいい人【割合と頻度を見てね】,256269,3,四年間、繋がらない方がいい人と恋人もどきのような関係を続けていました。<br>自分でも自覚はありつつ、自己肯定感の低さを楽にしたくて無理して続けてきてましたが、<br>この四年でめちゃくちゃメンタル悪化しました😂笑笑<br>ようやく関係を切ることができましたが、この動画の繋がらない方がいい人にことごとく全部当てはまっていて<br>改めて本当にやばいやつだったんだな、と自覚することができてよかったです笑笑<br><br>次に一緒にいるひとは、前者の特徴に当てはまるような人を意識的に選ぼう、と決意いたしました！！✊<br>幸せになるぞ〜！,@kero327chi2,2024-08-25T21:10:49Z,7tTBN-Ul_Pg
【選ぶ権利がある】近くにいる方がいい人と、遠ざける方がいい人【割合と頻度を見てね】,256269,3,某自身が人を遠ざけるようなことしたり、なかなか人を選べなかったりする部分があります………,@kane-you-0124,2023-11-14T03:50:56Z,7tTBN-Ul_Pg
【選ぶ権利がある】近くにいる方がいい人と、遠ざける方がいい人【割合と頻度を見てね】,256269,3,最近感じる付き合いたい人と関わりたくない人の違いはなんだろう…なるべく好き嫌いせず関わらなくちゃって思ってたけど。私はこれでいいんだと思えました！,@Chii-x3v,2023-12-04T08:34:57Z,7tTBN-Ul_Pg
【選ぶ権利がある】近くにいる方がいい人と、遠ざける方がいい人【割合と頻度を見てね】,256269,3,急におすすめに出てきました😊<br>直ぐフォローしました✨✨✨<br>無理に繋がるって心がしんどいし<br>しんどい時間は辛いので心に負担をかけないで生活していきたいです😌,@コンビタマヌカハニー,2023-12-10T05:55:56Z,7tTBN-Ul_Pg
【自己愛性パーソナリティタイプ】自分は特別・自分は悪くない・トンデモ行動。自己愛が強い人への対処と改善までご紹介。／ナルシスト、話を聞かない、押し付け、支配的,234791,3,甘やかしても厳しくしてもダメ…子育てでこれを避けるのは難しい,@brqryo1,2024-03-25T05:14:47Z,9ZqyqvABW_8
【自己愛性パーソナリティタイプ】自分は特別・自分は悪くない・トンデモ行動。自己愛が強い人への対処と改善までご紹介。／ナルシスト、話を聞かない、押し付け、支配的,234791,3,10年来の友人がこういう人で、私は絶縁しました。私自身も自己肯定感が低かったので、このまま付き合いが続くと自分にとってマイナスになると思ったからです。<br>家族や職場の人は選べませんから、対処しながら付き合っていかなくてはいけないから大変ですね…,@usako4041,2025-04-20T15:20:39Z,9ZqyqvABW_8
【自己愛性パーソナリティタイプ】自分は特別・自分は悪くない・トンデモ行動。自己愛が強い人への対処と改善までご紹介。／ナルシスト、話を聞かない、押し付け、支配的,234791,3,縁切ってよかったとしか思えないです。自信ないのに攻撃的すぎる,@花山良太,2024-10-31T16:33:21Z,9ZqyqvABW_8
【自己愛性パーソナリティタイプ】自分は特別・自分は悪くない・トンデモ行動。自己愛が強い人への対処と改善までご紹介。／ナルシスト、話を聞かない、押し付け、支配的,234791,3,そういった人が周りにいる。<br>プラスかマイナスか。白か黒か。劣等感の固まりをぶつけてきたのでびっくりした。<br>笑顔を見た時、蛇が内面に宿っているような顔だった。色々分かる。,@yn-qm2ps,2024-11-21T04:13:26Z,9ZqyqvABW_8
【自己愛性パーソナリティタイプ】自分は特別・自分は悪くない・トンデモ行動。自己愛が強い人への対処と改善までご紹介。／ナルシスト、話を聞かない、押し付け、支配的,234791,3,"<a href=""https://www.youtube.com/watch?v=9ZqyqvABW_8&amp;t=919"">15:19</a>　言い方優しすぎてめちゃ涙でた。ありがとうございます。",@ねこころ-v8b,2024-02-29T01:44:54Z,9ZqyqvABW_8
【愛情と依存の違い】&quot;好き&quot;と混同しやすい&quot;依存&quot;の特徴とは？自分軸で与える愛と、他人軸 or 自己満足で埋めようとする愛。  〜グラデーションで考える〜,211779,3,好きじゃないけど好きになれるかな…って人と付き合った時は結果的に依存心ばっかり芽生えて辛かったな…ちゃんと好きだなぁって人と付き合うとめちゃくちゃ楽しくてこれが愛情か〜ってなってます✨✨,@珈琲-k8b,2025-12-03T22:52:54Z,Ui7jIx_0sIU
【愛情と依存の違い】&quot;好き&quot;と混同しやすい&quot;依存&quot;の特徴とは？自分軸で与える愛と、他人軸 or 自己満足で埋めようとする愛。  〜グラデーションで考える〜,211779,3,凄く的確で分かりやすかったです。<br>私はネグレクト出身なので、愛という感情は分からずやはり相手に依存する傾向です。<br><br>子供には何とか愛情という感情が分かって貰えるようなって欲しいと願います。,@石田俊喜,2025-10-08T22:31:18Z,Ui7jIx_0sIU
【愛情と依存の違い】&quot;好き&quot;と混同しやすい&quot;依存&quot;の特徴とは？自分軸で与える愛と、他人軸 or 自己満足で埋めようとする愛。  〜グラデーションで考える〜,211779,3,時々、右図の自分も出てくるけど、基本的自分スタイルモードになったら左の自分になる。,@omm-b3k,2025-02-23T00:47:47Z,Ui7jIx_0sIU
【愛情と依存の違い】&quot;好き&quot;と混同しやすい&quot;依存&quot;の特徴とは？自分軸で与える愛と、他人軸 or 自己満足で埋めようとする愛。  〜グラデーションで考える〜,211779,3,"<a href=""https://www.youtube.com/watch?v=Ui7jIx_0sIU&amp;t=771"">12:51</a> こちらで話している参考にできる動画を教えていただきたいです",@えりえってぃ,2025-11-19T22:49:10Z,Ui7jIx_0sIU
【愛情と依存の違い】&quot;好き&quot;と混同しやすい&quot;依存&quot;の特徴とは？自分軸で与える愛と、他人軸 or 自己満足で埋めようとする愛。  〜グラデーションで考える〜,211779,3,"<a href=""https://www.youtube.com/watch?v=Ui7jIx_0sIU&amp;t=130"">2:10</a> 鬱病の元彼が依存体質です。別れを告げられ受け入れましたが、未練がましく病みLINEが。遠距離なので家族や友人を頼ってと助言しましたが、希死念慮が強く安易にブロックできなくて正直怖いです…😢",@nanana0714,2025-12-06T11:52:30Z,Ui7jIx_0sIU
【愛情と依存の違い】&quot;好き&quot;と混同しやすい&quot;依存&quot;の特徴とは？自分軸で与える愛と、他人軸 or 自己満足で埋めようとする愛。  〜グラデーションで考える〜,211779,3,恋愛感情のせいでうつ病になってしまったらどうすりゃいい😊,@海夜月村,2025-10-16T11:22:38Z,Ui7jIx_0sIU
【完璧主義】ひとり反省会・人生が変わらない・全てに神経を尖らせている→「自然な自分ではいけない。」という自己否定のサイン,182094,3,めっちゃ当てはまってしまう。<br>褒められても、でも本当はそう思ってないでしょ？って思ってしまって外側に壁を作ってしまったり、自然体が今全くわからない。誰かといる時は常に演じてしまう。だから何も考えず人に従いたくなってしまうし、自分軸ってなんだろう？自分を作ってるのは他人の評価としか思えなくて辛いです。,@kano6961,2025-11-27T13:44:48Z,a7x8US7Rwj4
【完璧主義】ひとり反省会・人生が変わらない・全てに神経を尖らせている→「自然な自分ではいけない。」という自己否定のサイン,182094,3,まさに私だと思いました。幼少期に寄り添うことに気づけました。ありがとうございます😭,@jayu09011,2024-02-27T00:01:35Z,a7x8US7Rwj4
【完璧主義】ひとり反省会・人生が変わらない・全てに神経を尖らせている→「自然な自分ではいけない。」という自己否定のサイン,182094,3,ちゃんとしないと！と気を張ることに全力で、作業を覚えたり正しく処理することができない…人に迷惑がかかるので、どこに行っても必ず嫌われます。なーんだ、みんな私のこと嫌いなら、もう気を配らなくても良いよねと思えてやっっと仕事ができるようになるという悪魔のような性格悪人間、それが私…絶対人がやらないありえないミスをする、何をするにもセンスがない、どうしようもないんです…,@5515bu9dn,2024-03-02T16:04:03Z,a7x8US7Rwj4
【完璧主義】ひとり反省会・人生が変わらない・全てに神経を尖らせている→「自然な自分ではいけない。」という自己否定のサイン,182094,3,親に『結果が全てだ』と叩き込まれて、大事にしている言葉を書く宿題にもそのフレーズを書いていた自分。小学校の頃からテストで満点じゃなかったら頭や壁を殴っていた自分。<br>12歳までに人格はある程度固まると聞いたこともあり、今でも無自覚に自分を苦しめる考え方が続いていて、そんな自分に突き刺さるような動画でした。<br><br>塾講師のアルバイトをしていて、前よりも解けた問題が多くなっているのに、できないところにばかり目が行ってしまいます。確かに、分からないを分かるに変えることが1番の仕事ではあるけれど、どこか高圧的に感じさせてしまっているのだろうなと思います。0ー100思考というよりは、-100ー0思考というのが近いです。できるのは当たり前、できないのはおかしい。そんな価値観の押し付けをさせてしまっていたら申し訳ないし、これでまたずっと反省している自分も情けないです。<br><br>過去はもう変えられないんだから、変えるのは未来、そして他人じゃなくて自分から。<br>言葉にすることで原動力にしていこうと思います。,@ladaar_,2024-10-13T12:25:50Z,a7x8US7Rwj4
【完璧主義】ひとり反省会・人生が変わらない・全てに神経を尖らせている→「自然な自分ではいけない。」という自己否定のサイン,182094,3,「一人反省会」というサムネの言葉で観にきました。<br>誰かと会話した後など、「相手の目線から自分がどう見えていたのか」をチェックする(妄想する)癖が付いてしまいました。所詮妄想なので答えなんてないし、自分の悪かった所を見つけたとて、戻ってやり直すこともできないとわかっているのですが。自分の考えや言動が「正解」かどうか、いつも気になってしまいます。そして悶々と妄想を繰り返す。<br>意味のない、時間の無駄だとわかっているし、明るい人間になりたいので(笑)、最近は自分で打ち止めするように気をつけてます。モヤモヤした気持ちは残るけど、これも訓練あるのみだと言い聞かせてます…<br>きいさんの動画で、ずっとわからなかった「自分軸と自分勝手の違い」などを知り、少しずつですが変わるきっかけになっています。もう良い大人なのにこんなことも知らずにいたのかと思ったりもしますが…<br>ありがとうございます😊,@em_a-u9c,2024-10-21T03:36:29Z,a7x8US7Rwj4
【完璧主義】ひとり反省会・人生が変わらない・全てに神経を尖らせている→「自然な自分ではいけない。」という自己否定のサイン,182094,3,腑に落ちるってこういう感覚なんだな〜って思いました。きいさんの言葉で泣きそうになりました🥲,@わたさくら,2023-12-22T23:50:54Z,a7x8US7Rwj4
【完璧主義】ひとり反省会・人生が変わらない・全てに神経を尖らせている→「自然な自分ではいけない。」という自己否定のサイン,182094,3,はじめまして。<br>私も幼少期、親からよく他の出来の良い子と比べられていました。そして、小学生の時、塾の（余り良く知らない）先生に大勢の前で突然田舎物だと皮肉を込めて大声で馬鹿にされた経験があります。<br>子供の自分がどうしようもない事で、知らない大人に攻撃された経験は、大人になった今でも大きな影響を残しています。完璧な家や部屋じゃないと人を呼べない。家を馬鹿にされることは自分を馬鹿にされている事と同じ感覚でした。完璧じゃないと自分は馬鹿にされる、認めてもらえない、他の人と同じになれない。そんな感覚がなかなか取れなくて、自分と周りを苦しめていて辛いです。,@ちび-m7q,2023-12-19T05:30:34Z,a7x8US7Rwj4
【完璧主義】ひとり反省会・人生が変わらない・全てに神経を尖らせている→「自然な自分ではいけない。」という自己否定のサイン,182094,3,男と女で教育の仕方が違う気がした,@佐藤久典-n8i,2023-12-15T08:23:39Z,a7x8US7Rwj4
【情緒的ネグレクト】親の“感情面への”無関心や関わりの薄さ。生きづらい子どもに多い、見えにくい精神的なネグレクトとは？,179891,3,自分だけ贅沢だと思ってたけど、思ったよりたくさんの人が自分と同じなんだとコメント欄を見て安心しました,@rpg1109-bva,2026-02-11T15:12:03Z,WN3RVQSf7l8
【情緒的ネグレクト】親の“感情面への”無関心や関わりの薄さ。生きづらい子どもに多い、見えにくい精神的なネグレクトとは？,179891,3,まさに今生きる気力が湧いてこなかったりメンタルが落ちてたり、心身ともに不安定なことが多いけど私もこの傾向があったのかもとちょっと気が楽になった😌,@こたつとみかん-x6l,2026-02-11T09:07:30Z,WN3RVQSf7l8
【情緒的ネグレクト】親の“感情面への”無関心や関わりの薄さ。生きづらい子どもに多い、見えにくい精神的なネグレクトとは？,179891,3,真夏に暑いと言ったら「暑いのはみんな同じ」と一蹴された記憶がふと蘇りました,@鮎川剛,2025-12-11T14:10:47Z,WN3RVQSf7l8
【自分軸と自分勝手の違い】わがままが気になる人へ。場面での対比を見て整理しよう,159398,3,日本語を勉強している外国人としてこの動画をみて、助かります！ありがとうございます！,@renanimimi,2024-04-01T14:56:52Z,htWuimTJmlQ
【自分軸と自分勝手の違い】わがままが気になる人へ。場面での対比を見て整理しよう,159398,3,人と意見が合わなかった時、勝手に自信も余裕もなくして「あーはいはいあなたって自分勝手」と決めつける「自分勝手」モードにならないよう気をつけたいな、と思いました。そういうすり替えしちゃうから本当に注意したい。でも常に冷静でいるのも難しいよね。,@AM201-r8d,2024-03-20T04:30:19Z,htWuimTJmlQ
【自分軸と自分勝手の違い】わがままが気になる人へ。場面での対比を見て整理しよう,159398,3,とても参考になりました！ありがとうございます😢<br>私はずっと人間不信で、対人恐怖症ですが、なんとなく少しだけ、考え方が改善できた気がします🎉,@HanamizukiMai,2024-03-24T23:30:45Z,htWuimTJmlQ
【自分軸と自分勝手の違い】わがままが気になる人へ。場面での対比を見て整理しよう,159398,3,"<a href=""https://www.youtube.com/watch?v=htWuimTJmlQ&amp;t=772"">12:52</a> <br>母親が、他人軸を自分で選んでいるのに③納得感がなく被害者意識があり、突然自分はこんなに頑張っているのに！と怒り出す(本人には言わない)人なので、頭で理解していたもののこのように言語化出来ていなかったので、この解説を聞いてスッキリしました。この動画を見てほしいくらいですが、それをすると被害者意識が増していくので伝え方を考えようと思います…。",@mii_qua,2024-03-20T14:07:42Z,htWuimTJmlQ
【自分軸と自分勝手の違い】わがままが気になる人へ。場面での対比を見て整理しよう,159398,3,深い内容をわかりやすく伝えていただきありがとうございます。,@yukikocrazy3525,2024-03-10T10:14:34Z,htWuimTJmlQ
【自分軸と自分勝手の違い】わがままが気になる人へ。場面での対比を見て整理しよう,159398,3,すごい納得です。自分も周りも他人軸の人間が山ほど在ります。いかに自分軸へシフトしていくかがこれからの自分の課題です。ありがとうございましたm(__)m,@kougi9646,2024-02-23T03:14:29Z,htWuimTJmlQ
【自分軸と自分勝手の違い】わがままが気になる人へ。場面での対比を見て整理しよう,159398,3,言えなかったけど、頑張って言ってみたけど、上手くいきませんでした😰詳しく教えて下さり、有難う御座います。😄,@あき-y9s6t,2024-02-21T10:58:23Z,htWuimTJmlQ
【自分軸と自分勝手の違い】わがままが気になる人へ。場面での対比を見て整理しよう,159398,3,耳が痛いであります………,@kane-you-0124,2024-02-15T11:31:22Z,htWuimTJmlQ
【自分軸と自分勝手の違い】わがままが気になる人へ。場面での対比を見て整理しよう,159398,3,自分軸、他人軸すごく大事と思うので自分軸を意識していきたいと思いますが親子関係は難しいですね。親は子供より人生経験を重ねているから一概に自分勝手なことを言っているのでなくやはりまちがいなかったということが多かったりしていたなという記憶です。愛があるから心配という部分もある。一概に自分勝手とくくってしまうのはとても繊細で難しいと思います。,@oilrose9678,2024-02-23T11:28:31Z,htWuimTJmlQ
【自分軸と自分勝手の違い】わがままが気になる人へ。場面での対比を見て整理しよう,159398,3,自分の意見と相手の意見が違った場合、それは我が儘・自己中心的であるとずっと思っていました。我が儘であってはならない、と思う気持ちが根底にあるため、相手の意見に合わせてばかりいましたが、だんだん心が苦しくなってきました。。<br>そんな時、こちらの動画を拝見し、自分の中での概念が大きく覆されました！そして、心がすごく軽くなりました😭✨<br>どんな時も自分軸を保っていられるよう、何回も何回も、動画見返します！💪(⁠^⁠‿⁠^⁠),@ポン-y2o,2024-02-15T03:29:35Z,htWuimTJmlQ
【人の力を拡大する人と縮小する人】自分自身との接し方・他者との接し方を見つめてみよう。力を縮小する人の背景は、そばにいた人の影響。,155676,3,話し方が優しくてわかりやすい☺,@山田太郎-v4x,2024-03-02T01:28:01Z,ZFr_SycknUk
【人の力を拡大する人と縮小する人】自分自身との接し方・他者との接し方を見つめてみよう。力を縮小する人の背景は、そばにいた人の影響。,155676,3,正論で物事を言う癖があり、<br>更にそれを共感して欲しいという性質もあったりします･･･。<br><br>いっそのことそうしてくれればみんな幸せなのに。そう思ったりもします。<br>もちろん、正論で物事を言うのは辞めていきたいのですが、<br>根底に他者依存の癖もありそうで･･･。<br>今までの環境が悪かったのでしょうか？,@ao1341go,2024-02-23T11:32:33Z,ZFr_SycknUk
【アダルトチルドレン】克服の一歩は自己理解。心の平穏を取り戻すため自分に目を向け、心の声に耳を傾けよう。【AC】,151938,3,向き合うのキツすぎるｗメンタル弱ると自分の嫌いな部分が顕著に表れてしまいます<br>がんばって改善したい,@maichang124,2025-03-24T08:10:43Z,usIp41t_vo0
【アダルトチルドレン】克服の一歩は自己理解。心の平穏を取り戻すため自分に目を向け、心の声に耳を傾けよう。【AC】,151938,3,某も該当してる部分たくさんありました。いつも生きづらさを感じて生きてます………どれも対策はすぐにやって結果が出るものではなくてそれはそれで苦しいかもしれませんが少しずつものに出来たらと思います………,@kane-you-0124,2024-10-24T20:25:20Z,usIp41t_vo0
【アダルトチルドレン】克服の一歩は自己理解。心の平穏を取り戻すため自分に目を向け、心の声に耳を傾けよう。【AC】,151938,3,全部当てはまってて純度100%アダルトチルドレンで草,@xxximitation,2025-02-18T05:52:02Z,usIp41t_vo0
【アダルトチルドレン】克服の一歩は自己理解。心の平穏を取り戻すため自分に目を向け、心の声に耳を傾けよう。【AC】,151938,3,ありがとう,@きき-w8e,2024-10-24T00:09:45Z,usIp41t_vo0
【アダルトチルドレン】克服の一歩は自己理解。心の平穏を取り戻すため自分に目を向け、心の声に耳を傾けよう。【AC】,151938,3,家庭環境も別にフツーだったし全部ではないものの、一部の特徴は強く当てはまる場合はどう考えたらいいの？　こう聞く時点で決断できてない感じあるけど,@グレミィ,2025-03-01T14:41:57Z,usIp41t_vo0
【アダルトチルドレン】克服の一歩は自己理解。心の平穏を取り戻すため自分に目を向け、心の声に耳を傾けよう。【AC】,151938,3,アダルトチルドレンって、結局はCPTSDの俗的な解釈ですよね。子供の時のトラウマが原因で色々と問題を抱えているってことですよね。,@KM-00,2025-02-21T23:52:55Z,usIp41t_vo0
【共依存】人間関係のストレスや問題の背景。自分の価値を感じられなければ心が保てない。自己犠牲して周りを優先、人をコントロールしたり人を依存させる。,132084,3,とても分かりやすく説明して頂き、有難うございました🙏。✨,@ちさ-i9r,2024-04-08T21:44:10Z,mxqVWLBiV3k
【共依存】人間関係のストレスや問題の背景。自分の価値を感じられなければ心が保てない。自己犠牲して周りを優先、人をコントロールしたり人を依存させる。,132084,3,きぃさん<br>今まで抱えてたモヤモヤの種を見つけることができた内容でした。<br>ありがとうございました。,@yuka8745,2024-02-29T09:38:37Z,mxqVWLBiV3k
【共依存】人間関係のストレスや問題の背景。自分の価値を感じられなければ心が保てない。自己犠牲して周りを優先、人をコントロールしたり人を依存させる。,132084,3,私だ、、,@56jwqjjwmmww,2024-03-17T01:17:31Z,mxqVWLBiV3k
【共依存】人間関係のストレスや問題の背景。自分の価値を感じられなければ心が保てない。自己犠牲して周りを優先、人をコントロールしたり人を依存させる。,132084,3,きいさんのお話を聞くまで、自分自身は30点だと思っていました。ダメな自分、弱い自分、相手の期待に応えない自分もOKとして受け入れてあげながら<br>自分自身で自分の価値を見出していけるよう頑張ります！(⁠´⁠°̥̥̥̥̥̥̥̥⁠ω⁠°̥̥̥̥̥̥̥̥⁠｀⁠),@ポン-y2o,2024-03-10T01:17:11Z,mxqVWLBiV3k
【共依存】人間関係のストレスや問題の背景。自分の価値を感じられなければ心が保てない。自己犠牲して周りを優先、人をコントロールしたり人を依存させる。,132084,3,グサっと来てしまいました😢自分の事を認めてくれたから…。<br>とてもそのウェイト大きかった。やっぱり健全じゃなかったのかな…どこかで気づいてて？それはずっと苦しかった。自分も、相手に対しても。<br>でも相手の良いな！って思うどこだって、だんだん分かるようになって、そこは今は尊敬もしてる。<br>でも、お話し聞いてると…基本共依存なんだなぁって。<br>共依存ではなく、互いを好きになれるようになりたい…<br>共依存脱出して、自立したら、幸せになれるかな,@Silver-Eagle-J,2024-07-05T14:59:53Z,mxqVWLBiV3k
【共依存】人間関係のストレスや問題の背景。自分の価値を感じられなければ心が保てない。自己犠牲して周りを優先、人をコントロールしたり人を依存させる。,132084,3,わたし😢　ですね。<br>せつない,@ぷよぷよ-o2p,2024-03-02T13:41:26Z,mxqVWLBiV3k
【共依存】人間関係のストレスや問題の背景。自分の価値を感じられなければ心が保てない。自己犠牲して周りを優先、人をコントロールしたり人を依存させる。,132084,3,なるほど、自分ですね😭共依存というのは初めて知りました。共依存する相手は定期的に変化します。<br>好きな男性や上司、親しい女友達や姉妹などです。<br>確かに自己肯定感の低さや支配欲がある事には5年前に気づきました。<br>まずは自分で寂しさを認められるよう大事にしたいと思います。,@kosatsu-ram,2024-04-21T12:17:28Z,mxqVWLBiV3k
【共依存】人間関係のストレスや問題の背景。自分の価値を感じられなければ心が保てない。自己犠牲して周りを優先、人をコントロールしたり人を依存させる。,132084,3,初めまして  共依存について詳しく知れて感謝です<br>動画で言って貰えたアドバイス 判断基準で日々の生活を整える事をしてみます,@尚福美-naofumi,2024-05-01T07:23:55Z,mxqVWLBiV3k
【共依存】人間関係のストレスや問題の背景。自分の価値を感じられなければ心が保てない。自己犠牲して周りを優先、人をコントロールしたり人を依存させる。,132084,3,単純にスペックが足りなくて困ってるのと見分けがつきにくいんですよね,@AroeAgv,2024-05-27T15:11:22Z,mxqVWLBiV3k
【認知の歪み】超身近な苦しくなる思考の癖。認知の歪みとは？10種類の例と改善に向けた対応,130279,3,ADHDもってて思考回路が人と違うのにこの特徴ほとんどあてはまってる。しんどい,@Skeny_SSS,2025-05-21T13:58:29Z,AxlcavvWwYk
【認知の歪み】超身近な苦しくなる思考の癖。認知の歪みとは？10種類の例と改善に向けた対応,130279,3,ぜんぶ当てはまってるな🤔,@新井育秀,2023-12-16T03:29:38Z,AxlcavvWwYk
【認知の歪み】超身近な苦しくなる思考の癖。認知の歪みとは？10種類の例と改善に向けた対応,130279,3,初めてコメントさせていただきます。<br><br>ほとんどが当てはまり、そうよね〜認知の歪みあるもんね〜と再確認が出来ました。<br>今年の頭に認知の歪みというものを知り、なんとかならんものかと試行錯誤していたところに実家と疎遠になり…<br>ますます自責に拍車がかかったり、また長患いの精神疾患に関係していることも分かっているのですが、病気に無理解の家族の言葉でボロボロになった1年でした。<br>見事なこじれっぷりなので、福祉や色々なところの力を借りて少しづつ自信を付けていきたいと考えているところです。<br>認知の歪みに家族が関わっている可能性のある場合、私だけの努力でも改善していくものなのでしょうか？<br>小さい頃から、お姉ちゃんなんだから！女の子なんだから！しっかりしなさい！などのことから、ちゃんとしていないと愛して貰えないんだという思考になってしまっている。<br>また、どこ行くの！何するの！誰と行くの！の過干渉が30過ぎまであったことがわかっているのですが…<br>私の歪みが戻って行ったところで、また同じことを言われてしまったら戻ってしまうなどはありますでしょうか？<br>(現状、疎遠なので大丈夫だと思いますが心についてとてつもなく無理解な家族のため万が一再会してしまったりした場合が怖いです)<br><br>文章がめちゃくちゃになってしまったうえに、長文すみません。<br>他の動画も参考にさせて頂きたいと思います。,@まり_19,2023-12-15T16:33:22Z,AxlcavvWwYk
【認知の歪み】超身近な苦しくなる思考の癖。認知の歪みとは？10種類の例と改善に向けた対応,130279,3,きいさん、ずっとリクエストしていた認知の歪み回を有難うございました😊❤<br>何度も繰り返して歪むのと、回数少なくてもインパクトが大きくて歪む、私は後者だなぁと気づきました。<br>それだけでも「じゃない方もあった」と思えました😅,@pm436,2023-11-24T08:55:55Z,AxlcavvWwYk
【認知の歪み】超身近な苦しくなる思考の癖。認知の歪みとは？10種類の例と改善に向けた対応,130279,3,付き合っていた彼女が、特徴10種類全てを装備していたので付き合いきれず別れました<br>めちゃ疲弊しました,@kaz2394,2024-03-27T00:33:40Z,AxlcavvWwYk
【投影】他人(外側)に自分の感情・欲求や過去を映し出す。＝自分流に解釈している。人間関係や自己理解のために「投影」をチェックしてみましょう,121833,3,投影の意味を、初めてちゃんと理解できた気がします。分かりやすい例を出して、ありがとうございます,@いちご-p6e9h,2024-07-02T02:02:24Z,4StA-DDlEfk
【投影】他人(外側)に自分の感情・欲求や過去を映し出す。＝自分流に解釈している。人間関係や自己理解のために「投影」をチェックしてみましょう,121833,3,すごく勉強になります。投影の定義は百回くらい聞いてましたが、あまり理解できてなかったのですが、ようやく理解できた気もします。今後活用して良い方に持ってきたいと思います。ありがとうございます。,@ebimatinger14,2024-10-16T22:15:24Z,4StA-DDlEfk
【投影】他人(外側)に自分の感情・欲求や過去を映し出す。＝自分流に解釈している。人間関係や自己理解のために「投影」をチェックしてみましょう,121833,3,自分の気持ちを相手の気持ちに投影することが起こっているなら「自分のことが嫌いだから」は「自分が相手を嫌いだから」の書き間違いではないのかなと思いましたが、いかがでしょう？私の理解不足でしたらごめんなさい🙏,@EENAEENA,2024-07-02T23:50:40Z,4StA-DDlEfk
【投影】他人(外側)に自分の感情・欲求や過去を映し出す。＝自分流に解釈している。人間関係や自己理解のために「投影」をチェックしてみましょう,121833,3,男子に媚びるぶりっ子女子が女友達に嫌われるのって「投影」の影響なのかも？,@toritoringotofue,2024-07-05T02:23:26Z,4StA-DDlEfk
【敵意帰属バイアス】自分を嫌っているんだと誤解・攻撃されたと誤解をしやすい。自己成長や対人関係の弊害。不信感。まずは傾向に気づくこと。,107541,3,あっこの人とは合うな～とか、合わないな～とか、直感か殆どハズレます,@久-w8f,2024-04-15T14:18:39Z,_uTgEER207c
【敵意帰属バイアス】自分を嫌っているんだと誤解・攻撃されたと誤解をしやすい。自己成長や対人関係の弊害。不信感。まずは傾向に気づくこと。,107541,3,最近怒りっぽかったり、警戒心があったりして、なんでなんだろうと考えていたのですが、この動画を見て敵意帰属バイアスが強まっていたことに気がつきました。<br>海外生活が長くて差別経験や異文化の大変な思いをしていたこと、その中でサバイブするためにバイアスができていったんだな、ということが客観的に分かりました。文化や言語の問題で、相手が何を言いたいか100%わからず、なんとなくのコミュニケーションをしていたことで、勝手にマイナス的に想像したりする節もあったなと改めて思いました。またアジア人&amp;女性差別やマイノリティの経験、外国人の上司や同僚に舐められないようにしなきゃいけないという意識も強まっていたと思います。<br>目から鱗の経験をありがとうございました！もう少し日常に落とし込んで、客観的に自分を分析し続けたいと思います。,@Sacchiko,2025-06-22T04:16:32Z,_uTgEER207c
【敵意帰属バイアス】自分を嫌っているんだと誤解・攻撃されたと誤解をしやすい。自己成長や対人関係の弊害。不信感。まずは傾向に気づくこと。,107541,3,基本的に敵意帰属バイアスがあるから辛いんだな〜〜と過去を振り返って理解できました。幼少期から幾度となくいじめ(という言葉がない時代)に遭ってました、気にしてなかったふりや「加害側の家の環境に原因があったから」と解決したつもりでいたけど、傷ついてたよね嫌だったよねと改めて労ってあげたいです。家族やきょうだいからの見下しも事実ですが、今は他人レベルの距離になれたので思考とわけていきたいです。<br>双極症Ⅱ型なのも関係してるのかAとBどちらも感じるので、療養中でほぼ人と会わないのに疲れて寝込みがちです…,@WakuWakuParadise,2025-07-08T05:17:09Z,_uTgEER207c
【敵意帰属バイアス】自分を嫌っているんだと誤解・攻撃されたと誤解をしやすい。自己成長や対人関係の弊害。不信感。まずは傾向に気づくこと。,107541,3,子供の頃に近所にイジワル姉妹がいました。気が弱い私はいじめられていて、言葉ひとつひとつ揚げ足をとられて、親からの誕生日プレゼントを盗まれました。ウソをついていることは明白だけれど、わたしには追及する勇気がなくて。ただ家に引き篭もる、逃げる、という手段を取ることしかできませんでした。<br>たぶんあれから、周りに歩く人々（全くの赤の他人）もわたしに攻撃してくるんじゃないか、友人も悪口を言ってるんじゃないかと、この敵意帰属バイアスに繋がっていって社会生活が本当に苦手になってしまったんだと思います。今思い出しても泣いてしまうくらい、本当に腹立たしくて、最低な言葉も浮かんでしまうほどです。<br>でも、もうその人たちは周りにいない。<br>パートナーに対しても、不信感と敵意をつい向けてしまいますが、単純に言っただけだよとわたしの歪みに気づかせてくれます。本当に大切にしなきゃなって、この動画で思えました。,@funa27241,2025-07-23T09:07:06Z,_uTgEER207c
【敵意帰属バイアス】自分を嫌っているんだと誤解・攻撃されたと誤解をしやすい。自己成長や対人関係の弊害。不信感。まずは傾向に気づくこと。,107541,3,とても、参考になりました✨ありがとうございます😊,@ふぬふぬにまま,2024-04-12T22:07:42Z,_uTgEER207c
【敵意帰属バイアス】自分を嫌っているんだと誤解・攻撃されたと誤解をしやすい。自己成長や対人関係の弊害。不信感。まずは傾向に気づくこと。,107541,3,あんまり動画と関係ないコメントで申し訳ないんだけども、良い声やな……,@TMNSIKSYRU,2024-05-21T21:17:41Z,_uTgEER207c
【敵意帰属バイアス】自分を嫌っているんだと誤解・攻撃されたと誤解をしやすい。自己成長や対人関係の弊害。不信感。まずは傾向に気づくこと。,107541,3,私は「一人が好き」「一人でいたい」「もう放っておいて」ってタイプなんですが<br>認知帰属バイアスに付け回されて困ります。<br>嫌です。嫌です。嫌です。<br>嫌です。嫌です。<br>って何度言っても付きまとうのはなんでですかね。<br>敵に見えるなら来ないで欲しい。,@000-xf3hm,2024-08-08T07:28:27Z,_uTgEER207c
【敵意帰属バイアス】自分を嫌っているんだと誤解・攻撃されたと誤解をしやすい。自己成長や対人関係の弊害。不信感。まずは傾向に気づくこと。,107541,3,これきつい主従関係に当たるのか分かりませんが<br>それ考えたら学生時代に目の前であの人、眼中にないとか悪口を言われたことはありましたね　<br>ちょっとした失敗、本当にちょっとしたことなんですけどあんまり覚えてないんですけど笑われたりとか<br>他だったら石投げられたりがありました。自分の筆箱捨てられたりとかそれを先生に伝えたら名前を書いてない方が悪いとか言われたこともあったかな<br>あと本当にちょっと見てるだけなのに見てくんなとかそれから睨まれたりとか<br>目の前でため息つかれたりとか<br>　<br>私自身が性格的に人から好かれられるような性格してないって言うのもあるんですけど<br>自分みたいな人間は嫌われても仕方ないないのかなって思うようになりました,@asahi535,2024-04-11T02:58:51Z,_uTgEER207c
【敵意帰属バイアス】自分を嫌っているんだと誤解・攻撃されたと誤解をしやすい。自己成長や対人関係の弊害。不信感。まずは傾向に気づくこと。,107541,3,自身自身は見た目弱く見られますがね❗タイプBですよ‼️特にバカにされているとか自分自身を攻撃されているとか感じますよね～😭こんな自分自身を少しでも変えたいです、この動画配信みて勉強しますね😅,@高橋情助,2024-04-11T08:56:03Z,_uTgEER207c
【回避傾向】自分を生きることから逃げる。失敗、責任、批判、恥、人を傷つける恐れなどを最優先にして人生が停滞する,103401,3,回避型の特徴を聞くと、自分の嫌なところをそもそも認めたくないので、悪いところがあって改善しようと思う土俵にもなかなか立てない。回避型傾向にある相手に無理にその土俵に立たせようとしてしまった過去の自分を反省しています。<br>かといって譲れない自分もいたし、合う人を探せども千差万別色々な人がいる中で、社会で生きていくには、このような動画に向き合うのが必要かもしれません。参考になりました。,@oku9560,2026-01-09T13:04:47Z,khgpg2jcUCE
【回避傾向】自分を生きることから逃げる。失敗、責任、批判、恥、人を傷つける恐れなどを最優先にして人生が停滞する,103401,3,「動くことで逃げている」が当てはまりすぎました,@なかつん-x3r,2025-04-16T15:16:14Z,khgpg2jcUCE
【回避傾向】自分を生きることから逃げる。失敗、責任、批判、恥、人を傷つける恐れなどを最優先にして人生が停滞する,103401,3,他人の好き嫌いや一時の感情で人生捻じ曲がるという例をいくつも見たし体験もしたから、<br>どうにも反感を買わないよう過剰に気を遣ってしまうねぇ。<br><br>自分を認識されるということがすでに苦手だよ。<br>他人に快不快も感じられたくない。好かれるのも本当はしんどい。<br>まず評価すらされたくないんだと思う。嫌われたら環境から排除される恐れがあるし、好かれても相手が無自覚にハードルを作ってくる。<br><br>「雨ニモマケズ」の人みたいになりたい。それを苦じゃない境地に至りたい。,@yako-sinjyu,2025-10-23T10:26:53Z,khgpg2jcUCE
【回避傾向】自分を生きることから逃げる。失敗、責任、批判、恥、人を傷つける恐れなどを最優先にして人生が停滞する,103401,3,この動画を視聴したおかげで私の本当の思いに気付けましたので、忘れないようにメモしておきます( .ˬ.)&quot;<br><br>私の母親は失敗や逃げに対してすごく厳しくて、初めて辞めたい、もう辛いと弱音を吐いた時に「自分の弱さから逃げんの？」「1度逃げると逃げ癖がつくんだけど」「そんな甘いことが将来社会で通用すると思ってんの？」などとガン詰めされました。<br>その後も母親は、自分の思い通りにならないことがあれば不機嫌になり、気に入らないことがあればずっと根に持ってヒステリックになるので、いつまでも母親への恐怖心が消えません。<br>その影響か、自分の行動が母親の機嫌に直結するならば、余計なことはしないようにしようと挑戦すること自体を諦めてしまいます。<br><br>いつも母親の態度がフラッシュバックしてしまい、弱みを見せたらまた否定されるんじゃないかって怖いです。人と向き合う際の恐怖心が拭えないです。母親のように人を傷付ける言動はしたくないです。母親のような人間になりたくないです。もうそんな生き方辞めたいです。,@アメジスト-k2u,2026-01-18T05:47:29Z,khgpg2jcUCE
【回避傾向】自分を生きることから逃げる。失敗、責任、批判、恥、人を傷つける恐れなどを最優先にして人生が停滞する,103401,3,苦痛を他人事のように受け止めるようにしてから逃避と回避が悪化した おかげで空っぽ,@らびっとぬこ-g1q,2025-02-06T19:15:23Z,khgpg2jcUCE
【回避傾向】自分を生きることから逃げる。失敗、責任、批判、恥、人を傷つける恐れなどを最優先にして人生が停滞する,103401,3,逃げることは悪いことと子供の頃から言われてきた人です。子供の頃から何も間違えては行けないしお姉ちゃんとして正しくいないといけないし下のきょうだいが好きなことをするために守ってあげないと行けないので親から守ってやらないといけないので私自身を守ることはしたこと無かったです。<br>ずっと否定されて生きてきたので幸せは放棄してます。,@Kiseirena0727,2025-03-31T00:50:57Z,khgpg2jcUCE
【回避傾向】自分を生きることから逃げる。失敗、責任、批判、恥、人を傷つける恐れなどを最優先にして人生が停滞する,103401,3,このあたりの自覚はありますし　回避性PDや重度のPTSD、不安障害を持ってるからこうなるのは仕方ないと諦めてる自分が居ます<br>　幸せになりたいとは思いつつも　「どうしたら良い？」に書かれてることはそれはちょっと無理と思っている感じですね<br>　なので日々すり減らして生きている自覚もありますし　どうにかしたいし幸せになりたいとも思うのですが　どうにもならない　諦めるしかない　そういう星のもとで生まれたんだみたいな思考に陥ってしまいますね・・・,@ma-sa-ru_27315,2025-04-26T15:08:05Z,khgpg2jcUCE
【回避傾向】自分を生きることから逃げる。失敗、責任、批判、恥、人を傷つける恐れなどを最優先にして人生が停滞する,103401,3,もしかしたら自分かもと開いたらドンピシャで自分の話でした。人間怖いんですよね笑とか言って正当化してました。,@まこと-i1b,2025-02-15T04:55:12Z,khgpg2jcUCE
【回避傾向】自分を生きることから逃げる。失敗、責任、批判、恥、人を傷つける恐れなどを最優先にして人生が停滞する,103401,3,最後まで見てほとんど全部の内容が当てはまったけどそれで何が問題あるのかが理解できなかった,@goodmorningurt6325,2025-02-16T11:07:35Z,khgpg2jcUCE
【回避傾向】自分を生きることから逃げる。失敗、責任、批判、恥、人を傷つける恐れなどを最優先にして人生が停滞する,103401,3,今回のお話まさに私でした🥲<br>やりたくない仕事、苦手な仕事もやっていますが、そうしないと会社での評価や社会的な評価が得られないのではないか。とモヤモヤしています。<br>自己肯定感と他者評価(評価を全く気にしないというのは難しいので....)の塩梅が難しいです。,@rina-zg4we,2025-02-09T09:42:19Z,khgpg2jcUCE
【回避傾向】自分を生きることから逃げる。失敗、責任、批判、恥、人を傷つける恐れなどを最優先にして人生が停滞する,103401,3,きいさん、スタッフさん動画ありがとうございます🎉<br>動画の内容やコメント、わかるな〜と深く頷きながら見ました😭<br>自分も逃げて逃げて流されてここまできました。<br>能力のない自分を認めるのは怖いです。きっとここにいる価値がないと思ってるんだと思います。<br>けどその気持ちも受け入れたら少し楽になってきた気がします。<br>そうして最近やっと「絶対の安心はないんだ」と納得し始めた気がします。,@ぽこよし,2025-02-06T13:22:04Z,khgpg2jcUCE
【回避傾向】自分を生きることから逃げる。失敗、責任、批判、恥、人を傷つける恐れなどを最優先にして人生が停滞する,103401,3,そのまんま私だ,@たまゆ-p6y,2025-02-06T14:16:27Z,khgpg2jcUCE
【人に依存しすぎている人】自分に主導権がなくなっている・人に何かしてもらうことを求めすぎる人（自立しなさすぎている状態）,91609,3,これ認めるの地味に辛いから優しい良い方なの有難いです,@user-zx1lz7yn6t_laka,2024-09-14T04:31:14Z,27c9_QRTctI
【人に依存しすぎている人】自分に主導権がなくなっている・人に何かしてもらうことを求めすぎる人（自立しなさすぎている状態）,91609,3,ちょっとドキっとしました😅<br>失敗恐れすぎてるところありますね...,@chammy9474,2024-02-18T15:58:49Z,27c9_QRTctI
【人に依存しすぎている人】自分に主導権がなくなっている・人に何かしてもらうことを求めすぎる人（自立しなさすぎている状態）,91609,3,テイカー型で自己主張、自分の意見が持てるようになったけど、結局自分に自信がなくて責任持てなくて、支配的な人間になってしまっていて、意思が強いことがマイナスに働いてる気がします、、,@りお-b9v,2024-08-17T03:08:43Z,27c9_QRTctI
【人に依存しすぎている人】自分に主導権がなくなっている・人に何かしてもらうことを求めすぎる人（自立しなさすぎている状態）,91609,3,耳が痛い😢,@ほっぺいんこ,2024-11-01T20:21:43Z,27c9_QRTctI
【人に依存しすぎている人】自分に主導権がなくなっている・人に何かしてもらうことを求めすぎる人（自立しなさすぎている状態）,91609,3,自立したい！！弱虫いやだ,@にゃぷ-x4i,2024-05-14T07:16:58Z,27c9_QRTctI
【人に依存しすぎている人】自分に主導権がなくなっている・人に何かしてもらうことを求めすぎる人（自立しなさすぎている状態）,91609,3,何かで読んだことがありますがベッタリ依存する人は直ぐ飽きられるらしいですがどうなんでしょうか？,@seiji3769,2024-07-13T17:02:26Z,27c9_QRTctI
【人に依存しすぎている人】自分に主導権がなくなっている・人に何かしてもらうことを求めすぎる人（自立しなさすぎている状態）,91609,3,褒めるのも褒められるのも嫌い<br>他人の承認とかお前は何様だって思うし<br>やってあげるのもやってもらうのも嫌い<br>そんなワイは依存という感覚が分からない,@SakeNeko_3514,2025-01-27T03:54:53Z,27c9_QRTctI
【強い劣等感】落ち込みが止まらない、すぐ人と比較、頑張りすぎてしまう、自分を守るために攻撃・敏感になりやすい、理想やプライドが高くなる。,84076,3,コンプレックスって解消できないって分かってるから悩むんですよ。そうしたらもう自分のキャラとして受け入れるしかない。それが出来ない人が病むんですよ。,@鈴木敏郁様,2026-02-25T16:32:16Z,3BV7aU3Dl8w
【強い劣等感】落ち込みが止まらない、すぐ人と比較、頑張りすぎてしまう、自分を守るために攻撃・敏感になりやすい、理想やプライドが高くなる。,84076,3,ちょうど劣等感を感じていたのですごく助かりました😭<br>動画ありがとうございます!,@chammy9474,2024-03-21T15:27:28Z,3BV7aU3Dl8w
【強い劣等感】落ち込みが止まらない、すぐ人と比較、頑張りすぎてしまう、自分を守るために攻撃・敏感になりやすい、理想やプライドが高くなる。,84076,3,お話聞いていて涙止まらなくなりました😭<br>あまり考えたくなくて、目を背けていた心の傷つきに気づくきっかけになりました。<br><br>小学生の頃から人間関係に悩み、嫌われたくないと強く思った。友達になるには面白い人でいないと、関心を持ってもらえる人でいないと、空気を読める人でいないと…と色々考えを巡らせていた。<br>→常に人の反応を伺い一喜一憂。毎日1人反省会。自分の意見よりも相手の意見優先。八方美人と言われる。<br><br>また昔から喋りがゆっくりで説明が下手。親から、もっと簡潔に喋って、人をイライラさせるよと言われたのがとても悲しかった。<br>→職場の方とのフリートークで緊張、言葉が出てこないと焦る。同じ単語を2回言ってしまうなど吃りっぽい症状。説明がとにかく苦手。お笑い芸人みたいに早口で頭の回転が早い人への憧れが強い。<br><br>劣等な人格ではなく、その一部が劣性なだけ。欠けてるお皿が目立つように気になってしまうもの。そのままのあなたでいい。<br>やりたいと思ったことをやろう。<br>優しい言葉全部響きました、ありがとう😭,@かにさわ-l6z,2025-06-28T16:03:49Z,3BV7aU3Dl8w
【強い劣等感】落ち込みが止まらない、すぐ人と比較、頑張りすぎてしまう、自分を守るために攻撃・敏感になりやすい、理想やプライドが高くなる。,84076,3,プライド高いのは疑心暗鬼だからかな。<br>人を信じれない。この動画も信じれない。,@まふぃん0112,2024-04-22T11:27:52Z,3BV7aU3Dl8w
【強い劣等感】落ち込みが止まらない、すぐ人と比較、頑張りすぎてしまう、自分を守るために攻撃・敏感になりやすい、理想やプライドが高くなる。,84076,3,"<a href=""https://www.youtube.com/watch?v=3BV7aU3Dl8w&amp;t=427"">07:07</a><br>完璧を目指すと自分は苦しむかもしれないけれど、社会で働く以上は苦しんででも頑張るべきだと思っています。<br><br>こうした考え方を捨てても構わない、という事を<br>どの様にして信じれば良いでしょうか？<br><br>(補足です)<br>他人がどうあろうが、さして気には障りません。<br>その人の人生はその人が決めることなので…",@1000_mainichibenkyou,2024-04-18T03:14:35Z,3BV7aU3Dl8w
【強い劣等感】落ち込みが止まらない、すぐ人と比較、頑張りすぎてしまう、自分を守るために攻撃・敏感になりやすい、理想やプライドが高くなる。,84076,3,すごく当てはまっていました。<br>特に、すぐ怒られたと感じるところなど…<br>劣等性があってもいいと言ってもらえてホッとしました。<br>なかなか自分を受け入れるには時間がかかりそうですが、このホッとした気持ちを大事にして、自分で自分に劣等性があっていいんだと言ってあげることで、変わっていけたらと思います。<br>それにしても、きいさんの言葉はすっと入ってきます。<br>勝手な想像ですが、語彙や表現に劣等感を抱いていたからこそ、成長された部分なのでしょうか。<br>私も劣等感をバネに、できる•できている部分もあるのかもしれないと思いました。<br>そうすると、劣等感も悪いことばかりではないな、と。<br>今日もありがとうございました。,@popcorn-be1oz,2024-03-20T15:15:45Z,3BV7aU3Dl8w
【日常に残る心の影響】知らないで自分を否定したり、現実とのギャップを起こし続けていませんか？大事な自分を理解・受容・幸せへ。,83800,3,どれも共感したけど、過去の記憶が思い出せないにハッとした<br>誰かと話す時とかに、「今までで一番楽しかったことは？」とか「学生時代に印象に残ってることは？」みたいに過去を振り返る質問をされるとすぐには出てこなくて、話し終わってしばらくだった後に思い出したりする<br>自分の場合、大喜利みたいな突然お題を振られて話すことがほんとに苦手だから頭の回転が遅いだけかもしれないけど、なかなか過去のことを思い出そうと思っても出てこないんだよな,@ZUNDAMOCHI175,2025-11-10T16:23:24Z,cNzvBWkhm3Y
【日常に残る心の影響】知らないで自分を否定したり、現実とのギャップを起こし続けていませんか？大事な自分を理解・受容・幸せへ。,83800,3,正直、こういう系のって誰にでも当てはまるし、普通に甘えてるだけだと思ってる。<br>でも、認めてもらえたみたいで安心する。,@お魚区魚,2025-11-12T16:44:13Z,cNzvBWkhm3Y
【日常に残る心の影響】知らないで自分を否定したり、現実とのギャップを起こし続けていませんか？大事な自分を理解・受容・幸せへ。,83800,3,恋愛を避けてきたんですが、最近これは失敗を避け、実際に恋愛すれば自分は成功できる「可能性」を残してきたんだなって自覚した。,@Sofia.Athelloune,2025-09-05T00:09:52Z,cNzvBWkhm3Y
【日常に残る心の影響】知らないで自分を否定したり、現実とのギャップを起こし続けていませんか？大事な自分を理解・受容・幸せへ。,83800,3,ほとんどが自分に当てはまり、お話を聞いてて涙が出てしまいました。<br><br>自分がやりたい事、表現したい事を出そうとすればするほど、手を出されて、否定されて、調子に乗ってると言われて、笑われて馬鹿にされる。<br><br>いつからか、自分はどこかおかしいんだ、皆と同じにならなきゃいけないと自分の本当の気持ちに蓋をしてしまっていたんだと気付かされました。<br><br>最近、ある人にもっと自信を持ってありのままを出したら絶対に好かれるのにもったいないと言われたことを思い出しました。<br><br>あの頃の我慢していた自分を労って、少しずつ自分を出して前に進みたいと思います。<br><br>素敵な動画を出してくださり、ありがとうございました！！,@monokuro37-q1u,2025-10-01T14:08:07Z,cNzvBWkhm3Y
【日常に残る心の影響】知らないで自分を否定したり、現実とのギャップを起こし続けていませんか？大事な自分を理解・受容・幸せへ。,83800,3,今回のテーマは完全にタイムリーでした。長所や趣味、能力、自信を全否定される母子家庭育ちでした。『好き』『楽しい』『恋』の感覚はとても悪い事だとさえ感じてしまう嫌いが今でもこびりついています。交友関係、交際相手のご縁も全くなかったので恐らく治癒不可能。静かに自分と向き合い続け、人生を穏やかに終えられるように考えてます。,@JET-Fujisawa,2025-09-11T04:40:20Z,cNzvBWkhm3Y
【日常に残る心の影響】知らないで自分を否定したり、現実とのギャップを起こし続けていませんか？大事な自分を理解・受容・幸せへ。,83800,3,１０代の記憶が思い出せないんです。厳密に言うと記憶は残ってるけど、少なくて、大まかにはこんな事あったけど、細かくは思い出せないなてかんじで、最近これは幼少期のいろいろが原因じゃないかと思ってたので、この動画がおすすめに流れてきてとても助かります。ゆっくり見ます,@namaekaeruyon,2025-09-06T11:42:19Z,cNzvBWkhm3Y
【日常に残る心の影響】知らないで自分を否定したり、現実とのギャップを起こし続けていませんか？大事な自分を理解・受容・幸せへ。,83800,3,僕は毎日自分は無価値な敗残者と思いながら生きてます。かなりキツイです。ですがやめられません。,@龍安寺の石ころ,2025-09-05T04:00:05Z,cNzvBWkhm3Y
【日常に残る心の影響】知らないで自分を否定したり、現実とのギャップを起こし続けていませんか？大事な自分を理解・受容・幸せへ。,83800,3,虐待されて育ちましたが、アラサーになってきて自分に自信も持てるようになってきたし、子どもの頃のトラウマを克服できてるなと思うことも増えてきたので、自分はこのような動画を見なくても大丈夫だと思っていました。ですが、拝見してみると重いものが取れるような、すごくホッとした気持ちになりました。自分では強くなったつもりでも、多分まだたくさん迷いを持ちながら生きているので、このように誰かの言葉に安心して頼ることも大切だなと思えました。素敵な動画をありがとうございます❤,@たまむぎ_o,2025-08-27T02:38:48Z,cNzvBWkhm3Y
【日常に残る心の影響】知らないで自分を否定したり、現実とのギャップを起こし続けていませんか？大事な自分を理解・受容・幸せへ。,83800,3,以下の長文駄文、どう足掻いても結論まとめようとしたら「手遅れ。無理。」にしかならなかった。そういうとこやぞゴミがってことなんだろうね。小学生の時に自32しとけば良かったってずっと後悔してる。<br><br><del>自分に都合よく肯定的に解釈すること自体に嫌悪がどうやっても出てくるからもう無理かな。もう疲れきって諦めた。ずっと「そう言えば満足なんだろ？」って感じの言葉が離れない。</del><br><br><del>小さいころにいじめというか嫌がらせ等でスクールカウンセラーに相談というか愚痴ってたことが翌日の職員会議かなんかで全部暴露されて担任に怒鳴り声あげながら詰問されたのがきっかけなのはもうわかってる。スクールカウンセラーには守秘義務があるって知ってたから「チクった復讐が恐いから先生には絶対に言わないで」って言ってたのに簡単に裏切られたこと、担任には怒鳴られながら詰問されたこと、色々恐すぎて言い渋ってたせいなのか「じゃあ私がどうしたらてめーは満足するんだよ！あぁ！？」と言われたのが一番の原因だろうとは思うけど。満足するって行為にすごいマイナスがついた。</del><br><br><del>親も妹も児相も養護施設も学校もどこもかしこも大人達や周りの人達に味方は1人もいなかったし、味方してくれたと思ったら普通に敵でしたみたいなのしかなかったから味方してくれるって言う人ほど恐かった。長男というのもしんどかった。流行りの鬼滅の刃の炭治郎のあの長男節もそうだけど、長男はやたら万能ですごくなきゃならないみたいな押し付けもよくあったからほんとにしんどい。</del><br><br><del>でももうこの記憶も自分が作った幻想だと言われたらなにも言えない。もうなんか自分の感情も思考もなにもかも信じられない。自己肯定なんてもっての他。</del><br><del>なんて思ってることそれ自体が「不幸自慢ウザい」「悲劇の主人公面キモいんだよ」って話だもんね。</del><br><br>消し去ってくれないかな。本当に。,@しにたみ,2025-10-08T22:24:40Z,cNzvBWkhm3Y
【日常に残る心の影響】知らないで自分を否定したり、現実とのギャップを起こし続けていませんか？大事な自分を理解・受容・幸せへ。,83800,3,あまりにも抱えているものが多すぎて生きるだけで低一杯（泣）<br><br>私、実は20の頃から生活保護なんたけど、生活保護で生きるだけで低一杯なんです、,@れなEntertainment_part.2,2025-09-02T02:40:16Z,cNzvBWkhm3Y
【日常に残る心の影響】知らないで自分を否定したり、現実とのギャップを起こし続けていませんか？大事な自分を理解・受容・幸せへ。,83800,3,こう言う精神的な病の根本的な原因は一つである気がする。社会全体の病理。,@モード商,2025-10-15T21:59:52Z,cNzvBWkhm3Y
"【なぜか優しくできない,怒りが湧く】家族／恋人／子ども／近しい人にほどキツく強く当たってしまう心理",683700,2,昔の自分これだったわ。今思い返すと後悔しかない。ほんと今も仲良くしてくれる家族に感謝,@coffee2010-s2d,2026-02-17T07:52:17Z,FpcoL2PZ9zY
【抱え込みすぎ】「私がやらなきゃ」「何でもできなきゃ」、気を使いまくり、自分が人や状況を操作したい→限界を超えて心が崩れる,664306,2,優しくてゆっくりと穏やかな声で安心して、涙が止まりません。まさに自分のことだと思いました。<br>※長い自分語りが続くのでご了承ください<br><br>振り返ると幸せな人生だと思うのに、何故こんなにも生きるのが苦しくて疲れて、常に崖っぷちみたいな気がするんだろうと思っていました。<br>少し前に抑うつで休職し、最近復職しましたがふとした時にまた暗い所に戻ってしまいそうで、「ああ、また戻るのか。休んで戻ってを繰り返して生きていかなきゃいけないんだろうか。」と絶望します。<br>周りから「鬱は心の風邪みたいなもんだから。すぐ治るから大丈夫だよ。」と言われ自分でもそう思っていましたが、どこか心の底から納得できていない自分がいました。<br>この動画を見て何故だかわかりました。自分はこの生きてきた数十年間ずっと我慢して頑張り続けて、自分ではそれに気づいてあげられないままここまで生きてきたんだな。その反動がきてるんだから、そりゃ数ヶ月休んだだけじゃ大丈夫になるはずないよな、と。<br>そう気づいた瞬間涙が溢れてきて、それと同時に体の力がふっと抜ける感覚がありました。お疲れ様、よく頑張ってきたねと自分に言ってあげようと思います。手遅れになる前に今気づけてよかったです。<br><br>人生は苦しくて辛いことの方が多くて、考えるたびに胃が痛くなります。そんな生きるエネルギーないよ、、と思うことばかりですが、自分なりに色々試して生きてみます。<br>ありがとうございます。,@riya9976,2025-10-13T13:12:47Z,Gaps0b_VXIU
【抱え込みすぎ】「私がやらなきゃ」「何でもできなきゃ」、気を使いまくり、自分が人や状況を操作したい→限界を超えて心が崩れる,664306,2,相談したところで生きていくのって自分だし人に言ってもなにも変わらんよなーと思ってしまう<br>人に対して心の中で一線引きたがるくせに、一度この人なら…？って思うと依存的になる<br>とはいえその人に対して頼れたりするかって言われると全然違うから、好意は全然伝わってなかったりする<br>動画めちゃくちゃ自分で苦笑してしまった<br>むずかしい……,@prnnnn88,2024-10-28T15:42:38Z,Gaps0b_VXIU
【抱え込みすぎ】「私がやらなきゃ」「何でもできなきゃ」、気を使いまくり、自分が人や状況を操作したい→限界を超えて心が崩れる,664306,2,当てはまりすぎて<br>自然と涙が出てきた…<br><br>書き込み拝見してて、<br>不謹慎かもしれないけど、<br>抱え込むタイプが自分だけじゃないんだって<br>思えて、ちょっと気持ちが楽になった<br><br>ひとりぼっちじゃないんだね,@aprilmarch8983,2025-04-06T12:19:49Z,Gaps0b_VXIU
【自立しすぎている人】頼れない、任せない、甘えられない。孤独と傷つきを抱え込んできた人,376235,2,自立なき依存は悪依存、依存なき自立は悪自立か,@awikot109,2025-01-12T11:26:12Z,Rtfu2tdV6Ks
【自立しすぎている人】頼れない、任せない、甘えられない。孤独と傷つきを抱え込んできた人,376235,2,本当に仰る通りです。<br><br>僕は真面目で純粋で頑張り屋で優しくてイケメンなんです。,@CorporateAnatomy-w3h,2023-11-24T12:37:15Z,Rtfu2tdV6Ks
【自立しすぎている人】頼れない、任せない、甘えられない。孤独と傷つきを抱え込んできた人,376235,2,自分もそういうタイプ<br>でも他の人が率先して助けようとしてくれたときは素直に甘える,@user-td3mc6pi9e,2023-10-30T07:19:30Z,Rtfu2tdV6Ks
【自立しすぎている人】頼れない、任せない、甘えられない。孤独と傷つきを抱え込んできた人,376235,2,自立しずきというか…<br>今まで散々人に裏切られてきたので、他人に頼れないというか頼りたくない…,@扉-n1b,2024-04-26T13:02:41Z,Rtfu2tdV6Ks
【選ぶ権利がある】近くにいる方がいい人と、遠ざける方がいい人【割合と頻度を見てね】,256269,2,動画投稿ありがとうございます。<br>自分が距離を置かれる人にならないように、と、自分を責めすぎないようにしようと思えました。,@まっちゃん-h9b,2024-02-18T08:23:16Z,7tTBN-Ul_Pg
【選ぶ権利がある】近くにいる方がいい人と、遠ざける方がいい人【割合と頻度を見てね】,256269,2,自分の気持ちに正直にというのが自分の考えです。,@おばかつ,2023-12-26T04:41:42Z,7tTBN-Ul_Pg
【選ぶ権利がある】近くにいる方がいい人と、遠ざける方がいい人【割合と頻度を見てね】,256269,2,1話して10分かった気になっている人とは話していて平行線になってしまい、こちらがもぅいいやーってなる。<br>自分のはなしをきちんと聴いてくれる人は本当にありがたい。そういう人間に私もなりたい。,@なかのみさと,2024-01-14T21:26:38Z,7tTBN-Ul_Pg
【選ぶ権利がある】近くにいる方がいい人と、遠ざける方がいい人【割合と頻度を見てね】,256269,2,母がそう<br><br>生活資金を断ち切られるそうでどうしても共依存になりやすいです,@はもちゃ-c6k,2023-12-04T07:58:30Z,7tTBN-Ul_Pg
【選ぶ権利がある】近くにいる方がいい人と、遠ざける方がいい人【割合と頻度を見てね】,256269,2,親が遠ざけたほうがいい人でした<br>相手は変わらないだから自分が変わらなきゃ、で自分のことずっと自己否定し続けてました。<br>自分が人間として劣ってるから、私のことは蔑ろにするのは普通<br>自分が至らないせいだとずっと思ってました。<br>自分は悪くなかったんですね。<br>自分にも選択する権利があると知れて良かったです。,@momomo-f5d,2024-05-28T05:04:00Z,7tTBN-Ul_Pg
【選ぶ権利がある】近くにいる方がいい人と、遠ざける方がいい人【割合と頻度を見てね】,256269,2,ありがとうございます<br><br>参考にさせていただきます。<br>なるほど〜<br>と、納得したり、自分こういうところがあるから人に嫌われるのかな～と思いました。<br>難しいですが、ちょっとずつ気楽に考えて生きていきます。,@かな山田-b9j,2023-12-26T07:38:07Z,7tTBN-Ul_Pg
【選ぶ権利がある】近くにいる方がいい人と、遠ざける方がいい人【割合と頻度を見てね】,256269,2,"<a href=""https://www.youtube.com/watch?v=7tTBN-Ul_Pg&amp;t=591"">9:51</a>👍<a href=""https://www.youtube.com/watch?v=7tTBN-Ul_Pg&amp;t=1576"">26:16</a>👍<br>理解してくれる人よりも、理解しようとしてくれる人😢私もそんな人になりたいです。<br>影でコソコソと影口言う人が本当に嫌いです。←ってコレも悪口なんですが😂笑。愚痴は言ってもいい！でも人を下げる悪口は言わない！肝に銘じます。",@こざら999,2024-02-29T23:40:33Z,7tTBN-Ul_Pg
【選ぶ権利がある】近くにいる方がいい人と、遠ざける方がいい人【割合と頻度を見てね】,256269,2,今、結構辛くて、、、。<br>ありがとうございます😢,@三食麺類,2023-11-26T12:46:37Z,7tTBN-Ul_Pg
【選ぶ権利がある】近くにいる方がいい人と、遠ざける方がいい人【割合と頻度を見てね】,256269,2,私にとって遠ざける方がいい人が高齢の母親なので、なかなか難しかったですけど、今はまだ毎日外出するほどパワーがあり<br>お友達も沢山いる人なので、しばらく気にせず距離を置こうと頑張っています。<br>今年何度も距離を置いては、また連絡がきてしばらくは仲良くしているのですが、次第に大喧嘩をしてを繰り返してます。<br>距離を取っている間にに少しずつですがお互いに変化が感じられてはいますし、距離を置く期間もどんどん長くなっています。<br><br>とても背中を押される動画で心が温まりました。ありがとうございます。,@大西涼子-o2o,2023-12-20T21:38:21Z,7tTBN-Ul_Pg
【選ぶ権利がある】近くにいる方がいい人と、遠ざける方がいい人【割合と頻度を見てね】,256269,2,ほとんどの人とコミュニケーションをとる時に、はぁ疲れたって思います<br>自分のコミュニケーションの取り方が問題なんだろうなと思います,@by-lx9yv,2024-04-17T10:50:40Z,7tTBN-Ul_Pg
【選ぶ権利がある】近くにいる方がいい人と、遠ざける方がいい人【割合と頻度を見てね】,256269,2,まんまウチの父さん･･･<br>距離取ってもズケズケ近付いて絡んで来るし、コッチがやり返さないの良い事に嫌がらせ辞めないしで<br>しかも幼稚園ぐらいから躾と称して殴る蹴るなど物理の暴力や恐喝、出てけって言われて家出するのは当然･･･そんな虐待が当たり前だった<br><br>即離れられるんなら離れたいけど<br>金も無いし、弟は重度の知的＆言語障害持ってるしで介護しなきゃいけない･･･現状打破が難し過ぎる,@Tukikage0529,2023-11-29T08:08:16Z,7tTBN-Ul_Pg
【自己愛性パーソナリティタイプ】自分は特別・自分は悪くない・トンデモ行動。自己愛が強い人への対処と改善までご紹介。／ナルシスト、話を聞かない、押し付け、支配的,234791,2,この特徴に該当するらしき人が身近に居るので、接する時ラインオーバーさせないように気をつけたいと思いました,@ACEI-ib7tg,2024-04-07T19:37:27Z,9ZqyqvABW_8
【自己愛性パーソナリティタイプ】自分は特別・自分は悪くない・トンデモ行動。自己愛が強い人への対処と改善までご紹介。／ナルシスト、話を聞かない、押し付け、支配的,234791,2,母と姉が自己愛タイプなんだと感じています。姉は理由、背景の4タイプ全てが当てはまります。<br>今、まさに姉の自己愛が爆発して私ばっかりと言って周り(と言っても血縁の家族だけ)を強く攻撃してきていて、色々と私の気持ちが疲れたときにこの動画に出会えました。<br>ほとんどの動画や解説では本人の意識改善が主体の中、こちらでは周囲の対処もお話ししてくれていたので、とても参考になりました。分かっていても、何度も離れること、自分自身の心を保つことが第一と繰り返してくださっていたのも嬉しいです。,@nekosukinohitsuji,2025-02-23T12:40:37Z,9ZqyqvABW_8
【自己愛性パーソナリティタイプ】自分は特別・自分は悪くない・トンデモ行動。自己愛が強い人への対処と改善までご紹介。／ナルシスト、話を聞かない、押し付け、支配的,234791,2,自分はよくて人はダメですね　思い出したら気持ち悪くなってきたので、離れる以外方法はないということですね　本人は絶対に気づかないので,@nekone2640,2024-09-11T17:05:09Z,9ZqyqvABW_8
【愛情と依存の違い】&quot;好き&quot;と混同しやすい&quot;依存&quot;の特徴とは？自分軸で与える愛と、他人軸 or 自己満足で埋めようとする愛。  〜グラデーションで考える〜,211779,2,出だしだけで自分が恋人に依存してメンタル暴走してしまう原因がわかって唖然😲<br>ありがとうございます。,@まや-m1z,2025-06-05T03:34:04Z,Ui7jIx_0sIU
【愛情と依存の違い】&quot;好き&quot;と混同しやすい&quot;依存&quot;の特徴とは？自分軸で与える愛と、他人軸 or 自己満足で埋めようとする愛。  〜グラデーションで考える〜,211779,2,恋愛依存が昔からあったので気をつけたいです,@miccoys23,2025-08-30T01:02:50Z,Ui7jIx_0sIU
【愛情と依存の違い】&quot;好き&quot;と混同しやすい&quot;依存&quot;の特徴とは？自分軸で与える愛と、他人軸 or 自己満足で埋めようとする愛。  〜グラデーションで考える〜,211779,2,めっちゃ心に刺さる。変わらなきゃ。,@memeoj,2025-05-09T00:59:36Z,Ui7jIx_0sIU
【愛情と依存の違い】&quot;好き&quot;と混同しやすい&quot;依存&quot;の特徴とは？自分軸で与える愛と、他人軸 or 自己満足で埋めようとする愛。  〜グラデーションで考える〜,211779,2,絵の説明がわかりやすい,@レンタク-v4e,2025-11-16T15:58:37Z,Ui7jIx_0sIU
【愛情と依存の違い】&quot;好き&quot;と混同しやすい&quot;依存&quot;の特徴とは？自分軸で与える愛と、他人軸 or 自己満足で埋めようとする愛。  〜グラデーションで考える〜,211779,2,とてもわかりやすい😊先生ですね！すごいな😊,@tanntei-hiroto,2025-09-24T02:25:34Z,Ui7jIx_0sIU
【愛情と依存の違い】&quot;好き&quot;と混同しやすい&quot;依存&quot;の特徴とは？自分軸で与える愛と、他人軸 or 自己満足で埋めようとする愛。  〜グラデーションで考える〜,211779,2,自分の状態は依存とはちょっと違うんだなと思った…なんなんだろう、自分ロードはいっていて、人にめっちゃお世話になっている。頼りすぎじゃないかなって心配になる、その点で人の顔色伺ったりはしてしまうな。これはなんなんだろう…,@はちみつ-x6n,2025-10-29T09:47:51Z,Ui7jIx_0sIU
【愛情と依存の違い】&quot;好き&quot;と混同しやすい&quot;依存&quot;の特徴とは？自分軸で与える愛と、他人軸 or 自己満足で埋めようとする愛。  〜グラデーションで考える〜,211779,2,足りないものはあるけど、それを好きな人に求めたりはしないかな…昔はそういう場面もあったけど、今は殆ど無い<br>足りないものはもがいてもがいて、自分で手に入れるしかない、或いは諦めるしかない,@YN-q4f,2025-04-07T08:12:46Z,Ui7jIx_0sIU
【愛情と依存の違い】&quot;好き&quot;と混同しやすい&quot;依存&quot;の特徴とは？自分軸で与える愛と、他人軸 or 自己満足で埋めようとする愛。  〜グラデーションで考える〜,211779,2,初見です。偶々流れてきたので見にきました❤振り返りが出来てよかったです！めっちゃわかりやすく気軽に振り返れるのがこの動画の素晴らしいところだと思いました！<br><br>私自身、身の回りが支配欲ダダ漏れだったりしてたので身の回りが依存の傾向があるなって感じました！<br><br>過去の私も依存してましたが、今はお互いの成長を見届けられる存在です！凄い成長したんやなって改めて気付かされました！<br>ありがとうございます😊,@Mi-mo_Mi-mo_Mi-mo,2025-02-27T16:48:11Z,Ui7jIx_0sIU
【愛情と依存の違い】&quot;好き&quot;と混同しやすい&quot;依存&quot;の特徴とは？自分軸で与える愛と、他人軸 or 自己満足で埋めようとする愛。  〜グラデーションで考える〜,211779,2,好きという状態の人がお相手と別れを選ぶ時ってどんな時なんだろう…<br>依存体質だと思いますが自分軸を貫くと彼と一緒にいるのは難しいんじゃないかな、別れた方がいいかなって思うんだけどそれってただ自分の思い通りにならなから、線引きできてないから、ってことなのか<br>わからなくて困っています,@団子みたらし-k5f,2026-01-05T11:39:01Z,Ui7jIx_0sIU
【愛情と依存の違い】&quot;好き&quot;と混同しやすい&quot;依存&quot;の特徴とは？自分軸で与える愛と、他人軸 or 自己満足で埋めようとする愛。  〜グラデーションで考える〜,211779,2,依存してたな,@KA-qk2co,2025-09-14T01:57:40Z,Ui7jIx_0sIU
【完璧主義】ひとり反省会・人生が変わらない・全てに神経を尖らせている→「自然な自分ではいけない。」という自己否定のサイン,182094,2,ありのままの自分を受け入れる事から始めます。<br><br>ありがとうございます,@joinjoin8462,2024-02-05T04:08:36Z,a7x8US7Rwj4
【完璧主義】ひとり反省会・人生が変わらない・全てに神経を尖らせている→「自然な自分ではいけない。」という自己否定のサイン,182094,2,特に学生時代苦しかったのは僕だけじゃなかったんですね😢<br>僕も人生の3分の2くらいはキツかったと思います。<br>でも今からは何事もなく自然に任せて生きることができるでしょう。,@yoshi1009az,2024-03-07T07:16:28Z,a7x8US7Rwj4
【完璧主義】ひとり反省会・人生が変わらない・全てに神経を尖らせている→「自然な自分ではいけない。」という自己否定のサイン,182094,2,サムネを見てきました。自分のこと完璧主義だとは思わないけどコレを見ていたら当てはまり過ぎて辛かった...,@user-bn8tvgtdfh,2023-12-21T16:07:26Z,a7x8US7Rwj4
【完璧主義】ひとり反省会・人生が変わらない・全てに神経を尖らせている→「自然な自分ではいけない。」という自己否定のサイン,182094,2,自分のことのようで参考になります,@mwnkenvx,2024-01-11T12:47:17Z,a7x8US7Rwj4
【完璧主義】ひとり反省会・人生が変わらない・全てに神経を尖らせている→「自然な自分ではいけない。」という自己否定のサイン,182094,2,抱え込み自爆系の動画といい、この動画といいまるで自分のことだなぁと思うサムネでした😂自分とうまく向き合っていくために、動画参考に視聴させていただきます🙏,@ローズヒップ佐藤,2024-02-08T12:58:12Z,a7x8US7Rwj4
【完璧主義】ひとり反省会・人生が変わらない・全てに神経を尖らせている→「自然な自分ではいけない。」という自己否定のサイン,182094,2,失敗しても成功しても「経験値1」わかっちゃいるけど直らないダメ完璧主義、完璧に直したいと思っていた事に気がつけました。,@ryuko-h6g,2023-12-22T23:41:22Z,a7x8US7Rwj4
【情緒的ネグレクト】親の“感情面への”無関心や関わりの薄さ。生きづらい子どもに多い、見えにくい精神的なネグレクトとは？,179891,2,こう言う人に対してどう接してあげてほしいかまで入れてほしい。<br>私だけが変えなきゃいけないみたい。,@19kt._.kt96,2026-01-24T15:14:10Z,WN3RVQSf7l8
【情緒的ネグレクト】親の“感情面への”無関心や関わりの薄さ。生きづらい子どもに多い、見えにくい精神的なネグレクトとは？,179891,2,子供の時、ノートに少し落書きしただけで殴るほど怒られて、それでしゃくり上げるほど泣いてしまって。<br>でも親が泣くな！というから頑張って抑えようとするんだけど、しゃっくりは止まらなくて、それ見た親がまた殴ってくるとかいう地獄みたいなループだったわ,@takogirl0118,2026-02-19T04:45:03Z,WN3RVQSf7l8
【情緒的ネグレクト】親の“感情面への”無関心や関わりの薄さ。生きづらい子どもに多い、見えにくい精神的なネグレクトとは？,179891,2,幼少期は家で父親の怒号が飛んでいた記憶しかありません。母にしか矛先が向かなかったので、父親が家の駐車場に車を止める音が聞こえると早く自分のことしなさいと母に言われ必死でやるべきことをやっていた記憶があります。<br>怒りの矛先がこちらに向くのが怖くて怒号が飛んでいる時はとにかく気配を消し、息を殺していました。<br>ときどき母が泣いていたので、できそうな家事をし、もうやっておいたから大丈夫としか声をかけられませんでした。<br>楽しくお出かけをしている時も、楽しい気持ちに冷水を頭から被せるような言動が得意な父親でした。<br>ありがとう。金を出してくれて。<br>それ以上でもそれ以下でもありません。,@user-aki_iris,2026-02-13T18:42:22Z,WN3RVQSf7l8
【自分軸と自分勝手の違い】わがままが気になる人へ。場面での対比を見て整理しよう,159398,2,自分の気持ちを伝えることはわがままなことで申し訳なく感じると思っていました<br>でも自分の気持ちを伝えることを意見交換だと考えるとなんだか悪くないことのように思います😳<br><br>わがままは相手の言ってることを分かろうとしない感じのことを言うのなら、私は相手の言ってる意味を考えながら自分の気持ちを言うようにしてるので、わがままに当てはまらないですね<br><br>そして相手も私に付き会ってもらいたい訳じゃなくて、意見を聞いているのなら私もどう思ってるか伝える方が会話の趣旨にあってる気がしました😮´-,@みよ_Tea,2025-11-06T10:38:21Z,htWuimTJmlQ
【自分軸と自分勝手の違い】わがままが気になる人へ。場面での対比を見て整理しよう,159398,2,YouメッセージよりIメッセージの方がコミュニケーション良くなるって言いますもんね<br>心掛けていきます！,@mzkKykm,2024-02-14T21:16:03Z,htWuimTJmlQ
【自分軸と自分勝手の違い】わがままが気になる人へ。場面での対比を見て整理しよう,159398,2,きいさん目ぱっちりで髪ツヤツヤで顔整ってて凄く美人ですね！<br><br>場違いなコメントすみません💦,@hd-l1g,2024-02-23T19:23:47Z,htWuimTJmlQ
【自分軸と自分勝手の違い】わがままが気になる人へ。場面での対比を見て整理しよう,159398,2,期待に応えなくて良くても、相手が自分勝手なリーダーや同僚だったら理不尽な押し付けあって、何故か裏から手を回されて契約切られそうになったりもするので…どうしたらよかったんだろうなぁ😢,@Sirocheri,2024-02-17T00:30:27Z,htWuimTJmlQ
【自分軸と自分勝手の違い】わがままが気になる人へ。場面での対比を見て整理しよう,159398,2,これ分かっても出来る気がしない。考えずに出来る方法無いかな？<br>他人に興味を持たない。で対応してるんだけど、親戚の名前や顔も覚えられないのでもう少し上手くやりたい。,@めるたろう-d5r,2024-02-19T13:49:29Z,htWuimTJmlQ
【人の力を拡大する人と縮小する人】自分自身との接し方・他者との接し方を見つめてみよう。力を縮小する人の背景は、そばにいた人の影響。,155676,2,目から鱗の話でした。力を与える人にならないとね。,@太郎太郎-h1t,2024-03-04T23:10:17Z,ZFr_SycknUk
【人の力を拡大する人と縮小する人】自分自身との接し方・他者との接し方を見つめてみよう。力を縮小する人の背景は、そばにいた人の影響。,155676,2,人の辛い話を聞いて自分も辛くなる事が優しさだと勘違いしてました…<br>母がそうしてくれたから、自分も母の辛い話を自分事化して、共感してあげようとしてたけれど、まさにこれは同情だったんですね…🙉<br>友人、恋人、同僚、全ての人達の話を聞く時、ほぼ自分事化してる事に気付けてよかったです…！🥲,@きいちゃん-c4e,2024-04-15T12:32:08Z,ZFr_SycknUk
【人の力を拡大する人と縮小する人】自分自身との接し方・他者との接し方を見つめてみよう。力を縮小する人の背景は、そばにいた人の影響。,155676,2,与える側の人間になりたいですね<br>だってこっちのがワクワクして楽しいじゃん！,@knjfjsk,2024-03-05T21:15:34Z,ZFr_SycknUk
【人の力を拡大する人と縮小する人】自分自身との接し方・他者との接し方を見つめてみよう。力を縮小する人の背景は、そばにいた人の影響。,155676,2,本題からズレるかもだけど、よくFPSのゲームをする時ボイスチャットでこれら意識して話してるけど、味方からの印象いつもいいし基本民度があまり良くないって言われてるゲームだけど、そういう人にあまり会わないから効果をすっごい実感してます…,@Hinata_hinahina,2024-04-27T03:45:40Z,ZFr_SycknUk
【人の力を拡大する人と縮小する人】自分自身との接し方・他者との接し方を見つめてみよう。力を縮小する人の背景は、そばにいた人の影響。,155676,2,力を与えてくれる人の真似をするようにしてみます。<br>そして、力を縮小してしまう人達に影響を与えることが出来るようになることが出来ればと思います。,@izumiozaka4352,2024-03-02T23:22:44Z,ZFr_SycknUk
【人の力を拡大する人と縮小する人】自分自身との接し方・他者との接し方を見つめてみよう。力を縮小する人の背景は、そばにいた人の影響。,155676,2,ありがとうございます！どちらも当てはまる箇所があり奪う法は治していきます😊,@sun-jd8dc,2024-02-22T06:41:57Z,ZFr_SycknUk
【人の力を拡大する人と縮小する人】自分自身との接し方・他者との接し方を見つめてみよう。力を縮小する人の背景は、そばにいた人の影響。,155676,2,初めまして、歳を重ねて来て思うのは、<br>子育て時期に聞いていたとしても反感を抱いて聞いていたと思う。<br>まだ心に響く時期では無かった気がする。<br>老齢になって今更ながら心に響いて来たと言うことは<br>素直な心で聞ける時期になって来たのかもしれません。<br>自分にかけていたのは謙虚さだったのだと気付かされました。<br>最近若い方の動画で学ばされる事が多くなって来ました。😂<br>どうも有難う御座います,@そよ風栗子,2024-03-05T13:07:07Z,ZFr_SycknUk
【人の力を拡大する人と縮小する人】自分自身との接し方・他者との接し方を見つめてみよう。力を縮小する人の背景は、そばにいた人の影響。,155676,2,なんか絵が可愛い🐮,@TopForce-te1jp,2024-02-24T12:34:14Z,ZFr_SycknUk
【アダルトチルドレン】克服の一歩は自己理解。心の平穏を取り戻すため自分に目を向け、心の声に耳を傾けよう。【AC】,151938,2,みんな生きてて欲しい…でも死にたいと思ってしまうのを、だめだよ!！って強く言いたくない。　思ったっていいんだ。,@Lokomode,2025-10-17T00:37:24Z,usIp41t_vo0
【アダルトチルドレン】克服の一歩は自己理解。心の平穏を取り戻すため自分に目を向け、心の声に耳を傾けよう。【AC】,151938,2,話し方が優しくて聞きやすかったです。,@R.S-h5g,2025-06-04T23:43:36Z,usIp41t_vo0
【アダルトチルドレン】克服の一歩は自己理解。心の平穏を取り戻すため自分に目を向け、心の声に耳を傾けよう。【AC】,151938,2,"<a href=""https://www.youtube.com/watch?v=usIp41t_vo0&amp;t=1226"">20:26</a> 自分用<br>何回聞いても泣ける",@ギリギリキリギリス,2025-05-01T17:47:26Z,usIp41t_vo0
【アダルトチルドレン】克服の一歩は自己理解。心の平穏を取り戻すため自分に目を向け、心の声に耳を傾けよう。【AC】,151938,2,生まれたその時から足を引かれ続けては<br>立ち方など知ることもできない。,@乙鐘与象-y5p,2024-11-07T15:15:58Z,usIp41t_vo0
【アダルトチルドレン】克服の一歩は自己理解。心の平穏を取り戻すため自分に目を向け、心の声に耳を傾けよう。【AC】,151938,2,今まさに選ばなきゃいけない事象があって　でも選べなくて壁にぶち当たってるときに<br>おすすめに流れてきました<br>まんま自分でした…<br>頑張りたい,@昌瑞-m6e,2024-10-30T09:23:33Z,usIp41t_vo0
【アダルトチルドレン】克服の一歩は自己理解。心の平穏を取り戻すため自分に目を向け、心の声に耳を傾けよう。【AC】,151938,2,きいさんの優しい声、話し方、言葉、<br>いつも癒されています。<br>ありがとうございます😌🙏,@ぽこよし,2024-10-26T09:43:32Z,usIp41t_vo0
【アダルトチルドレン】克服の一歩は自己理解。心の平穏を取り戻すため自分に目を向け、心の声に耳を傾けよう。【AC】,151938,2,泣いてしまいました😢,@まめしろ-o1d,2024-10-25T23:53:03Z,usIp41t_vo0
【アダルトチルドレン】克服の一歩は自己理解。心の平穏を取り戻すため自分に目を向け、心の声に耳を傾けよう。【AC】,151938,2,アダルトチルドレン関連の様々な動画を拝見いたしました。<br>はっきり親を否定できるようになり、本来の自分が発見・持てるようになってきました。<br><br>親を完全に切り離し、一切関わらないようにして取り組んできたので孤独感がとても大きく、荒療治だったな…とこれまでを振り返って反省してます。<br><br>ただ、親が自分の過ちを認める姿勢が全く無いので、このまま墓へ持っていくことになりそうです。<br><br>責めて傷つく親は見たくないと思っていますし、親に打ち明けない選択を選ぼうと思ってます。<br><br>この動画に出会えて良かったです。<br>ありがとうございました。,@サイレン-i3i,2025-03-24T11:19:41Z,usIp41t_vo0
【アダルトチルドレン】克服の一歩は自己理解。心の平穏を取り戻すため自分に目を向け、心の声に耳を傾けよう。【AC】,151938,2,家庭環境は特に問題ないと思うのですが特徴に全てと言って良いほど当てはまっていました<br><br>家庭外での自分は常に偽って生きてきました<br>完璧な自分でなければならないと目標を定めては達成してもまだ満点じゃない、周りから認められないんだと責め続けてきました<br>これから社会人になりますが不安で仕方ありません<br>変わりたいと何年も前から思っていますが動画で言っていたようになかなか変われないです<br>自分を認めて責めない事、をまず第一に頑張ってみます,@noco7282,2025-03-17T17:54:29Z,usIp41t_vo0
【アダルトチルドレン】克服の一歩は自己理解。心の平穏を取り戻すため自分に目を向け、心の声に耳を傾けよう。【AC】,151938,2,人が怖くてこちらが迷惑かけるのも怖くて仕事以外でまともにコミュニケーションがとれません。わたしがアダルトチルドレンかはわかりませんけど,@kamisiroreno,2025-02-24T23:40:17Z,usIp41t_vo0
【アダルトチルドレン】克服の一歩は自己理解。心の平穏を取り戻すため自分に目を向け、心の声に耳を傾けよう。【AC】,151938,2,為政者や経営者の都合がいいから放置されていて、むしろ称賛されたりするから難しい。<br>辛いけど資本主義者では結果が出たりするからね。,@rurueru2003,2024-11-18T22:57:22Z,usIp41t_vo0
【アダルトチルドレン】克服の一歩は自己理解。心の平穏を取り戻すため自分に目を向け、心の声に耳を傾けよう。【AC】,151938,2,何年も自分に合う専門家や自助グループを探しています。関わることによって思い出したりして、よけい具合が悪くなったりしています。専門家の探し方を教えてほしいです。,@kinaki1003,2024-11-06T21:19:23Z,usIp41t_vo0
【共依存】人間関係のストレスや問題の背景。自分の価値を感じられなければ心が保てない。自己犠牲して周りを優先、人をコントロールしたり人を依存させる。,132084,2,１０年前に見たかった。。。,@mkpcff23095,2026-02-16T16:08:59Z,mxqVWLBiV3k
【共依存】人間関係のストレスや問題の背景。自分の価値を感じられなければ心が保てない。自己犠牲して周りを優先、人をコントロールしたり人を依存させる。,132084,2,もっと早くにこの動画にあいたかった,@kslike4702,2025-11-07T21:56:52Z,mxqVWLBiV3k
【共依存】人間関係のストレスや問題の背景。自分の価値を感じられなければ心が保てない。自己犠牲して周りを優先、人をコントロールしたり人を依存させる。,132084,2,これ自分自身の事ですよ😢後、自身の母親とどうして共依存したりされたりしております、多分、今のままではダメだからちょっとずつでもね治していきたいです。😢,@高橋情助,2024-03-28T08:11:21Z,mxqVWLBiV3k
【共依存】人間関係のストレスや問題の背景。自分の価値を感じられなければ心が保てない。自己犠牲して周りを優先、人をコントロールしたり人を依存させる。,132084,2,友人のことを思い出しました。<br>相手に感情的にも金銭的にも苦しめられた過去があるのに相手から離れられない、関係を続けてしまう。<br>でも友人はそんな相手がいないと壊れてしまうのではとも感じる。<br>相手と縁を切ってほしい、もっと自分自身を大切にしてほしいって気持ちは自分のわがままなのかな。,@瑠璃-m3e,2024-11-18T14:08:48Z,mxqVWLBiV3k
【共依存】人間関係のストレスや問題の背景。自分の価値を感じられなければ心が保てない。自己犠牲して周りを優先、人をコントロールしたり人を依存させる。,132084,2,ああこの動画私にとって大事なこと教えてくれたありがとう,@オサマー-k3t,2024-07-26T15:25:58Z,mxqVWLBiV3k
【共依存】人間関係のストレスや問題の背景。自分の価値を感じられなければ心が保てない。自己犠牲して周りを優先、人をコントロールしたり人を依存させる。,132084,2,15年ほど一緒に居た元友人と共依存でした。縁切りが本当に良かったのかと自信が無かったのですが、前を向けそうです。良い子でいるのは息苦しかったです。素敵な動画でした🌿<br>ありがとうございます🌿🌿,@user-bi9me9gs4j,2024-08-22T17:09:57Z,mxqVWLBiV3k
【共依存】人間関係のストレスや問題の背景。自分の価値を感じられなければ心が保てない。自己犠牲して周りを優先、人をコントロールしたり人を依存させる。,132084,2,全部自分に当てはまりました✨<br>勉強になりました！<br>ありがとうございました🙏,@Aki-s9c,2024-06-29T08:35:25Z,mxqVWLBiV3k
【共依存】人間関係のストレスや問題の背景。自分の価値を感じられなければ心が保てない。自己犠牲して周りを優先、人をコントロールしたり人を依存させる。,132084,2,はじめまして。<br>そのまま、私です。親との関係、仕事でのお客さんの対応‥失敗がこの時期、ちょうど重なりました。<br>共依存という言葉は私には関係無いとスルーしていましたが、確実に私の体質です。<br>逃げずに認識できたことは強いと思いました。<br>ありがとうございました。,@arapan0419,2024-07-15T23:20:19Z,mxqVWLBiV3k
【共依存】人間関係のストレスや問題の背景。自分の価値を感じられなければ心が保てない。自己犠牲して周りを優先、人をコントロールしたり人を依存させる。,132084,2,あー、ほんとによくないすごくわかってしまいます  こういうのって、心の状態つらいのをなおすのって、心療内科いったらいいんでしょうか。？,@amepero_321,2024-02-29T17:22:30Z,mxqVWLBiV3k
【認知の歪み】超身近な苦しくなる思考の癖。認知の歪みとは？10種類の例と改善に向けた対応,130279,2,友達に俺、謙虚になった方がいいかなっていったら久典さん大悪人だからそのままでいた方がいいよと言われてなんかすっきりしました。やんちゃな自分は否定すべきという思考があったんでしょうね（笑）,@佐藤久典-n8i,2024-02-16T07:28:25Z,AxlcavvWwYk
【認知の歪み】超身近な苦しくなる思考の癖。認知の歪みとは？10種類の例と改善に向けた対応,130279,2,正しい認知などない。,@gzzexpel,2024-03-10T12:18:57Z,AxlcavvWwYk
【認知の歪み】超身近な苦しくなる思考の癖。認知の歪みとは？10種類の例と改善に向けた対応,130279,2,ありがとうございます！<br>すごく優しくて暖かいなとおもいました。<br><br><br>全部当てはまるな、と思ったのですが、薄まってきているなとも思いました。<br>合っているかはわからないですが、これを無くそう無くそうとするのも、白黒なのかなー<br>と思ったので、少しずつ薄めたり、自覚できる時間をノートに書いたりして増やしてみます！<br>ありがとうございました！,@みひ-u1n,2024-05-12T10:23:11Z,AxlcavvWwYk
【認知の歪み】超身近な苦しくなる思考の癖。認知の歪みとは？10種類の例と改善に向けた対応,130279,2,近所の人の目が気になります。<br>とゆうか人の思考が気になります。<br><br>周りはしっかりしたお家で、うちは窓から音が盛れるお家です。よく声が漏れるし子どもの遊んでる音や大声もお皿を洗う音も漏れます。はっきり聞こえる程度です。初めは隣の足音や車のドアを閉める音がしてましたがしなくなりました。<br>開き直って生活したこともあったのですが、やっぱりうるさいと思われてるんだろうな。とか、聞かれててだいたいこの時間はこんなことするんだなと判断されてる気がします。<br><br>絶対自分が思ってる思考のように自分の事を変に思ってるに違いない。人も歪んでる。歪んだやつばっかり。こちらを迷惑なやつと思ってるに違いない。ヤンキーと思われてるに、育ち悪いと思われてるに違いないと思います。<br>そう思われたくないです。<br>実際に育ちはアルコール依存症の家庭で育ったから悪いとは思いますが。<br>毎日気になるしチェックしてしまうから変に思われてるんだとも思います。<br>でも思考が止まりません。認知の歪み。一日中何をするにも出ていく時間など被らないようにしたりとか分からないように静かにしたりしなかったりとか特定されないように毎日違う時間に変えてみたりとか自分がします。<br>しんどいのは分かっているのに、合わせられるのが嫌で続けます。<br><br>紙に書いてみました。<br>逆にフォーカス。。出来ません。<br>そう思ったことと実際に起こったことは当たっているので歪んだまま。。歪み直しの進め方が悪いのでしょうか。<br>コツコツ繰り返すことなのでしょうか。。。,@kk-mashuuu,2024-01-12T15:18:12Z,AxlcavvWwYk
【投影】他人(外側)に自分の感情・欲求や過去を映し出す。＝自分流に解釈している。人間関係や自己理解のために「投影」をチェックしてみましょう,121833,2,自分頭の中だけで考えても腑に落ちない感情が今まであったのですが、<br>投影というものを知ることによって、自分自身と自分自身の投影というものを、より落ち着いて俯瞰して見ることができるようになった気がします😌<br>ありがとうございました！✨,@MrRN-tr2yc,2025-05-17T07:34:36Z,4StA-DDlEfk
【投影】他人(外側)に自分の感情・欲求や過去を映し出す。＝自分流に解釈している。人間関係や自己理解のために「投影」をチェックしてみましょう,121833,2,刺さりすぎた。<br>善く生きていく事を実践していこうと思います。,@dddddddd-s1g,2024-11-02T15:41:52Z,4StA-DDlEfk
【投影】他人(外側)に自分の感情・欲求や過去を映し出す。＝自分流に解釈している。人間関係や自己理解のために「投影」をチェックしてみましょう,121833,2,周りに差別されやすい人が居ると、自分もそう言う人間と思われてしまうよなぁ。<br>そもそも偏見を持っている人の課題なんだよなぁ。,@宿谷岳夫,2024-08-06T03:42:06Z,4StA-DDlEfk
【投影】他人(外側)に自分の感情・欲求や過去を映し出す。＝自分流に解釈している。人間関係や自己理解のために「投影」をチェックしてみましょう,121833,2,良いテーマの動画をありがとうございます。説明も分かりやすくて、とても参考になりました。<br><br>もやもやしたら外に・・ではなくて、常に内に向かって自己確認が必要なことを再確認できました🔍,@se-ib2hq,2024-06-19T18:42:36Z,4StA-DDlEfk
【投影】他人(外側)に自分の感情・欲求や過去を映し出す。＝自分流に解釈している。人間関係や自己理解のために「投影」をチェックしてみましょう,121833,2,投影についての説明はいろいろ観ましたが、一番、すっごくすっごくわかりやすかったです！<br>投影されることもあるのですね。<br><br>あれ？なんかモヤモヤする、とかイライラする、というのは人のせいではなかったかもしれないと思いました。,@user-fi2fj9nn4r,2024-06-29T21:56:34Z,4StA-DDlEfk
【投影】他人(外側)に自分の感情・欲求や過去を映し出す。＝自分流に解釈している。人間関係や自己理解のために「投影」をチェックしてみましょう,121833,2,嫉妬と抑圧は何が違うんだろう？？,@お漢_aka_GAMIGAMI,2024-11-18T12:19:13Z,4StA-DDlEfk
【投影】他人(外側)に自分の感情・欲求や過去を映し出す。＝自分流に解釈している。人間関係や自己理解のために「投影」をチェックしてみましょう,121833,2,投影が起きている例そのまま、その場にいる全ての男性の関心を集める絶世の美女に心がザワつきます😅,@あれっくる,2024-07-04T01:36:12Z,4StA-DDlEfk
【投影】他人(外側)に自分の感情・欲求や過去を映し出す。＝自分流に解釈している。人間関係や自己理解のために「投影」をチェックしてみましょう,121833,2,こういうのを勉強したかった！,@mofumofuabc,2024-07-01T06:38:18Z,4StA-DDlEfk
【敵意帰属バイアス】自分を嫌っているんだと誤解・攻撃されたと誤解をしやすい。自己成長や対人関係の弊害。不信感。まずは傾向に気づくこと。,107541,2,生まれてこの方物事へ取り組む姿勢について「至極真面目だ」との評価しか受けてこなかったんですが、前職では何故か上司からまるで悪人かのような言われをされることが続いて「自分はいま一体何のために頑張ってるんだろう」とひたすらしんどかったです。「敵意帰属バイアス」という言葉をこの動画で初めて知ったのですが、その上司はここで紹介されている苛立ちタイプのバイアスがかかっていたのだろうなと理解することができました。すごく勉強になりました。,@瑠虎637,2025-02-15T01:17:33Z,_uTgEER207c
【敵意帰属バイアス】自分を嫌っているんだと誤解・攻撃されたと誤解をしやすい。自己成長や対人関係の弊害。不信感。まずは傾向に気づくこと。,107541,2,敵意帰属バイアスだから、リセット癖があったり心を開ききれてる友達がいないんだろうな。でも適応力もそこそこあるし穏やかだから表面的には周りとうまくやれているつもり。(自分的には)<br>だからこそ、悩んでいるなんて気づかなかったとかポーカーフェイスだとか言われたりするし溜め込んで自爆する😂<br>生きづらくしてるのは自分なんだよなあ。気づいているのに治らない。,@opansan,2025-03-17T11:45:59Z,_uTgEER207c
【敵意帰属バイアス】自分を嫌っているんだと誤解・攻撃されたと誤解をしやすい。自己成長や対人関係の弊害。不信感。まずは傾向に気づくこと。,107541,2,すごく心がやすらぎました。<br>素敵な動画ありがとうございます！,@user-tf9tl1si5u,2024-05-19T10:38:36Z,_uTgEER207c
【敵意帰属バイアス】自分を嫌っているんだと誤解・攻撃されたと誤解をしやすい。自己成長や対人関係の弊害。不信感。まずは傾向に気づくこと。,107541,2,幼少期から親子関係が辛かった為、認知が歪み、対人関係において些細な事で傷つき、すぐに<br>「ふざけんな！バカにしてるのか」の思考グセ…今でも辛くなる時があります😢 <br>こちらの動画で過去を振り返り涙を流せて「今まで本当によく頑張ってきたね」と過去の私に寄り添う事が出来ました😂<br>最近は辛さが出てくると、自分を理解してあげる為に繰り返し視聴させていただいてます✨<br>ありがとうございます❤<br>コメント欄の皆様もお辛い中頑張ってるんだなあと思うと、何だか優しい気持ちになれました😊,@mami-oe2sd,2024-08-22T00:05:42Z,_uTgEER207c
【敵意帰属バイアス】自分を嫌っているんだと誤解・攻撃されたと誤解をしやすい。自己成長や対人関係の弊害。不信感。まずは傾向に気づくこと。,107541,2,このまま急速に老化していって<br>綺麗で可愛く居られなくなるのかな………………,@れなentertainment,2024-05-11T05:41:21Z,_uTgEER207c
【敵意帰属バイアス】自分を嫌っているんだと誤解・攻撃されたと誤解をしやすい。自己成長や対人関係の弊害。不信感。まずは傾向に気づくこと。,107541,2,家に居ても悪口を言われてるかもしれないと、不安になる😢,@AI絵本工房-j1p,2024-09-14T05:45:33Z,_uTgEER207c
【敵意帰属バイアス】自分を嫌っているんだと誤解・攻撃されたと誤解をしやすい。自己成長や対人関係の弊害。不信感。まずは傾向に気づくこと。,107541,2,私もこの傾向がひどすぎてパニック障害発症しました…。,@モチ-m6h,2024-04-27T01:29:04Z,_uTgEER207c
【敵意帰属バイアス】自分を嫌っているんだと誤解・攻撃されたと誤解をしやすい。自己成長や対人関係の弊害。不信感。まずは傾向に気づくこと。,107541,2,人は嫌いではないけど<br>分かり合うのが難しいと億劫になるね<br>ずれてるから仕方ないとはいえ…,@こぴこ-t9k,2024-06-25T20:02:34Z,_uTgEER207c
【敵意帰属バイアス】自分を嫌っているんだと誤解・攻撃されたと誤解をしやすい。自己成長や対人関係の弊害。不信感。まずは傾向に気づくこと。,107541,2,警戒心を解いたり信頼するのは意識してるけど、短時間で凄い頭痛くなる<br>練習を重ねて時間を伸ばせればと思うけど、なかなか上手くいかない😥,@そはくとろん,2024-04-25T21:12:18Z,_uTgEER207c
【敵意帰属バイアス】自分を嫌っているんだと誤解・攻撃されたと誤解をしやすい。自己成長や対人関係の弊害。不信感。まずは傾向に気づくこと。,107541,2,この思考はダメだと分かっていてもすぐに落ちていくし、ひどい時はありがとうって言われても反射的に舌打ちが出る。案の定コミュニケーションが出来る時出来ない時の差が激しくムラがある,@追い越しの為の右側部分はみ,2024-04-17T23:07:38Z,_uTgEER207c
【敵意帰属バイアス】自分を嫌っているんだと誤解・攻撃されたと誤解をしやすい。自己成長や対人関係の弊害。不信感。まずは傾向に気づくこと。,107541,2,私は嫌われているから攻撃されると、ストレスがかかっていた時に本当にそう思っていました🥲<br>今その時のことを思うと、相手はそんなつもりなかっただろうに、相手にも迷惑かけてしまったし自分も苦しかったなと思います。その後、様々な経験をして、優しい人って思ったよりも多いし、話してみると自分の要望が通ることってたくさんあるんだと気がつきました！<br>こわいと思ったり、怒ってしまいそうになったときは、本当にそうなの？と自分に問いかけてみたいです！,@チーズかぼちゃぷりん,2024-04-25T02:36:15Z,_uTgEER207c
【敵意帰属バイアス】自分を嫌っているんだと誤解・攻撃されたと誤解をしやすい。自己成長や対人関係の弊害。不信感。まずは傾向に気づくこと。,107541,2,小さい頃から家では母に怒られてばかり、幼稚園からいじめられ、小中学校でも仲間外れや孤立はしばしばだったから、信用できる人間がほとんどいなかったし、周りの人間の9割は敵と思ってた。<br>母から同級生や弟と比較されてけなされることも多かったから、人の間のカーストや優劣に敏感にもなるし。<br>という訳でAにもBにも該当。<br>20代半ばで行き詰まり、心を病んだ頃が一番人が怖かった。<br>今から思うと人目を気にし過ぎていたのかも。<br>人に誤解されたり嫌われたとしても神様は私を愛し、私を一番よく知っておられる。<br>実践的には、自分をよく知り、心のざわざわを言語化してみること。<br>多くの人に好かれようとせず、自分の居心地の良い場所を選んで、少数の人とマイペースに関わることが、自分の心を守ると思います。,@plumeria6653,2025-07-18T14:13:29Z,_uTgEER207c
すぐ臨戦体制になり食ってかかりやすい心の癖。人を敵に思いやすい「敵意帰属バイアス」② #心理学 #人間関係 #ストレス #教養,105721,2,わざわざ捻じ曲げて悪意として受け取ろうとしてるようです。全てマウント取りかどうかで感じてしまう。人間不信なんですが他人を信じられないのは何より自分の気持ちが信じられないから。,@nas-xi4mo,2026-01-29T22:12:17Z,wsR2RjpGWDg
すぐ臨戦体制になり食ってかかりやすい心の癖。人を敵に思いやすい「敵意帰属バイアス」② #心理学 #人間関係 #ストレス #教養,105721,2,パワハラ上司がまさにこれ,@りり-l3k5v,2025-10-04T14:42:41Z,wsR2RjpGWDg
すぐ臨戦体制になり食ってかかりやすい心の癖。人を敵に思いやすい「敵意帰属バイアス」② #心理学 #人間関係 #ストレス #教養,105721,2,右上の人にも問題ありだなw,@抹茶ん-Ch,2025-10-23T16:14:15Z,wsR2RjpGWDg
すぐ臨戦体制になり食ってかかりやすい心の癖。人を敵に思いやすい「敵意帰属バイアス」② #心理学 #人間関係 #ストレス #教養,105721,2,発達障害を持っている方の特徴でもありますね。ASDの人は外からの刺激を「攻撃された！」と捉えてしまいやすいです。なぜなら自分の世界にはいりやすいから。自分以外の世界を認識する事が困難なので、他人の気持ちや行動を考える事がそもそもできないのです。さらに、他の発達障害とも併せ持つことは多いのでASDと並行してADHD、LDなどを持っていると注意される事が定型発達の人と比べて多くなり、自己肯定感が低くなって他人への攻撃性が増してしまいますよね。悲しい。,@moge2032,2025-12-24T21:52:01Z,wsR2RjpGWDg
【回避傾向】自分を生きることから逃げる。失敗、責任、批判、恥、人を傷つける恐れなどを最優先にして人生が停滞する,103401,2,それが自分が頑張って探して見つけた生き方やー‼️👏👏👏,@とうがらし党,2025-09-17T07:10:48Z,khgpg2jcUCE
【回避傾向】自分を生きることから逃げる。失敗、責任、批判、恥、人を傷つける恐れなどを最優先にして人生が停滞する,103401,2,頑張ることが、前提で生きてきたことに気づいたばかりです。<br>楽に生きられるよう、自分を落ち着いて見てみていこうと思います。,@tomoko216,2025-02-12T13:07:44Z,khgpg2jcUCE
【回避傾向】自分を生きることから逃げる。失敗、責任、批判、恥、人を傷つける恐れなどを最優先にして人生が停滞する,103401,2,沢山の物理的もしくは心理的に嫌な事、自分が幸せになる事を回避する→うつ病、引きこもり、ニート<br><br>醜い自分であること、社会的な孤立、寂しさを恐れる→普通の生活,@シュークリームの食べ方,2025-02-16T12:51:28Z,khgpg2jcUCE
【回避傾向】自分を生きることから逃げる。失敗、責任、批判、恥、人を傷つける恐れなどを最優先にして人生が停滞する,103401,2,動き回って逃げている人、自分です…<br>他人のことに没頭して、自分は置き去りにしてました😮,@shushishi,2025-02-12T13:28:05Z,khgpg2jcUCE
【回避傾向】自分を生きることから逃げる。失敗、責任、批判、恥、人を傷つける恐れなどを最優先にして人生が停滞する,103401,2,どっちも（動きまくる、逃げまくる、合わせまくる腹は割らない）やりまくって病んで迷走してるナウ。,@talfdd,2025-02-14T15:04:46Z,khgpg2jcUCE
【回避傾向】自分を生きることから逃げる。失敗、責任、批判、恥、人を傷つける恐れなどを最優先にして人生が停滞する,103401,2,スタッフさん復帰おめでとうございます😌<br><br>認知の歪み、自己受容、境界線は特に自分が当てはまる課題だなーと自覚して取り組んでいますが、今回の回避「わぁー！！まさにこれだ！」となってます👀<br><br>継続は得意。でも始める・終わらせるが物凄く苦手＋あらゆるリスクが浮かんでしまう<br>その結果(失敗して後悔するだろうからやらない方がいい)と自分で行動を制限してしまう...<br><br>人間関係→“優しくて肯定する私”<br>仕事→“真面目でしっかりしてる私”が価値がある、そうでなければ必要とされなくなる<br>私の存在価値は低いから求められるものを提供しなくては。。<br>の思い込みがなかなか抜けないですね💧,@凛25,2025-02-05T15:27:29Z,khgpg2jcUCE
【人に依存しすぎている人】自分に主導権がなくなっている・人に何かしてもらうことを求めすぎる人（自立しなさすぎている状態）,91609,2,こういう人にずっと依存されがちで、疲れ果てて縁を切るってパターンを繰り返してました。<br>もうこんな面倒な人に2度と関わらないようにしたい。健全な人間関係を築きたいです。,@cocomaking,2025-10-24T01:59:15Z,27c9_QRTctI
【人に依存しすぎている人】自分に主導権がなくなっている・人に何かしてもらうことを求めすぎる人（自立しなさすぎている状態）,91609,2,凄い分析だ！<br>勉強になります😃,@ぽぽぱんだ,2025-04-07T19:26:15Z,27c9_QRTctI
【人に依存しすぎている人】自分に主導権がなくなっている・人に何かしてもらうことを求めすぎる人（自立しなさすぎている状態）,91609,2,わー的確。。色々と整理できました。ありがとうございます。,@NEKO-vb6kz,2024-05-31T16:30:57Z,27c9_QRTctI
【人に依存しすぎている人】自分に主導権がなくなっている・人に何かしてもらうことを求めすぎる人（自立しなさすぎている状態）,91609,2,今からでも変われるんですかね…<br>自分のこれまでを振り返って、やってきたことを受け入れられない自分自身に、落ち込んでます。<br>過去を恨んでも、自分のやってきたことを責めても、何も変わらないけれど、主体性がなかったこと、依存しすぎていたことに気づけたら、もっと生きやすかったのかもしれないんですね。しんどいけれど、耐えてみます。いつも自分を振り返るきっかけになってます。ありがとうございます。,@aefiorjia9q2h39hivasf,2025-03-04T14:01:58Z,27c9_QRTctI
【人に依存しすぎている人】自分に主導権がなくなっている・人に何かしてもらうことを求めすぎる人（自立しなさすぎている状態）,91609,2,かんぜんにうちの母親です…。しんどかったんで距離取りました。MCIにもなってたかも知れませんね。,@塩こんぶ-u4y,2024-08-24T00:34:56Z,27c9_QRTctI
【人に依存しすぎている人】自分に主導権がなくなっている・人に何かしてもらうことを求めすぎる人（自立しなさすぎている状態）,91609,2,テイカー型,@Kohane57,2024-07-28T09:23:13Z,27c9_QRTctI
【強い劣等感】落ち込みが止まらない、すぐ人と比較、頑張りすぎてしまう、自分を守るために攻撃・敏感になりやすい、理想やプライドが高くなる。,84076,2,もうすぐアラサーで周りの友達ほとんどに彼女ができ始めてなんで筋トレしたり自分磨きしてる自分にはできないんだって劣等感がすごくて、ただでさえ少ない友達がほぼ離れてしまった😢,@ElzA2446,2025-11-01T07:50:51Z,3BV7aU3Dl8w
【強い劣等感】落ち込みが止まらない、すぐ人と比較、頑張りすぎてしまう、自分を守るために攻撃・敏感になりやすい、理想やプライドが高くなる。,84076,2,中高生の頃は、心ない言葉をかけてくる大人が多かったです。<br>母からは「お前は身長が低くて足が短い上にひん曲がってて醜い！だからみんなお前のことを馬鹿にしているんだ！」と言われていました。<br>学校は医学部に行くことが何よりも正しいこととされている学校だったから、教師からは「お前は文系だから知能が低い」と言われていました。<br>もしかして過酷な環境だったのかなぁ。<br>でも、知人友人の話を聞くと、もっと恐ろしい親、もっと恐ろしい教師がいっぱいいるので、自分はぬるい方のような気がします……,@翡翠-h8p,2024-09-27T13:14:50Z,3BV7aU3Dl8w
【強い劣等感】落ち込みが止まらない、すぐ人と比較、頑張りすぎてしまう、自分を守るために攻撃・敏感になりやすい、理想やプライドが高くなる。,84076,2,プライド高いかもw<br>ネガティブ発言は自慢だと思ってるからw,@まふぃん0112,2024-04-22T11:20:12Z,3BV7aU3Dl8w
【強い劣等感】落ち込みが止まらない、すぐ人と比較、頑張りすぎてしまう、自分を守るために攻撃・敏感になりやすい、理想やプライドが高くなる。,84076,2,なるほど、人より劣っている面を補おうとすると、足りない部分ばかりに目がいってネガティブな思考にとらわれがちですが、<br>「面白い」「できるようになったら嬉しい」という気持ちで取り組めば、劣等感にとらわれる癖も少しずつ直せそうですね。<br>いつもいい気分で日々を過ごしたいものです。<br>動画ありがとうございます。とても参考になりました！,@SayaMoto,2025-01-11T10:37:28Z,3BV7aU3Dl8w
【強い劣等感】落ち込みが止まらない、すぐ人と比較、頑張りすぎてしまう、自分を守るために攻撃・敏感になりやすい、理想やプライドが高くなる。,84076,2,劣等感よく自分で抱えるので、助かりました！<br>あと別のことですが、教育界で仕事してるのですが、職場が異動になるのと、子供との別れたことが辛すぎて悩んでます😢<br>その気持ちが涙として出ず、我慢するので、お腹が痛くなります。<br>何かいい方法があったら教えて欲しいです。<br>よろしくお願いします。,@果物美味しい-p1t,2024-03-20T12:20:13Z,3BV7aU3Dl8w
【日常に残る心の影響】知らないで自分を否定したり、現実とのギャップを起こし続けていませんか？大事な自分を理解・受容・幸せへ。,83800,2,大人になるまでずっと意見はすべて母に否定されてきたし、母がすべてだと思って生きてきた。クリニックに通って認知の歪みとか視野の狭さに気づけた。この動画共感することばかりでした。,@からあげくん-q7u,2025-10-24T19:09:57Z,cNzvBWkhm3Y
【日常に残る心の影響】知らないで自分を否定したり、現実とのギャップを起こし続けていませんか？大事な自分を理解・受容・幸せへ。,83800,2,この前結婚報告するために実家帰省したらしんどすぎてお相手と2人になった時に泣いてしまいました。この動画の通り、実家時代の記憶が少ないです,@風切羽-j2b,2025-11-09T13:14:46Z,cNzvBWkhm3Y
【日常に残る心の影響】知らないで自分を否定したり、現実とのギャップを起こし続けていませんか？大事な自分を理解・受容・幸せへ。,83800,2,まさにこれでした😮納得…。<br>車の運転が苦手です。後続車の距離感とか気凄いになってしまいます。,@narinari5151,2025-11-16T13:38:49Z,cNzvBWkhm3Y
【日常に残る心の影響】知らないで自分を否定したり、現実とのギャップを起こし続けていませんか？大事な自分を理解・受容・幸せへ。,83800,2,全てがとても当てはまりすぎてびっくりしました。<br>案外自分の分からない所で傷ついている物なんですね。,@HARI-n4o,2025-10-28T14:13:52Z,cNzvBWkhm3Y
【日常に残る心の影響】知らないで自分を否定したり、現実とのギャップを起こし続けていませんか？大事な自分を理解・受容・幸せへ。,83800,2,ほぼほぼ当てはまってましたが、一方で好きなもの、こと…などのアイデンティティは割としっかり昔から持っているのと、言いたい事も親に大人気なく論破されようとめげずに主張してきたので、後遺症レベルでいうとまだ全然マシなんだろうなと思ってます。<br>それでも例えば「結論から話したり簡潔にまとめるのが苦手」に関しては、社会人になった今もかなり大きな悩みとして残ってます。<br>「主張の際に反論の余地を与えないように1から10まで全て説明してやる、終わるまで口を挟ませないぞ！」あるいは「自分はちゃんとここまで考えてた！聞かれてから考えた訳じゃない！それを誤解されて子供の考える事だから甘いのだと思われないように先回りして全部言うんだ！」などといった子供なりの意地が骨身に染み込んでしまったせいだと思っています…。<br>そんな風に頭の中にある事全部を話そうとするので当然まとまる訳もなく、後から後から情報を足してってしまうので周りからは「いつ終わるのこれ？」と思われてると思います…。段取りが悪すぎる。<br>今はLINEなども短文でやり取りするのが主流になっていますが、自分が未だに長文から抜け出せないのも間違いなくこれが原因です。<br>下手したらまだ続きを打ってる最中に、中途半端なメッセージを元にした返信を返されてしまうから…。<br>このコメント一つにも性質が現れてますよね🥲直したい本当に,@aoilen0815,2025-11-24T15:01:55Z,cNzvBWkhm3Y
【日常に残る心の影響】知らないで自分を否定したり、現実とのギャップを起こし続けていませんか？大事な自分を理解・受容・幸せへ。,83800,2,目に見える傷じゃないから自分でもわかってないことって多いんだな……なんで大人なのに上手く話せないんだろう。どうしてこんなに怯えてんだろ、どうしてこんなに出来ないんだろって社会人になって今壁と戦ってます……,@Oshi_kabe_desu,2025-10-12T17:00:16Z,cNzvBWkhm3Y
【日常に残る心の影響】知らないで自分を否定したり、現実とのギャップを起こし続けていませんか？大事な自分を理解・受容・幸せへ。,83800,2,大人になってから本当に幼少期の教育がこんなに影響あると思わなかったです。兄弟の教育を自分にそのまま当てはめられて違う感じが未だに残ってます。<br>親を恨むとかそういうのは無いですけど、自分の子供には絶対したく無いかな...,@cynage,2025-10-16T21:03:54Z,cNzvBWkhm3Y
【日常に残る心の影響】知らないで自分を否定したり、現実とのギャップを起こし続けていませんか？大事な自分を理解・受容・幸せへ。,83800,2,母親ヒス、愚痴、悪口、シカト、突然キレる、貶される、過干渉、外面はいい...父親は無関心、夫婦喧嘩、姉との親子喧嘩というACのオンパレードでした😅  一時期、離れて暮らしていましたが交通事故で働けなくなりまた実家に舞い戻ってしまいました💦 今はだいぶ落ち着いて表面上は普通に話せますが、小さい頃のクセが抜けず緊張しっぱなしです😢苦しいです😭😭😭少しずつワークをして楽になるようにします‼️,@ウーマンビスケット,2025-10-28T17:11:02Z,cNzvBWkhm3Y
【日常に残る心の影響】知らないで自分を否定したり、現実とのギャップを起こし続けていませんか？大事な自分を理解・受容・幸せへ。,83800,2,自分の望み<br>ってなんだろうなぁと<br>日々考えてるけどわからない<br>これからも探していきます,@ponpopo1,2025-09-15T12:13:00Z,cNzvBWkhm3Y
【日常に残る心の影響】知らないで自分を否定したり、現実とのギャップを起こし続けていませんか？大事な自分を理解・受容・幸せへ。,83800,2,ほぼすべて当てはまってる…,@ryogemini3510,2025-10-06T16:40:06Z,cNzvBWkhm3Y
【日常に残る心の影響】知らないで自分を否定したり、現実とのギャップを起こし続けていませんか？大事な自分を理解・受容・幸せへ。,83800,2,ホームに流れてきて、食い入るように見てしまいました。全部じゃないけど、1〜4枚目まで「わたしだなぁ」と。<br>毎日喧嘩する両親の元、しんどい・できないは甘え、嫌い・やりたくないはわがまま、あなたのわがままは迷惑と言われて育ちました。<br>自分に対しての意見や質問をされると、足りなかったんだ、意図を汲み取れてないんだ……わたしって出来ない人間だ……必要とされなくなるかも……と感じます。<br>幼少期は親、今は上司に否定されない振る舞いを考えて疲れる毎日。<br><br>自信がないのも気にしすぎるのも、コンプレックスに感じていた部分はわたしの特性なんだと気付かされました。<br>少しずつでもわたしを認めてあげられるようになりたいです。,@Chili_Chili1212,2025-11-11T15:57:51Z,cNzvBWkhm3Y
【日常に残る心の影響】知らないで自分を否定したり、現実とのギャップを起こし続けていませんか？大事な自分を理解・受容・幸せへ。,83800,2,全部当てはまってました…<br>この動画を見て、自分のことを押さえ込んでいたことに初めて気が付きました。<br>これからは自分の声をよく聞こうと思います。,@雪だるま-d5k,2025-09-21T13:24:18Z,cNzvBWkhm3Y
【日常に残る心の影響】知らないで自分を否定したり、現実とのギャップを起こし続けていませんか？大事な自分を理解・受容・幸せへ。,83800,2,最初は軽い気持ちで、ながらで聞いていたのですが夢を偽る部分から自分に当てはまるところが増えていって真顔でガン見してましたw<br>貴重なおはなしありがとうございます,@ノイズキャンセリン,2025-09-22T14:47:19Z,cNzvBWkhm3Y
【日常に残る心の影響】知らないで自分を否定したり、現実とのギャップを起こし続けていませんか？大事な自分を理解・受容・幸せへ。,83800,2,うわー😢とても共感する事が多くて、聞き入ってしまいました。<br>繰り返し聞こうと思います😊,@良-z7q,2025-09-02T04:29:05Z,cNzvBWkhm3Y
【日常に残る心の影響】知らないで自分を否定したり、現実とのギャップを起こし続けていませんか？大事な自分を理解・受容・幸せへ。,83800,2,自分自身がズレすぎてて、人の思うこと分かる！となる時と全然分かってなかった…なにやってんだ…となる時とある<br>でとそもそも他人にも自分にも興味なさすぎなので、他人のこと分かってるわけがないんだよなあ,@あおいろいなだ,2025-09-05T01:06:18Z,cNzvBWkhm3Y
【自立しすぎている人】頼れない、任せない、甘えられない。孤独と傷つきを抱え込んできた人,376235,1,"<a href=""https://www.youtube.com/watch?v=Rtfu2tdV6Ks&amp;t=964"">16:04</a> 「強く見られたい」！！なるほどこれだ。ずっと過干渉で育って、自分が人形みたいに扱われるのが嫌で、おそらくそれに反発するように行動しているんでしょうね。頑張りすぎで心身ともに崩してしまい少し危機感を感じているので、誰かに頼ることに慣れていきたいです。",@柏舞依,2025-11-12T11:27:19Z,Rtfu2tdV6Ks
【自立しすぎている人】頼れない、任せない、甘えられない。孤独と傷つきを抱え込んできた人,376235,1,ほぼ当てはまってる。甘えてる人見ると本当にイライラするし寂しい,@nt7022,2023-11-17T09:52:40Z,Rtfu2tdV6Ks
【選ぶ権利がある】近くにいる方がいい人と、遠ざける方がいい人【割合と頻度を見てね】,256269,1,心がめちゃくちゃ救われる内容でした…。<br>人のせいにしてもいい、って言葉が個人的にすごく救われました。<br>自分が会いたい、話したいって人を、自分で選んで繋がっていきたいと思います☺️,@risa3775,2025-08-24T02:13:49Z,7tTBN-Ul_Pg
【選ぶ権利がある】近くにいる方がいい人と、遠ざける方がいい人【割合と頻度を見てね】,256269,1,どの友人と会ってもどっと疲れる😂,@ヘムヘム-r8d,2025-05-23T12:18:15Z,7tTBN-Ul_Pg
【選ぶ権利がある】近くにいる方がいい人と、遠ざける方がいい人【割合と頻度を見てね】,256269,1,クラスや部活などの人間関係でも、バイトでも、「自分に選ぶ権利は無いんだ、今置かれてる環境で頑張ろう」って考えて自己犠牲をしてきたので、ささりました...<br>耐えることと頑張ることは別、自分が頑張れることを見極める勘を鋭くできればいいなあ,@まる-n1g9g,2024-03-14T10:30:00Z,7tTBN-Ul_Pg
【選ぶ権利がある】近くにいる方がいい人と、遠ざける方がいい人【割合と頻度を見てね】,256269,1,尊敬できて、まなべて❤、明るくなれる人を選ぶようになりました😊<br>そしたら、周りに誰もいなくなりそう…😅です。新しい出会いが増えるのかな❤,@amih-e4h,2025-05-26T10:21:26Z,7tTBN-Ul_Pg
【選ぶ権利がある】近くにいる方がいい人と、遠ざける方がいい人【割合と頻度を見てね】,256269,1,"上司と思考が合わなすぎて辛くて先日仕事を辞めて、こう見ると動画前半の内容と100%一致してるので離れて大正解だったなと感じられたのですが、一方で今自分が一緒に頑張りたいと感じている人へ抱いている感情が<a href=""https://www.youtube.com/watch?v=7tTBN-Ul_Pg&amp;t=820"">13:40</a>の内容そのまんまだったので、急に「あれ？どうしたらいいんだろう」となってます",@瑠虎637,2025-02-14T22:20:27Z,7tTBN-Ul_Pg
【選ぶ権利がある】近くにいる方がいい人と、遠ざける方がいい人【割合と頻度を見てね】,256269,1,人を選ぶのは良くないと思っていましたが、皆平等に付き合っていて、自分の気がすり減っていっていることにある時はっと、気付きました。<br>まずは、自分の気持ちを大切にしようと思いました。<br>あと、インタビュー形式、すごくいいです（笑）明日から使います（笑）,@amy919,2024-03-08T12:26:29Z,7tTBN-Ul_Pg
【選ぶ権利がある】近くにいる方がいい人と、遠ざける方がいい人【割合と頻度を見てね】,256269,1,”遠ざけたほうがいい人”が母で草,@おとうふおもち,2024-05-30T12:25:51Z,7tTBN-Ul_Pg
【自己愛性パーソナリティタイプ】自分は特別・自分は悪くない・トンデモ行動。自己愛が強い人への対処と改善までご紹介。／ナルシスト、話を聞かない、押し付け、支配的,234791,1,気付きをありがとうございました。よく理解出来ました。「貴方の意見はそうなんですね。」と受け取ると距離を置けますね。🍀感謝,@rosemary55143,2026-02-25T04:10:23Z,9ZqyqvABW_8
【自己愛性パーソナリティタイプ】自分は特別・自分は悪くない・トンデモ行動。自己愛が強い人への対処と改善までご紹介。／ナルシスト、話を聞かない、押し付け、支配的,234791,1,自己愛すぎて自己嫌悪が止まらず、自己愛が望む自分にはとうていなれず、本当に毎日生きるのがしんどい。,@あは-y3y,2026-01-27T23:22:20Z,9ZqyqvABW_8
【自己愛性パーソナリティタイプ】自分は特別・自分は悪くない・トンデモ行動。自己愛が強い人への対処と改善までご紹介。／ナルシスト、話を聞かない、押し付け、支配的,234791,1,今振り返ると元彼氏がこの要素が強かったです。<br>違う事が認められない、自分の正しさを譲れない人で色々と間に受けていていたので苦しかったです。<br>この動画をみて未熟さ悪意のなさを理解できました。,@ぽあ-m1g,2026-01-13T09:03:16Z,9ZqyqvABW_8
【自己愛性パーソナリティタイプ】自分は特別・自分は悪くない・トンデモ行動。自己愛が強い人への対処と改善までご紹介。／ナルシスト、話を聞かない、押し付け、支配的,234791,1,私が対応に苦しんでいた方に当てはまりすぎています。心が軽くなりました。,@50dai-oyagi,2025-10-08T22:06:41Z,9ZqyqvABW_8
【自己愛性パーソナリティタイプ】自分は特別・自分は悪くない・トンデモ行動。自己愛が強い人への対処と改善までご紹介。／ナルシスト、話を聞かない、押し付け、支配的,234791,1,自己愛をただ持っている人は苦しくないと思う。ただ自身の問題に気づいて治そうとしている人は苦しいと思う。,@nnnnn-2m7,2026-01-25T13:27:42Z,9ZqyqvABW_8
【自己愛性パーソナリティタイプ】自分は特別・自分は悪くない・トンデモ行動。自己愛が強い人への対処と改善までご紹介。／ナルシスト、話を聞かない、押し付け、支配的,234791,1,解説をありがとうございます。<br>たくさん当てはまりました。<br>あまり落ち込まず、だけど少し注意し省みることもしていきたいです。<br>そして、そうなる理由や背景があった事実を理解し、自分を責め過ぎないようにします。,@gaku3350,2025-07-13T08:04:38Z,9ZqyqvABW_8
【自己愛性パーソナリティタイプ】自分は特別・自分は悪くない・トンデモ行動。自己愛が強い人への対処と改善までご紹介。／ナルシスト、話を聞かない、押し付け、支配的,234791,1,説明が優しくて一番興味持てる動画でした<br>夫がこれっぽいので参考にさせて頂きます,@kaensyosyu,2025-02-03T22:40:11Z,9ZqyqvABW_8
【愛情と依存の違い】&quot;好き&quot;と混同しやすい&quot;依存&quot;の特徴とは？自分軸で与える愛と、他人軸 or 自己満足で埋めようとする愛。  〜グラデーションで考える〜,211779,1,依存してるのかなって不安だったけどこれが正しいならまったく依存してなくて心底安心したw,@もずくのこ,2025-12-13T19:56:51Z,Ui7jIx_0sIU
【愛情と依存の違い】&quot;好き&quot;と混同しやすい&quot;依存&quot;の特徴とは？自分軸で与える愛と、他人軸 or 自己満足で埋めようとする愛。  〜グラデーションで考える〜,211779,1,おすすめに上がってきて何気なく見てみたら、今の自分が依存だと気づきました。<br>気づくことができ、とても参考になりました。<br>ありがとうございます。,@moyama-b4f,2025-05-24T13:40:22Z,Ui7jIx_0sIU
【愛情と依存の違い】&quot;好き&quot;と混同しやすい&quot;依存&quot;の特徴とは？自分軸で与える愛と、他人軸 or 自己満足で埋めようとする愛。  〜グラデーションで考える〜,211779,1,モラハラパートナーと10年以上過ごし、最初はモラハラに気づかず、自己否定し我慢をし続け、4枚目の我慢依存になり、そこからモラハラに気づき、怒りがとめどなく溢れて2枚目の求めすぎ依存に変わったことがありました。,@En-zy5lv,2025-03-25T04:45:34Z,Ui7jIx_0sIU
【愛情と依存の違い】&quot;好き&quot;と混同しやすい&quot;依存&quot;の特徴とは？自分軸で与える愛と、他人軸 or 自己満足で埋めようとする愛。  〜グラデーションで考える〜,211779,1,求めるタイプに依存されて我慢タイプになってしまって、とてつもない悪循環に陥ったことがあります。,@yokilog,2025-03-05T02:41:33Z,Ui7jIx_0sIU
【愛情と依存の違い】&quot;好き&quot;と混同しやすい&quot;依存&quot;の特徴とは？自分軸で与える愛と、他人軸 or 自己満足で埋めようとする愛。  〜グラデーションで考える〜,211779,1,依存から身を離す、身を置くことができるようになる、解の一つとして、知性を養うことだと思います。知性🟰知識、体験、依存を客観化（自己と向き合うこと）、好奇心、つまり知性は総称で、知性を獲得するために、リスキリングなり、積極的に様々な体験を積むなどに集中していると、いつの間にか「依存してる自分がわかるようになるから」、態度を改めることができるようになり、自分と他者との境界がクリアにわかるようになる。,@moritoame,2025-08-10T14:43:40Z,Ui7jIx_0sIU
【愛情と依存の違い】&quot;好き&quot;と混同しやすい&quot;依存&quot;の特徴とは？自分軸で与える愛と、他人軸 or 自己満足で埋めようとする愛。  〜グラデーションで考える〜,211779,1,きぃさん、素敵なまとめを投稿していたたきありがとうございます😭すごく納得感がありました。私は母と共依存関係で悩まされています。私自身、今はやっと自分軸＞他人軸になりつつあり心を楽にして過ごせています。ただ、近くにいる母が超他人軸。普段は求めすぎるタイプ、揉め事になると我慢をしすぎるタイプに変わるため、とても困っています。今後も家族仲良く過ごしていきたい。孫の世話や介護も必要になってくる。そんな時に、今のままの母だと、苦しい関係が続いてしまうなと感じています。母に自分軸の心の楽さに気づいて欲しい。けど自分を変えたいと思えてないかもしれない人に伝えることの難しさと将来への不安が混ざっています。私がこう悩むことがまだ依存関係から抜け出せていないのかもという気持ちもあったりします...。今の状態の母におすすめの動画はございますか？教えていただきたいです😢,@miku-333-mm,2025-06-12T04:55:55Z,Ui7jIx_0sIU
【愛情と依存の違い】&quot;好き&quot;と混同しやすい&quot;依存&quot;の特徴とは？自分軸で与える愛と、他人軸 or 自己満足で埋めようとする愛。  〜グラデーションで考える〜,211779,1,先日振られてしまった…<br>無意識に依存の割合が多くなって、重く感じさせてしまってたのかな…反省。,@spiralspider69,2025-09-13T10:38:29Z,Ui7jIx_0sIU
【愛情と依存の違い】&quot;好き&quot;と混同しやすい&quot;依存&quot;の特徴とは？自分軸で与える愛と、他人軸 or 自己満足で埋めようとする愛。  〜グラデーションで考える〜,211779,1,イラストかわいい〜,@ぬこ-k5b,2025-04-16T17:25:14Z,Ui7jIx_0sIU
【愛情と依存の違い】&quot;好き&quot;と混同しやすい&quot;依存&quot;の特徴とは？自分軸で与える愛と、他人軸 or 自己満足で埋めようとする愛。  〜グラデーションで考える〜,211779,1,初見です。参考になりました。ウチのパートナーがこの傾向があり、その原因はやはり生い立ちにあるのですが、しかし過去は変えられないし、他人の評価に一喜一憂せず、もっと自分に自信を持ってもらうにはどうすればよいのか、まだわかりません。他人から見たら食べていけるだけの資格を3つも持っているのに、毎日不安で、私には自分というものがない、と言っているのです。他の動画もこれから拝見させていただきます。,@ユキ-o5p,2025-10-11T03:24:35Z,Ui7jIx_0sIU
【愛情と依存の違い】&quot;好き&quot;と混同しやすい&quot;依存&quot;の特徴とは？自分軸で与える愛と、他人軸 or 自己満足で埋めようとする愛。  〜グラデーションで考える〜,211779,1,1人で生きる心が正常なら友達作ってるやつ異常ってことになるよね。<br>それとも友達がいないやつは外的要因による病気ってことになるのか？,@ねこ-y7w4u,2025-12-15T20:57:06Z,Ui7jIx_0sIU
【愛情と依存の違い】&quot;好き&quot;と混同しやすい&quot;依存&quot;の特徴とは？自分軸で与える愛と、他人軸 or 自己満足で埋めようとする愛。  〜グラデーションで考える〜,211779,1,この動画見てトプ画に書いてた<br>4ヶ月後何も変わらず傷つけた　<br>同じ失敗をしてしまう自分が嫌い<br>もっと人から嫌われる,@gable9433,2025-07-30T15:16:01Z,Ui7jIx_0sIU
【愛情と依存の違い】&quot;好き&quot;と混同しやすい&quot;依存&quot;の特徴とは？自分軸で与える愛と、他人軸 or 自己満足で埋めようとする愛。  〜グラデーションで考える〜,211779,1,愛とは、<br>自立すること。<br>自立を促すこと。<br>依存しない事。<br>ですかね?,@aoruga7160,2025-02-23T08:46:00Z,Ui7jIx_0sIU
【愛情と依存の違い】&quot;好き&quot;と混同しやすい&quot;依存&quot;の特徴とは？自分軸で与える愛と、他人軸 or 自己満足で埋めようとする愛。  〜グラデーションで考える〜,211779,1,なぜあんなに好きだったのか,@らら-h3p,2025-12-31T10:36:23Z,Ui7jIx_0sIU
【完璧主義】ひとり反省会・人生が変わらない・全てに神経を尖らせている→「自然な自分ではいけない。」という自己否定のサイン,182094,1,消極的な完璧主義です。<br>小さいときから、自分では致命的じゃないと思っていたやらかしで周りから人が居なくなるという経験を何度もしました。<br>４２歳の時にASDとADHDをグレーゾーンで併発していることがわかりました。<br><br>子供の頃にありのままの自分で褒められた経験がなく、ずっと人に褒められそうなことを選んで来ました。<br>感情がないとか、何考えているのかわからないとか、すぐキレるとか言われて、感情に蓋をして来ました。<br>一歩踏み出して人と関わろうとすると積極奇異型になってしまって周りからドン引きされて孤独になります。<br>少しづつでもいいので積極的な完璧主義に成りたいです。<br><br>今も孤独です。心を許せる場所がない。苦しいです。<br>本当にほしいのはありのままの自分を認めてくれる人です。相手にどこまで自己開示したらいいのかがわかりません。<br><br>とてもいい動画でした。何度も見返したいと思います。ありがとうございます。,@sola8817,2025-07-31T23:09:34Z,a7x8US7Rwj4
【完璧主義】ひとり反省会・人生が変わらない・全てに神経を尖らせている→「自然な自分ではいけない。」という自己否定のサイン,182094,1,自分のことを言われているみたいで聞いててちょっと痛かったです。<br>今燃え尽きている所です、胃にも症状が出てしまっています。<br>仕事に関しては完璧主義ででもそれって当たり前でしょって私は思っています、お金をもらうんだもの、、でも意欲はあるのに結局は自分を攻撃しがち😢,@くまりら-o4p,2026-01-10T14:58:39Z,a7x8US7Rwj4
【完璧主義】ひとり反省会・人生が変わらない・全てに神経を尖らせている→「自然な自分ではいけない。」という自己否定のサイン,182094,1,"<a href=""https://www.youtube.com/watch?v=a7x8US7Rwj4&amp;t=1932"">32:12</a>   自分用<br>なんていい動画なんだ",@しもだ-e5w,2024-01-29T13:38:49Z,a7x8US7Rwj4
【完璧主義】ひとり反省会・人生が変わらない・全てに神経を尖らせている→「自然な自分ではいけない。」という自己否定のサイン,182094,1,お姉ちゃんは友達がいっぱいいて、人望も厚くて、妹は愛嬌があって世渡り上手。<br>自分もそうならなくては、と思っていた所が多かったと思う。<br>大人になって仕事でも上手くやっていかねば、て気持ちが多く、上司に　あなたは真面目だから　と言われる。<br>真面目って思われたく無くて手を抜くと、部下の模範になる行動をしなさいと注意される。<br>そうして最近自分を見失っています。,@fcb1011,2025-04-10T10:20:14Z,a7x8US7Rwj4
【完璧主義】ひとり反省会・人生が変わらない・全てに神経を尖らせている→「自然な自分ではいけない。」という自己否定のサイン,182094,1,適当って結局能力の高い人にしかできないことだと思う。完璧主義にならざるを得ないほど、わたしは能力が低いんだよ。ただ、それだけ,@pan_o._.o_chi,2025-12-11T09:39:15Z,a7x8US7Rwj4
【完璧主義】ひとり反省会・人生が変わらない・全てに神経を尖らせている→「自然な自分ではいけない。」という自己否定のサイン,182094,1,完璧主義と精一杯やるは似て全く逆の考えです。<br>精一杯やるというのは失敗もするし、出来ないこともあることがあるのは分かった上でやるだけやるってことです。<br>私たちはそうやっていれば生きて生けるのですが、勘違いして完璧主義になったりします。<br>完璧主義では、思い通りにならないの場合、自分の能力や他人の能力にが足りないと思って、誰かのせいにばかりしてしまうのです。<br>しかし、現実は大抵のことが思い通りになりません。それは当たり前のことなのです。,@トキノナガレ,2024-03-11T21:41:38Z,a7x8US7Rwj4
【完璧主義】ひとり反省会・人生が変わらない・全てに神経を尖らせている→「自然な自分ではいけない。」という自己否定のサイン,182094,1,しくじりきいさん、見たいです！たしかに、恐怖や不安の感覚は、子どもの頃からの癖をひっぱっていて、そう感じるだけかも。これは個人的にとても大きな発見でした。ありがとうございます！,@328aful,2023-10-26T13:32:30Z,a7x8US7Rwj4
【完璧主義】ひとり反省会・人生が変わらない・全てに神経を尖らせている→「自然な自分ではいけない。」という自己否定のサイン,182094,1,正に、言われているがままです。やはり、親の育て方や、家庭環境の影響もあると思います。自分の元々の性格もあるでしょうが。挑戦苦手な58年間😅はい、不安なんです。,@hideyukik-578,2024-03-30T14:20:23Z,a7x8US7Rwj4
【完璧主義】ひとり反省会・人生が変わらない・全てに神経を尖らせている→「自然な自分ではいけない。」という自己否定のサイン,182094,1,勉強になります…！そしてお洋服が素敵すぎて釘付けでした！シャツはどちらのものなんでしょうか？私も欲しい😊,@minminzemi140,2023-08-11T13:17:22Z,a7x8US7Rwj4
【完璧主義】ひとり反省会・人生が変わらない・全てに神経を尖らせている→「自然な自分ではいけない。」という自己否定のサイン,182094,1,自分も完璧主義です。ただ出来ない理想は掲げません。自分が出来る範囲内の完璧を目標とします。<br>100%の実力を出せる時はほとんど有りません。自分の体調や気持ち、周りの環境、どんな状態でも完璧にやれる範囲が完璧であれば良い。<br>実力の20%くらいで出来る事を完璧にこなせれば、完璧主義だと思う。100%理想的な体調、精神、環境、なんて一生に数時間のサービスタイム。<br>宝くじの1等を毎回当てようとして、当たらない事が不幸だと思う。毎回当たる理想を掲げる完璧主義者は生きづらいと思います。,@めるたろう-d5r,2024-02-19T13:32:30Z,a7x8US7Rwj4
【自分軸と自分勝手の違い】わがままが気になる人へ。場面での対比を見て整理しよう,159398,1,絵が上手いですね！シンプルだけどポイント押さえてて分かりやすかったです。,@おるろわ,2025-01-31T06:48:21Z,htWuimTJmlQ
【自分軸と自分勝手の違い】わがままが気になる人へ。場面での対比を見て整理しよう,159398,1,ありがとうのカツアゲ！<br>めちゃくちゃ笑いました😂,@MM-wj1pk,2024-07-07T21:31:46Z,htWuimTJmlQ
【自分軸と自分勝手の違い】わがままが気になる人へ。場面での対比を見て整理しよう,159398,1,自分にとって大事な人とかだと、自分軸で行けば行くほど関係が壊れそうで怖い。正直自由なんていらない。,@nouser-st9xj,2024-02-19T21:35:38Z,htWuimTJmlQ
【自分軸と自分勝手の違い】わがままが気になる人へ。場面での対比を見て整理しよう,159398,1,とても参考になりました。ありがとうございます。<br>自分軸他人軸や自他の境界が曖昧で我慢しすぎたりその結果自分勝手になったりしているなと感じていました。それでよく夫と喧嘩になっていました。<br>考え方が少し整理されました、ありがとうございます。これで少し生きやすくなるといいな…,@alice_and_apple1357,2024-03-09T03:27:24Z,htWuimTJmlQ
【自分軸と自分勝手の違い】わがままが気になる人へ。場面での対比を見て整理しよう,159398,1,わかりやすい解説。ありがとう,@hanatareking,2024-03-08T00:16:22Z,htWuimTJmlQ
【自分軸と自分勝手の違い】わがままが気になる人へ。場面での対比を見て整理しよう,159398,1,"<a href=""https://www.youtube.com/watch?v=htWuimTJmlQ&amp;t=729"">12:09</a> 本当に、これだ〜💦",@ts2q892q9c,2024-03-10T06:59:17Z,htWuimTJmlQ
【自分軸と自分勝手の違い】わがままが気になる人へ。場面での対比を見て整理しよう,159398,1,貴方の為と言われてモヤモヤしてました😅上司が自分勝手なのでしようか😅,@道子池田-o5h,2024-02-27T04:43:20Z,htWuimTJmlQ
【自分軸と自分勝手の違い】わがままが気になる人へ。場面での対比を見て整理しよう,159398,1,リスペクトされてない相手に対して、話しても無駄だから我慢するしかない状態とか、そうせざる得ない状態でも自分で決めたことになるんでしょうか。<br><br>自分の価値観を押し付けてストレスを感じてる場面も多いです。何で私ばかりと思います。仕事では、他のスタッフは全然掃除をしないとか、しても中途半端だから結局私がやらないといけなくなる。放置したいけど、ここは自分の価値観のわがままでしかないけどお客様に店内が汚れてるのが不快になると考えて放置できない。<br>タバコが嫌いなのにタバコ吸われる。店長が暇なのに自分がやれば良いことをやってと頼んでくる。選択肢がない中で。自分に影響がなければそういう人なんだとできるけど、自分に影響があるのでそうなれない。<br>これがわがままなのがどうしても納得できないです。<br>そのストレスでノイローゼになりそうですが、アラフィフでスキルも経験もなく転職が難しい。ストレスで考えることもできない。それでも自分が決めたことだからなんて思えないんですが。仮に自分が決めたことと思えてもらだからどうなの？って感じです。苦しいのに変わりはない。,@KINGMARU,2024-04-07T01:00:16Z,htWuimTJmlQ
【自分軸と自分勝手の違い】わがままが気になる人へ。場面での対比を見て整理しよう,159398,1,断ることで、その場では納得してる風に見えても後から影で悪口言われてないかな･･･とか考えちゃって結局受け入れてしまいます(；ω；),@Lon_Yur,2024-03-10T13:05:06Z,htWuimTJmlQ
【自分軸と自分勝手の違い】わがままが気になる人へ。場面での対比を見て整理しよう,159398,1,自分勝手か。誰がこんな言葉、作ったんだろうな。こんな言葉が存在するから、本音を隠す人が増えたように個人的に思う。,@kuhooah,2025-06-10T13:43:51Z,htWuimTJmlQ
【自分軸と自分勝手の違い】わがままが気になる人へ。場面での対比を見て整理しよう,159398,1,私はこう思う、こういうのが嫌だ、という言い方をしても、「私は私はって自分の主張ばっかり…」と夫から言われますが、それは相手の許容範囲の問題ということになるのでしょうか？<br><br>相手の問題だとしても、夫婦だと結局二人の問題になってしまって、相手と自分の境界線が曖昧になります。<br><br>いつもこの手の、お互いの認識の違いで揉めます。私はただ自分の考えをつたえてるだけのつもりなのに、夫が激高してしまって（私が無意識にさせてるのかもしれませんが…）結局、圧の強い夫の主張に負けてしまい、私は我慢してしまいます。夫もこれでも我慢してるんだと言いますが…<br><br>そしてそのままほとぼりが冷めて、解決できずじまいです。私からしたらあまりにも些細なことなんですが、いつも同じことの繰り返しで辛いです。,@ruruiii4143,2024-03-18T12:32:26Z,htWuimTJmlQ
【人の力を拡大する人と縮小する人】自分自身との接し方・他者との接し方を見つめてみよう。力を縮小する人の背景は、そばにいた人の影響。,155676,1,これ力を奪う人に当てはまりまくってて過去にそういうことしてたのが相手に本当に申し訳なくなりました,@ごま麦茶-r8b,2024-06-11T15:27:14Z,ZFr_SycknUk
【人の力を拡大する人と縮小する人】自分自身との接し方・他者との接し方を見つめてみよう。力を縮小する人の背景は、そばにいた人の影響。,155676,1,自他共に力を与えられる人になりたい😊,@ゲスト-b7b,2024-03-04T21:30:44Z,ZFr_SycknUk
【人の力を拡大する人と縮小する人】自分自身との接し方・他者との接し方を見つめてみよう。力を縮小する人の背景は、そばにいた人の影響。,155676,1,意見、提案で言う人が一概に力を拡大する人とも、正論を言う人が力が縮小させるとも言えないのが人として難しいところですよね。<br><br>時にして路頭に迷ってる時は竹を割ったように正論で言われた方がハッとさせられる時だってある。<br><br>『私は』って提案で言ったらどこか言い逃れができるようで、こう言う人って強い人の味方のようにコロコロ意見を変えたりすることもあるから結局は何が言いたいのかな？ってかえって疑問が増えたりもする。<br><br>多重人格になれとは言わないけど、時と場合によっては形態を変えるが如く柔軟になる。そしてそういうことを他人がしても許せる寛容な人物になりたいものです。,@Kamiya_Shana,2024-10-09T00:34:29Z,ZFr_SycknUk
【人の力を拡大する人と縮小する人】自分自身との接し方・他者との接し方を見つめてみよう。力を縮小する人の背景は、そばにいた人の影響。,155676,1,一概にどちらが正しいともいえない<br>双方の均衡が保たれてこそ世の中回ってるんだと思うことですかね？😊,@七転びな直樹,2024-03-14T07:42:19Z,ZFr_SycknUk
【人の力を拡大する人と縮小する人】自分自身との接し方・他者との接し方を見つめてみよう。力を縮小する人の背景は、そばにいた人の影響。,155676,1,同情してしまいがち、<br>同情してしまう人の話は<br>聞かないようにしています。<br>同情を引き出されてしまうんですよね。相性ですかね？,@hirohiro220,2024-03-03T19:07:12Z,ZFr_SycknUk
【人の力を拡大する人と縮小する人】自分自身との接し方・他者との接し方を見つめてみよう。力を縮小する人の背景は、そばにいた人の影響。,155676,1,奪う人のわかりやすい特徴は、<br><br>ひとの好き嫌いがある<br>ひとの悪口ばかり<br>ひととよくモメてる<br><br>かな。,@mitica34,2024-03-15T02:07:29Z,ZFr_SycknUk
【人の力を拡大する人と縮小する人】自分自身との接し方・他者との接し方を見つめてみよう。力を縮小する人の背景は、そばにいた人の影響。,155676,1,色んな人がいて、色んな感じ方がある　だから面白いと感じました😊❤<br>この動画を見る人は何を意見したとしてもみんな優しい人ですね,@gana_tarot,2024-03-07T06:46:13Z,ZFr_SycknUk
【アダルトチルドレン】克服の一歩は自己理解。心の平穏を取り戻すため自分に目を向け、心の声に耳を傾けよう。【AC】,151938,1,最後の言葉に泣けました。<br>頑張ったねって少しでも思えるようになりたいです。自分の力では難しいので専門家の力も借りながら取り組んでいきたいなと思います。,@michan466,2025-02-27T12:14:01Z,usIp41t_vo0
【アダルトチルドレン】克服の一歩は自己理解。心の平穏を取り戻すため自分に目を向け、心の声に耳を傾けよう。【AC】,151938,1,私は小学生の頃から実家を出る高校卒業まで、両親が一切口を利かない、いわば冷戦状態の家庭で過ごしていて、部屋にとじ込もって耳栓かヘッドフォンをつけることでしか心を守れなかった。きょうだいがいないこともあって相談できる人も理解してくれる人もほとんどいなかったのが辛かった。喧嘩は少なかったものの家の中で親が互いを牽制しあっていて、父と話せば母の機嫌が悪くなり、父親とは数年間会話がなかった時期もあった。自分がただ一人で両親の間で板挟みになっているようだったな‥<br><br>一人で抱えるのは辛いし、私の場合、誰にも話せなかったことで、自分の家庭環境がちょっとおかしいということに何年も気づけなかった（大学生になって友達にほんの少しだけ話してみたらすごく心配されて気がついた）ので、相談できる人や家族以外で自分の状況を知ってくれる人がいるのは安心できるんじゃないかと思う,@zw3fg,2025-12-13T14:35:38Z,usIp41t_vo0
【アダルトチルドレン】克服の一歩は自己理解。心の平穏を取り戻すため自分に目を向け、心の声に耳を傾けよう。【AC】,151938,1,最近抑えてきた自分の本当の姿に気づくことが出来ました。今まで悪い方に捉えてたものの見方がいいように捉えれるようになりました。今まで曲聴くのもあまり歌詞を考えなかったけど今の自分の気持ちに向き合って考えて聞いた時涙が止まらなくなって、自分ってこんな一面があったんだと認識出来ました。これから自分の気持ちに正直に生きていこうと思います。,@ten7120,2025-02-01T07:35:32Z,usIp41t_vo0
【アダルトチルドレン】克服の一歩は自己理解。心の平穏を取り戻すため自分に目を向け、心の声に耳を傾けよう。【AC】,151938,1,ACが80%もいるということに驚きました。と共に、私だけではないことに気づけてよかったです。日々育ち直しを心がけて、沢山心の内を書き貯めています。うつ状態からは抜け出しつつありますが更なる一歩がなかなか難しいです。asd傾向もあるためコミュニケーションが苦手で焦りやパニック状態になりやすい、慣れるまでの失敗が多いと言うよりでかいことから、人より劣る自分から逃れられないのが辛いです。これまで、なんとか生きてきた自分はちゃんと褒めてあげたいと思います。,@mimama-b4u,2025-02-14T07:59:19Z,usIp41t_vo0
【アダルトチルドレン】克服の一歩は自己理解。心の平穏を取り戻すため自分に目を向け、心の声に耳を傾けよう。【AC】,151938,1,現代社会のハードルがどんどん上がっている感じしますよね。どこまでが普通でどこまでが異常なのか分からなくなりますね。,@清水小次郎-f5u,2025-10-06T11:47:21Z,usIp41t_vo0
【アダルトチルドレン】克服の一歩は自己理解。心の平穏を取り戻すため自分に目を向け、心の声に耳を傾けよう。【AC】,151938,1,心はみんなチルドレン,@おもむろ-c7p,2025-03-29T06:17:40Z,usIp41t_vo0
【アダルトチルドレン】克服の一歩は自己理解。心の平穏を取り戻すため自分に目を向け、心の声に耳を傾けよう。【AC】,151938,1,素敵な動画をありがとうございます。<br>きいさんの動画で少しずつ自分の歪んだ考えを柔軟にして、自己肯定できるようになりたいと思います。,@いぶ-v5l,2024-10-24T08:01:03Z,usIp41t_vo0
【アダルトチルドレン】克服の一歩は自己理解。心の平穏を取り戻すため自分に目を向け、心の声に耳を傾けよう。【AC】,151938,1,私です〜生きづらいです。何回も聴きますね,@user-miramaiko,2024-10-29T05:35:45Z,usIp41t_vo0
【アダルトチルドレン】克服の一歩は自己理解。心の平穏を取り戻すため自分に目を向け、心の声に耳を傾けよう。【AC】,151938,1,初コメ失礼します。<br>この方の声、心にしみるように入ってきます。心地よい声でした。<br><br>趣味以外のことは「自己肯定」は皆無に近いです。自分で自分を信用していないというか。<br>だからこそ、「&quot;相手が正しいと言っていることは正しい&quot;と思っている自分は正しいのか？」と思ってしまいます。<br>あとは、何か一緒に楽しもうとするときに「私はこの輪に入って楽しんでも良いのだろうか？」とも思ったりも。<br><br>前の職場では人間関係が良かったのか、こんなことを考えることも考えることもありませんでした。<br>しかし昨年職場が変わり、人間関係を再構築しようにも基本リモートワーク(出社しても他メンバは別エリア)で基本1人。<br>元々の性格が強く出てきたという感じでしょうか？<br><br>周りは「ああしろ、こうしろ」と言いますが、一旦心を整理する時間を持ちたいと思います。,@イカロスハイパー,2025-03-19T23:27:49Z,usIp41t_vo0
【アダルトチルドレン】克服の一歩は自己理解。心の平穏を取り戻すため自分に目を向け、心の声に耳を傾けよう。【AC】,151938,1,目次を作っていただきたかった,@ミカ-y6i,2025-08-05T18:35:25Z,usIp41t_vo0
【アダルトチルドレン】克服の一歩は自己理解。心の平穏を取り戻すため自分に目を向け、心の声に耳を傾けよう。【AC】,151938,1,病気がちの家族や親族、祖父の認知症からの介護や、両親の仕事面から家族自体に頼る事もできず、自分が頑張らねば。なぜこんな事も出来ない。自分はダメだ。死んだほうがマシだ。<br><br>の自己否定スパイラルの日々でした。今はだいぶましになってきましたが、心療内科にお世話になってます。<br>自分の自立が、最後の難関だなぁと想う日々です。,@manamimatsumoto267,2025-04-02T16:16:05Z,usIp41t_vo0
【共依存】人間関係のストレスや問題の背景。自分の価値を感じられなければ心が保てない。自己犠牲して周りを優先、人をコントロールしたり人を依存させる。,132084,1,中一の時友達と共依存になりかけたことがあるんだよな。なんなら母ともそうなってた気がする。境界線超えてくるなよ人間だからかそこで一度距離をとって二年生になった今では健全な関係になりました。母親が毒親なんじゃないかと気づいたのもこのころでできるだけ距離を取るよう意識して自立してこられました。この動画で頭の中の整理がつきました。ありがとうございます。,@ミズ-w1x,2025-10-16T11:32:24Z,mxqVWLBiV3k
【共依存】人間関係のストレスや問題の背景。自分の価値を感じられなければ心が保てない。自己犠牲して周りを優先、人をコントロールしたり人を依存させる。,132084,1,私､遅すぎた､精神的に病んで､突発的に自立の道を閉じてしまった<br>娘としてやるべき､母親としてやるべきに依存していた,@kslike4702,2025-11-07T22:20:04Z,mxqVWLBiV3k
【共依存】人間関係のストレスや問題の背景。自分の価値を感じられなければ心が保てない。自己犠牲して周りを優先、人をコントロールしたり人を依存させる。,132084,1,友人との依存関係が、すごく腑に落ちました。<br>今は離れたくて、避けすぎています。,@momomina453,2024-09-06T12:45:35Z,mxqVWLBiV3k
【共依存】人間関係のストレスや問題の背景。自分の価値を感じられなければ心が保てない。自己犠牲して周りを優先、人をコントロールしたり人を依存させる。,132084,1,一枚目にはあまり当てはまらなかったけれど、二枚目、三枚目と進むにつれ当てはまるものが増えてきて、ああ自分は共依存な部分があるのだなというのが分かりました。<br>不健康な部分もあるので改善していきたいと思います。,@sinthebxsx3810,2024-02-29T11:28:51Z,mxqVWLBiV3k
【共依存】人間関係のストレスや問題の背景。自分の価値を感じられなければ心が保てない。自己犠牲して周りを優先、人をコントロールしたり人を依存させる。,132084,1,とても当たっています；；<br>チャンネル登録インスタもフォローさせていただきました。とても参考になります。,@aripannda,2024-03-03T01:42:43Z,mxqVWLBiV3k
【共依存】人間関係のストレスや問題の背景。自分の価値を感じられなければ心が保てない。自己犠牲して周りを優先、人をコントロールしたり人を依存させる。,132084,1,身内がだらしがなくて（●●だからと弱者を盾に取るタイプ）<br>縁切っても結局　将来役所から電話かかってくるんだろなと思ってしまう。。。<br>出来る限り距離起きたんだけどね。,@ぶひみゆき,2025-05-20T11:59:24Z,mxqVWLBiV3k
【共依存】人間関係のストレスや問題の背景。自分の価値を感じられなければ心が保てない。自己犠牲して周りを優先、人をコントロールしたり人を依存させる。,132084,1,共依存的な人間関係は大なり小なりよく見られるかと思いますが、問題になるのは親が自分中心主義者で自分が一番大事な場合かと思います。親は自分がいなくなっても自立できる子供に育てないといけないと思います。,@Pp-pq8vq,2024-11-24T14:57:13Z,mxqVWLBiV3k
【共依存】人間関係のストレスや問題の背景。自分の価値を感じられなければ心が保てない。自己犠牲して周りを優先、人をコントロールしたり人を依存させる。,132084,1,きいさんの動画拝見して、はっと気付かされました。体質、そう言われれば！<br>私が媚びへつらい良い人を演じて疲弊し翌日は虚無感。相手の機嫌を察知して何も言えず（本当は自分が招いているともつゆ知らず）<br>義母に非難され否定された日はわたしは、死にたいと本気で思い泣きました。<br><br>この感覚が異常。良い人を演じ続け都合の良い奴に成り代わり主人に嫁ぎ10年経ちました。<br><br>断ると機嫌を損ねる義母とは物理的に距離をとって過ごすことがお互いの為だ。<br>私はそう思いました。<br><br>自分の家族にはそんな遠慮したことはないのにー😢結婚したら肩身狭すぎて。<br>苦しいし何より自分の存在感無し虚無感。<br><br>人のせいにせず自分が招いたり無理していると生きづらいなー😢<br><br>大切なことを教えて下さり感謝します。,@moon-vr7yk,2024-07-08T02:00:11Z,mxqVWLBiV3k
【共依存】人間関係のストレスや問題の背景。自分の価値を感じられなければ心が保てない。自己犠牲して周りを優先、人をコントロールしたり人を依存させる。,132084,1,え、、100点、、自分は即座に20点くらいかなと思ってしまいました。<br>こんな自分でも100点なんだ、、,@caffeinefree-r8d,2024-09-17T07:50:25Z,mxqVWLBiV3k
【共依存】人間関係のストレスや問題の背景。自分の価値を感じられなければ心が保てない。自己犠牲して周りを優先、人をコントロールしたり人を依存させる。,132084,1,それでいいのだ。バガボンのパパも言ってだでしょ。,@TX1031,2025-06-21T03:01:19Z,mxqVWLBiV3k
【認知の歪み】超身近な苦しくなる思考の癖。認知の歪みとは？10種類の例と改善に向けた対応,130279,1,自覚はあるし対処もしてきたんだけれども、歪みというか物心ついた頃からこうだから今まで歪みを直そうとすればするほど自我の喪失も感じられてめちゃくちゃ怖いんですよね...。<br>だからといって今の状況が楽しい人生が続いているかといったらそれは違うんですけれども。,@spirallife6779,2025-12-19T02:09:48Z,AxlcavvWwYk
【認知の歪み】超身近な苦しくなる思考の癖。認知の歪みとは？10種類の例と改善に向けた対応,130279,1,自分もマイナス路線に決めつける思考の癖があります。<br>少しでも減らしていきたいものです。,@癒すぞおじさん,2025-07-13T09:39:43Z,AxlcavvWwYk
【認知の歪み】超身近な苦しくなる思考の癖。認知の歪みとは？10種類の例と改善に向けた対応,130279,1,たしかに正常な人なら認知の歪みと捉えられる思考は正すべきなのかもしれないけど、実際周りに迷惑をかけていたり能力が極端に低いことを把握出来ていない人は、事実を認めて自分を低く評価するべきなんじゃないかと思った。私がまさにそれで、喋りすぎで周りを困らせたり能力に見合わない学歴や職を求めてるから、出来ない自分を認めないといけないと思って、半分くらい意識的にこうしてる。,@思考停止,2025-11-20T09:38:03Z,AxlcavvWwYk
【認知の歪み】超身近な苦しくなる思考の癖。認知の歪みとは？10種類の例と改善に向けた対応,130279,1,この人ウチらの脳内見過ぎだべよ,@3千年前のギャル,2025-11-06T23:07:25Z,AxlcavvWwYk
【認知の歪み】超身近な苦しくなる思考の癖。認知の歪みとは？10種類の例と改善に向けた対応,130279,1,大きな出来事で心を崩してから「今までどうやってたんだ？どうやって笑っていた？どうやって乗り越えてた？」が全くわからなくなりました。そんな自分を分解して理解したくて、心理学を学んでいます。<br>認知の歪みがとてもある事に気付くことまでは出来ました。そこをどう戻すか、捉えるかがまだまだ上手くできないですが……<br>最近カウンセリングを始めたので、一歩進んだのだと思うようにしてます。<br>何度もきいさんの色々な動画を見返して、いつか自分を理解し、受け入れたいです。,@hakokero3500,2024-10-18T03:25:47Z,AxlcavvWwYk
【認知の歪み】超身近な苦しくなる思考の癖。認知の歪みとは？10種類の例と改善に向けた対応,130279,1,全部当てはまってました。というか、みんなもこんな感じで考えてるのかと思ってた。<br>みんな家では色々なこと思ってるんだと…。<br>人に会うと毎回お風呂で1人反省会。<br>どうやって考えたらいいのか全然わからない。,@snow-bg5on,2023-12-14T23:02:28Z,AxlcavvWwYk
【認知の歪み】超身近な苦しくなる思考の癖。認知の歪みとは？10種類の例と改善に向けた対応,130279,1,昔は認知の歪み項目は当てはまるの少なかったけど、今は全部当てはまるなあ。<br>仕事上警戒と疑いの目を持たなきゃいけないからそれに引っ張られてるかも。<br>疑いが事実に結び付いて成功体験として補強されてしまってるイメージ。<br>ストレスと不信感でも増幅してそう。,@ssj3141,2023-12-19T13:52:54Z,AxlcavvWwYk
【認知の歪み】超身近な苦しくなる思考の癖。認知の歪みとは？10種類の例と改善に向けた対応,130279,1,きいさんのイラスト凄く分かりやすくて理解しやすいです！<br>ありがとうございます!,@silky8575,2024-10-08T22:08:31Z,AxlcavvWwYk
【認知の歪み】超身近な苦しくなる思考の癖。認知の歪みとは？10種類の例と改善に向けた対応,130279,1,1、2、3、4、5、7、10…が当てはまってる気がするなぁ、、少しずつでも自分の思考の癖に気づけるといいな,@user-fl1sw4qv9g,2023-12-09T02:52:46Z,AxlcavvWwYk
【認知の歪み】超身近な苦しくなる思考の癖。認知の歪みとは？10種類の例と改善に向けた対応,130279,1,認知の歪みって認知の雑さからきてるのかな,@tamamiro6650,2025-07-16T11:56:33Z,AxlcavvWwYk
【投影】他人(外側)に自分の感情・欲求や過去を映し出す。＝自分流に解釈している。人間関係や自己理解のために「投影」をチェックしてみましょう,121833,1,ガサツな人が嫌いなんだけど、私ってガサツな人間になりたかったのかー,@いちごごはん,2025-12-23T10:37:22Z,4StA-DDlEfk
【投影】他人(外側)に自分の感情・欲求や過去を映し出す。＝自分流に解釈している。人間関係や自己理解のために「投影」をチェックしてみましょう,121833,1,自分じゃこの講義聞いても「相手が自分に投影してきて生きづらい😭」とか都合よく解釈しそうで怖いな…笑,@ぬぬねね-m2n,2025-04-01T10:10:23Z,4StA-DDlEfk
【投影】他人(外側)に自分の感情・欲求や過去を映し出す。＝自分流に解釈している。人間関係や自己理解のために「投影」をチェックしてみましょう,121833,1,②③あたりが当てはまってる気がします。<br>街中でカップルが仲睦まじく歩いているのを見るだけでイライラするのは②なんだなと。<br>では自分は恋愛禁止を課しているのでしょうか・・・？,@癒すぞおじさん,2025-07-23T12:41:15Z,4StA-DDlEfk
【投影】他人(外側)に自分の感情・欲求や過去を映し出す。＝自分流に解釈している。人間関係や自己理解のために「投影」をチェックしてみましょう,121833,1,自分で気付いて後から見直すという方法にすごく安心しました。,@himitsusecret1481,2024-07-06T01:32:17Z,4StA-DDlEfk
【投影】他人(外側)に自分の感情・欲求や過去を映し出す。＝自分流に解釈している。人間関係や自己理解のために「投影」をチェックしてみましょう,121833,1,因果はあります。人生波があるからこそ、己の成長進化になる。変化があるから私達は生き、エネルギーを循環し、エネルギーを与え与えられ続けられている。,@makki9450,2024-06-26T09:12:52Z,4StA-DDlEfk
【投影】他人(外側)に自分の感情・欲求や過去を映し出す。＝自分流に解釈している。人間関係や自己理解のために「投影」をチェックしてみましょう,121833,1,自分が自分を嫌いなら、相手は相手自身のことを嫌いだと思うと思いますよ。<br>投影は、自分が嫌われる感情を、相手に他責する事です。<br>他の感情に置き換えてみて下さい。<br><br>申し訳ございませんでした。どうぞ。笑,@gyoseichikisabet,2024-07-16T18:02:46Z,4StA-DDlEfk
【敵意帰属バイアス】自分を嫌っているんだと誤解・攻撃されたと誤解をしやすい。自己成長や対人関係の弊害。不信感。まずは傾向に気づくこと。,107541,1,"<a href=""https://www.youtube.com/watch?v=_uTgEER207c&amp;t=648"">10:48</a> ここからめちゃくちゃ私だわ　なんだろ説明してくれてありがとうございます😢😭🙏",@Happy115s,2025-04-30T04:54:02Z,_uTgEER207c
【敵意帰属バイアス】自分を嫌っているんだと誤解・攻撃されたと誤解をしやすい。自己成長や対人関係の弊害。不信感。まずは傾向に気づくこと。,107541,1,2枚目が結構強いです…！！最近、新しい彼ができ、自ら信じる！をやってみたら少しずつ直ってきました！今の職場の人にも自ら信じる！飛び込んでみる！をしようと思います！,@FK-yt8wx,2025-04-22T00:25:50Z,_uTgEER207c
【敵意帰属バイアス】自分を嫌っているんだと誤解・攻撃されたと誤解をしやすい。自己成長や対人関係の弊害。不信感。まずは傾向に気づくこと。,107541,1,なんと思われようと　私は私なんです　だから　最善は尽くしますが　誤解されても　それはその人の勝手<br>その人の気持ちまで　コントロール出来ません,@puutarou1227,2026-02-06T00:11:31Z,_uTgEER207c
【敵意帰属バイアス】自分を嫌っているんだと誤解・攻撃されたと誤解をしやすい。自己成長や対人関係の弊害。不信感。まずは傾向に気づくこと。,107541,1,この動画に出会えて良かったです。<br>取り上げて下さりありがとうございます,@レモン-h3j,2024-04-23T08:00:59Z,_uTgEER207c
【敵意帰属バイアス】自分を嫌っているんだと誤解・攻撃されたと誤解をしやすい。自己成長や対人関係の弊害。不信感。まずは傾向に気づくこと。,107541,1,自分の中の自分が無意識に守ろうとしているのだろうか。幻って怖いなぁ😟事実と思考は別！！肝に銘じます！！！,@komatsuna_77,2025-07-06T12:35:50Z,_uTgEER207c
【敵意帰属バイアス】自分を嫌っているんだと誤解・攻撃されたと誤解をしやすい。自己成長や対人関係の弊害。不信感。まずは傾向に気づくこと。,107541,1,周りどころか、家族が複雑だったのできょうだいすら怖く、確認のコミュニケーションをとることができません。それはかなり自分にとって怖いことです。こわいという認識があるのかもしれないです。そうしない為に確認をとりたいけど、私はそう聞こえたけどどうゆう意味だったの？と聞くことを考えるだけでゾッとしてしまいます。嫌なことがあっても、空気を悪くしないために笑ったり本音を言えなかったりしてきたことを、どうにか治したい…病院の先生や、心理士さんにさえも、こう捉えたけど合ってますか？なんて聞くことの難易度が変わりません。実際沢山泣きました。先生も心理士さんも怖くて仕方ない時も何度もありました、傷つきやすくもしかしたら誤解してるかもしれませんが、聞けたら楽になれることもあるかもしれませんが、、確認のコミュニケーションができない場合も、教えて欲しいです🥲💦,@i717ai,2024-08-19T14:24:55Z,_uTgEER207c
【敵意帰属バイアス】自分を嫌っているんだと誤解・攻撃されたと誤解をしやすい。自己成長や対人関係の弊害。不信感。まずは傾向に気づくこと。,107541,1,AタイプとBタイプを行き来している感覚があります。すごく生きづらい。,@gyaku_dane,2025-10-31T19:48:36Z,_uTgEER207c
【敵意帰属バイアス】自分を嫌っているんだと誤解・攻撃されたと誤解をしやすい。自己成長や対人関係の弊害。不信感。まずは傾向に気づくこと。,107541,1,2回鬱になって原因探してやっとここにたどり着けました。もっと早く、社会出る前に少しでもいいから知っておきたかった。人間に興味無かった自分のせいですが、義務教育必修科目もしくは新入社員研修に入れといて貰えないか😢,@諦めが肝心,2025-05-07T13:35:43Z,_uTgEER207c
【敵意帰属バイアス】自分を嫌っているんだと誤解・攻撃されたと誤解をしやすい。自己成長や対人関係の弊害。不信感。まずは傾向に気づくこと。,107541,1,思い返してみたら、過去に傷つけられた経験がありとても腑に落ちました。<br>そういう経験があり今の自分の認知にバイアスがかかっているんだと理解できて少しほっとした気持ちです。<br><br>接客業をしているのでどうしても嫌な感じ（攻撃的）な話し方の人に出会うことがあるのですが、そういう人も過去に何か傷付いた経験があったんだろうなとこの動画を見て思いました。<br><br>お話の中で世界はあなたが思っているよりも優しいというようなニュアンスの言葉がありましたが、万人にはなかなか受け入れ難い言葉だなと感じました。きいさんの意図としては怖がらなくていいんだよという安心させたいが為のお言葉だったとは思うのですが、過去の傷が癒えていない人にとっては他人への認識のアップデートが進みにくいので理解が難しいと思います。<br>私も世の中のすべての人が自分を攻撃したい訳ではないということはわかっているつもりではあるのですが、無意識に身構えてしまいます。<br><br>話は変わりますが、コメントする際に注意事項が出てきて、初めての経験だったので驚きました。記入することに集中してしまって肝心の注意事項をほぼ忘れてしまっていますが、とてもいい機能だなと思いました！（ガイドラインをタップすると注意事項が再表示されることに気づき、確認してコメントできました）<br><br>この動画を拝見し、自分の中での一歩が踏み出せたような気がします。有益な情報共有ありがとうございます。,@うどんもちもち,2024-04-22T17:05:35Z,_uTgEER207c
すぐ臨戦体制になり食ってかかりやすい心の癖。人を敵に思いやすい「敵意帰属バイアス」② #心理学 #人間関係 #ストレス #教養,105721,1,そういう人への対応策も教えてほしかったです😅,@Yamazakura-i3j,2026-02-12T08:47:41Z,wsR2RjpGWDg
すぐ臨戦体制になり食ってかかりやすい心の癖。人を敵に思いやすい「敵意帰属バイアス」② #心理学 #人間関係 #ストレス #教養,105721,1,歳をとるとこの属性になる方多い気がする。どうしてなのだろう。,@ahtk-x7i,2026-02-13T14:43:48Z,wsR2RjpGWDg
すぐ臨戦体制になり食ってかかりやすい心の癖。人を敵に思いやすい「敵意帰属バイアス」② #心理学 #人間関係 #ストレス #教養,105721,1,うちの会社。圧力かけてくる、いじめて、ヨダレ垂らしてる😂,@kchi6maki,2025-09-01T10:39:33Z,wsR2RjpGWDg
すぐ臨戦体制になり食ってかかりやすい心の癖。人を敵に思いやすい「敵意帰属バイアス」② #心理学 #人間関係 #ストレス #教養,105721,1,こういうクレーマーにはどう対応すればいいんでしょうか？,@user-lz5qj1nd4x,2025-11-13T22:35:24Z,wsR2RjpGWDg
すぐ臨戦体制になり食ってかかりやすい心の癖。人を敵に思いやすい「敵意帰属バイアス」② #心理学 #人間関係 #ストレス #教養,105721,1,日本はこんなのだらけな気がするよ？よその国は分らんけど。,@JT52JT,2026-02-12T02:17:37Z,wsR2RjpGWDg
すぐ臨戦体制になり食ってかかりやすい心の癖。人を敵に思いやすい「敵意帰属バイアス」② #心理学 #人間関係 #ストレス #教養,105721,1,もっと見たいです！❤<br><br>非の打ち所がない人とか❤❤❤,@MiwaIchikura,2025-03-28T09:24:15Z,wsR2RjpGWDg
すぐ臨戦体制になり食ってかかりやすい心の癖。人を敵に思いやすい「敵意帰属バイアス」② #心理学 #人間関係 #ストレス #教養,105721,1,敏感過ぎる<br>プライド高い<br>自分を何様だと思ってるんだろう,@rockxx1290,2025-12-20T02:47:25Z,wsR2RjpGWDg
【回避傾向】自分を生きることから逃げる。失敗、責任、批判、恥、人を傷つける恐れなどを最優先にして人生が停滞する,103401,1,幼い頃に、「ありのままの自分を受け入れてもらえなかった」、「自分なりの努力を認めてもらえなかった」人ほど、この傾向が出やすいと思います。<br><br>甘えたり弱音を吐いても寄り添ってくれない、失敗を「頑張ったね」と慰めるどころか過剰に責められる。<br>こんな経験が積み重なれば、失敗したくない、逃げ出したいと思うのはある種当然です。<br>だから、せめて自分だけでも、ここまで頑張ってきた自分を慰めたりほめてあげよう。<br><br>最近、やっとそう思えるようになってきました。,@masa-v9c-n9w,2026-02-19T08:46:53Z,khgpg2jcUCE
【回避傾向】自分を生きることから逃げる。失敗、責任、批判、恥、人を傷つける恐れなどを最優先にして人生が停滞する,103401,1,わかる！私の場合は許せないというより、大丈夫やったかな？って悩むのが面倒になってくる感じ,@rrrrr-v7w,2025-11-11T13:11:12Z,khgpg2jcUCE
【回避傾向】自分を生きることから逃げる。失敗、責任、批判、恥、人を傷つける恐れなどを最優先にして人生が停滞する,103401,1,常にいい自分でいたいなんて思いたくないのに間違いを許せない自分がいる。辛い。,@mk-m4t,2025-06-03T17:24:38Z,khgpg2jcUCE
【回避傾向】自分を生きることから逃げる。失敗、責任、批判、恥、人を傷つける恐れなどを最優先にして人生が停滞する,103401,1,まさにその回避逃避の特徴に当てはまるのですが、動いて回避するという場合もあることを初めて知りました。<br>気持ちが沈んで何もしてない時はまさに色んな不安を避けてしまうのですが、その後はわざと自分を責めて罪悪感を感じることで「罰せられている安心感」みたいなものを得ています。<br>調子が戻って逃げずに生活できている時は「みんなと同じように頑張れているんだから、明るくいられてるんだからもう大丈夫」だと考えて、自分と向き合う事を避けて忘れてしまっています。<br>そしてだんだん自分が保てなくなって気持ちが沈んでの繰り返し……<br>好きな物や服選び、そんな小さな選択の場でも仰る通り理性が強すぎて自分の好きな物や自分にとってベストなものがわからなくなってます。<br><br>自分が思っていた以上に「頑張ることが正しい」という思考が根付いているんだなと思いました。<br>向き合うことって抽象的でなかなか難しいことですが、今回自分の回避逃避がこの動画で少しわかって助かりました。,@あすぱらがす-m4u,2025-10-07T03:10:54Z,khgpg2jcUCE
【回避傾向】自分を生きることから逃げる。失敗、責任、批判、恥、人を傷つける恐れなどを最優先にして人生が停滞する,103401,1,まず失敗してでも進みたい方向とか掴みたい自分の幸福とかが分からないんですが…,@炭鉱夫,2025-10-07T10:20:24Z,khgpg2jcUCE
【回避傾向】自分を生きることから逃げる。失敗、責任、批判、恥、人を傷つける恐れなどを最優先にして人生が停滞する,103401,1,情緒的ネグレクトの動画から来まして、そこに残したコメントの内容、実体験にとても当てはまる！！自分はこれだったのか！！！と感動しました,@Aria-96-ありあ,2025-09-24T01:10:11Z,khgpg2jcUCE
【回避傾向】自分を生きることから逃げる。失敗、責任、批判、恥、人を傷つける恐れなどを最優先にして人生が停滞する,103401,1,不安型の方が強い傾向にあって、見捨てられ不安や見下され不安に少しずつ対処してきたら、この動画で回避傾向も少なくなっていることに気づいた！<br>まだまだ見栄の鎧はあるけれど、少しずつ世界が優しくなっていて頼れる自分もいて嬉しい,@squash1716,2025-04-09T02:17:39Z,khgpg2jcUCE
【回避傾向】自分を生きることから逃げる。失敗、責任、批判、恥、人を傷つける恐れなどを最優先にして人生が停滞する,103401,1,上司が気持ちでなんとかしようとするタイプでいろいろ気にかけてくれていたけど、どれもしんどかった……,@くろ-o8z,2025-02-11T18:10:51Z,khgpg2jcUCE
【回避傾向】自分を生きることから逃げる。失敗、責任、批判、恥、人を傷つける恐れなどを最優先にして人生が停滞する,103401,1,まさにだ…って思いました。わかっていつつも動画を観るのも避けてましたが、刺さりました。<br>動く事で回避してるがその通りだなって😂,@me-mu5ev,2025-05-27T14:49:16Z,khgpg2jcUCE
【回避傾向】自分を生きることから逃げる。失敗、責任、批判、恥、人を傷つける恐れなどを最優先にして人生が停滞する,103401,1,初めまして！今日はじめてこちらのチャンネルを聞かせて頂きました。「動く事で回避している」まさに今の私だなと思いました。日々、忙しくしているのに、気が付いたら心身共にボロボロでした。軌道修正の時だよ、という感じがします。まだどうしたらよいのかわかりませんが、気が付けた今、自分に向き合っていきたいですし、より楽しく幸せな未来に向けて、準備していきたいです。どうもありがとうございました！,@BuildingNewLife2025,2025-03-18T06:53:28Z,khgpg2jcUCE
【回避傾向】自分を生きることから逃げる。失敗、責任、批判、恥、人を傷つける恐れなどを最優先にして人生が停滞する,103401,1,不安で仕方ないです。<br>動き続ける時と殻にとじこもる時、両方あります。,@koh5915,2025-02-12T12:40:10Z,khgpg2jcUCE
【人に依存しすぎている人】自分に主導権がなくなっている・人に何かしてもらうことを求めすぎる人（自立しなさすぎている状態）,91609,1,依存心強い人が重すぎてしんどいです…。対応法を色々調べて試しています。,@塩こんぶ-u4y,2026-01-26T20:50:06Z,27c9_QRTctI
【人に依存しすぎている人】自分に主導権がなくなっている・人に何かしてもらうことを求めすぎる人（自立しなさすぎている状態）,91609,1,親の味方を頑張り続けたの動画から復習しに来ました。<br><br>まさに私です。。。<br>「他者評価」=「自分の評価」は当たり前だと思っていました。<br>いつも自分の面倒を見てくれる人、導いてくれる人を探していました。<br>寧ろ自分は間違っているから雑に扱ってもらって構わないという気持ちが芽生えることも。<br><br>一人暮らしになって、自分で決めていくことも出来てきていますし、<br>自分の気持ちを見る習慣も出来ました。<br>自分と対話して自分自身を助ける習慣も続けたいです。,@ao1341go,2025-11-23T12:34:44Z,27c9_QRTctI
【人に依存しすぎている人】自分に主導権がなくなっている・人に何かしてもらうことを求めすぎる人（自立しなさすぎている状態）,91609,1,当てはまることが多くて耳が痛いです。諦めず直していきたいです！きいさん、ありがとうございます。きいさんにいいことがありますように🍀,@みかんまる-e7o,2025-04-12T09:26:41Z,27c9_QRTctI
【人に依存しすぎている人】自分に主導権がなくなっている・人に何かしてもらうことを求めすぎる人（自立しなさすぎている状態）,91609,1,私がまさにこれです。全部当てはまります。鬱になり今から本当にどうしていいか悩みます。,@user-miramaiko,2024-07-15T08:52:27Z,27c9_QRTctI
【人に依存しすぎている人】自分に主導権がなくなっている・人に何かしてもらうことを求めすぎる人（自立しなさすぎている状態）,91609,1,原因と理由のペルソナ、私のことかと思ってびっくりしちゃった…！,@さもも-t1v,2024-04-14T22:46:09Z,27c9_QRTctI
【人に依存しすぎている人】自分に主導権がなくなっている・人に何かしてもらうことを求めすぎる人（自立しなさすぎている状態）,91609,1,声がヨルさんなんよ,@外来生物-e9d,2025-10-12T18:32:08Z,27c9_QRTctI
【人に依存しすぎている人】自分に主導権がなくなっている・人に何かしてもらうことを求めすぎる人（自立しなさすぎている状態）,91609,1,自分が好きな男性から愛してほしい好きになってほしい。好きな人に好きになってもらったことがないのでいつも求めてしまいます。<br>好きでもない男には好きになられてしまうのに。<br>好きになってもらうために相手に合いそうな行動や話をしてしまいます。<br><br>これが普通の恋愛と思ってましたが、違うんですね😂,@あみ08,2025-09-15T05:34:48Z,27c9_QRTctI
【人に依存しすぎている人】自分に主導権がなくなっている・人に何かしてもらうことを求めすぎる人（自立しなさすぎている状態）,91609,1,学びが多い動画でした<br>自分にも思い当たる節が<br>沢山ありました。<br><br>学校でもこういう授業<br>やって欲しいと素直に感じました。<br><br>だって人間は、<br>ガキじゃないと<br>子供を作れないから。<br><br>そんなガキみたいな親<br>（言い方💦失礼します！）<br>に育てられた子供たちが<br>真っ直ぐには育たないから…<br><br>こういう動画を見て<br>自分なりに心を内観して<br>大人になっていくんだろうなぁ…<br>としみじみ感じました！<br><br>素敵な動画<br>投稿有難うございました！<br>感謝します。,@狛さん,2025-03-15T01:03:45Z,27c9_QRTctI
【人に依存しすぎている人】自分に主導権がなくなっている・人に何かしてもらうことを求めすぎる人（自立しなさすぎている状態）,91609,1,自分のことです<br>ありがとうございます,@88manyo,2025-04-09T15:04:00Z,27c9_QRTctI
【人に依存しすぎている人】自分に主導権がなくなっている・人に何かしてもらうことを求めすぎる人（自立しなさすぎている状態）,91609,1,幼少期にその傾向がありました。しかし、子育てなどを経て、今更年期（笑）(￣▽￣;)なにかしらまた、幼少期に戻ってそれがまた若干、ぶり返してしまったような気がしています。子育て終わったからかなー。,@洋子-r6c,2025-08-14T09:07:12Z,27c9_QRTctI
【人に依存しすぎている人】自分に主導権がなくなっている・人に何かしてもらうことを求めすぎる人（自立しなさすぎている状態）,91609,1,依存できない人間が参考に見にきました。<br>明らかに他人依存してるなぁって人を側から見ても何も感じない。批判も称賛浮かばない。,@ブンケイ,2023-11-04T13:43:53Z,27c9_QRTctI
【強い劣等感】落ち込みが止まらない、すぐ人と比較、頑張りすぎてしまう、自分を守るために攻撃・敏感になりやすい、理想やプライドが高くなる。,84076,1,ただの指導なのに、攻撃されたと思いがちで最初に「違う！」と否定して言い訳したくなっちゃうの本当によくないので直したい,@Ron_aoiro,2025-12-14T13:37:03Z,3BV7aU3Dl8w
【強い劣等感】落ち込みが止まらない、すぐ人と比較、頑張りすぎてしまう、自分を守るために攻撃・敏感になりやすい、理想やプライドが高くなる。,84076,1,最近思ってるけど、やっぱり隣の芝だなぁと、<br>自分が嫌だと思っているところは他人から見たらいいところだったりもする。,@hfj1373,2025-09-20T20:53:48Z,3BV7aU3Dl8w
【強い劣等感】落ち込みが止まらない、すぐ人と比較、頑張りすぎてしまう、自分を守るために攻撃・敏感になりやすい、理想やプライドが高くなる。,84076,1,いつも劣等感は持っています、だからこの動画配信みて今後はどうしたら良いか勉強していきますね😂,@高橋情助,2024-03-29T10:28:21Z,3BV7aU3Dl8w
【強い劣等感】落ち込みが止まらない、すぐ人と比較、頑張りすぎてしまう、自分を守るために攻撃・敏感になりやすい、理想やプライドが高くなる。,84076,1,劣等性と劣等感の違いにすごく衝撃を受けました<br>カワウソの例がとてもわかりやすかったです<br>同じ物事でも見方によって変わってくるんだなと思いました<br>自分が自分勝手で相手のことを考えられていないと感じて悩んでいますが、それも劣等感からくるものもあるんだなと思いました<br>自分で自分を苦しめているように感じ、もっと改善しなきゃと自分のできていないところに目を向けているので、自分のいいところに目を向けていきたいです！,@ohagisan0201,2024-10-16T05:23:24Z,3BV7aU3Dl8w
【強い劣等感】落ち込みが止まらない、すぐ人と比較、頑張りすぎてしまう、自分を守るために攻撃・敏感になりやすい、理想やプライドが高くなる。,84076,1,自分に当てはまりすぎて辛いです…<br><br>またこの動画を見返しに来るだろう自分に向けてのメモを残しておきます。<br>人間違って当たり前なんですよね。きっと。その違いをある特定のベクトルからみて優劣判断しちゃってるんじゃないかなと思いました。<br><br>それが行き過ぎて自分の人間性まで否定する羽目になってるのでは無いかなと。,@user-pu1op9kq4y,2024-05-07T01:53:09Z,3BV7aU3Dl8w
【強い劣等感】落ち込みが止まらない、すぐ人と比較、頑張りすぎてしまう、自分を守るために攻撃・敏感になりやすい、理想やプライドが高くなる。,84076,1,すべてのことをどんな視点から見てもなおありとあらゆる存在(電子1個にも)に劣っている私のことはさすがにわからないということですね、残念です,@tankenoh,2024-07-25T07:45:37Z,3BV7aU3Dl8w
【強い劣等感】落ち込みが止まらない、すぐ人と比較、頑張りすぎてしまう、自分を守るために攻撃・敏感になりやすい、理想やプライドが高くなる。,84076,1,きいさん　ありそうございます…😌☘️,@hiromoide,2024-07-10T14:40:55Z,3BV7aU3Dl8w
【強い劣等感】落ち込みが止まらない、すぐ人と比較、頑張りすぎてしまう、自分を守るために攻撃・敏感になりやすい、理想やプライドが高くなる。,84076,1,厳しいこと言うけど◯◯の連続<br>生活習慣態度を改善せよ！<br>キツイ苦しい。,@山崎由貴-q8z,2024-09-28T02:59:16Z,3BV7aU3Dl8w
【強い劣等感】落ち込みが止まらない、すぐ人と比較、頑張りすぎてしまう、自分を守るために攻撃・敏感になりやすい、理想やプライドが高くなる。,84076,1,ありがとうございます！,@calmlaugh7294,2024-04-19T02:52:19Z,3BV7aU3Dl8w
【強い劣等感】落ち込みが止まらない、すぐ人と比較、頑張りすぎてしまう、自分を守るために攻撃・敏感になりやすい、理想やプライドが高くなる。,84076,1,結婚したら、うつ病になった,@EKOQ,2024-12-20T14:00:21Z,3BV7aU3Dl8w
【強い劣等感】落ち込みが止まらない、すぐ人と比較、頑張りすぎてしまう、自分を守るために攻撃・敏感になりやすい、理想やプライドが高くなる。,84076,1,"<a href=""https://www.youtube.com/watch?v=3BV7aU3Dl8w&amp;t=890"">14:50</a>「俺が大谷翔平になれないように、大谷翔平も俺になれない。しかし大谷翔平は俺になりたいと思わない」って言葉を思い出した😂",@tekitounitukutta-ID,2025-03-04T22:56:07Z,3BV7aU3Dl8w
【日常に残る心の影響】知らないで自分を否定したり、現実とのギャップを起こし続けていませんか？大事な自分を理解・受容・幸せへ。,83800,1,好きが分からない、音や人の声に敏感、過去の記憶が思い出せない、だけ当てはまりました。,@nn._.1267,2025-10-11T10:49:17Z,cNzvBWkhm3Y
【日常に残る心の影響】知らないで自分を否定したり、現実とのギャップを起こし続けていませんか？大事な自分を理解・受容・幸せへ。,83800,1,たくさん当てはまってて、自分のことを好きになれなかったり自分を好きになると失敗するって思い込んでたりして辛いな…<br>自分の場合、本当にいい環境で育ててもらったのにこうなってしまってるので大半自分に原因がありそうなのが本当に申し訳なくて辛い…,@ただの犬-u3z,2025-10-06T15:39:05Z,cNzvBWkhm3Y
【日常に残る心の影響】知らないで自分を否定したり、現実とのギャップを起こし続けていませんか？大事な自分を理解・受容・幸せへ。,83800,1,少し心が軽くなりました！素敵な動画と優しい言葉をありがとうございます。,@七もめん,2025-09-19T07:16:46Z,cNzvBWkhm3Y
【日常に残る心の影響】知らないで自分を否定したり、現実とのギャップを起こし続けていませんか？大事な自分を理解・受容・幸せへ。,83800,1,本当に、ありがとうございます。,@user-gf5cu8od6u,2025-09-17T19:03:34Z,cNzvBWkhm3Y
【日常に残る心の影響】知らないで自分を否定したり、現実とのギャップを起こし続けていませんか？大事な自分を理解・受容・幸せへ。,83800,1,よく自分を責めてしまいます。これを見て少しだけ、楽になりました。ありがとうございました。,@cream-soda96633,2025-09-09T00:38:38Z,cNzvBWkhm3Y
【日常に残る心の影響】知らないで自分を否定したり、現実とのギャップを起こし続けていませんか？大事な自分を理解・受容・幸せへ。,83800,1,自分を押し殺して生きていたみたいです。いつも誰かに見られてる感覚がある、人に気を使いすぎて自分を削る、誰にも相談できないし苦しい感情を言語化できない、実家は出てるけど、親に迷惑かけてると思ってしまう、過去の記憶は欠片欠片で、ほとんどないです。家族への相談、親友への相談は迷惑だと思ってたのでそこから改善したいです。自分の本当の心が何も分からなくなってしまっているので、変わりたいです。,@miinyaaaa__,2025-10-09T13:28:26Z,cNzvBWkhm3Y
【日常に残る心の影響】知らないで自分を否定したり、現実とのギャップを起こし続けていませんか？大事な自分を理解・受容・幸せへ。,83800,1,ふとホームに出てて観てみました<br>当て嵌まり過ぎて辛いです<br>自分の好き、楽しい、良いな好きだな〜が分からないなって思いました。言われてみたら確かに分からないかも…って感じです、これが普通だと疑ってもいなかった<br>他にもたくさん、当て嵌まらない事の方が少ないぐらい、我慢してたのかなとも思いました<br>親は普通の人なのになぁ…何でこうなっちゃったんだろうなぁ…って涙が止まらない<br>音や声、あと何故か匂いにも敏感です…生き辛くて苦しい…,@lycorisradiata6651,2025-10-11T16:20:42Z,cNzvBWkhm3Y
【日常に残る心の影響】知らないで自分を否定したり、現実とのギャップを起こし続けていませんか？大事な自分を理解・受容・幸せへ。,83800,1,家を出て行きたいけどおばあちゃんとか猫たちが心配で出ていけない。,@bug1432,2025-09-29T13:03:31Z,cNzvBWkhm3Y
【日常に残る心の影響】知らないで自分を否定したり、現実とのギャップを起こし続けていませんか？大事な自分を理解・受容・幸せへ。,83800,1,多くのことに当てはまっていましたが、私の根本は“どれだけ言ってもわかってもらえない大人（父親）の存在”ですね。<br>幼い頃から過保護・過干渉で、自分のことを「否定されてばかりだった」ので「自信を持つとよくない」と思うようになったし、<br>些細なことで怒鳴り散らす上に、わざとかと思うほど大声でクシャミや咳をするので「音や人の声に敏感」になりました。<br>もういい加減楽に、自由になりたいです……,@masa-v9c-n9w,2026-03-01T12:22:12Z,cNzvBWkhm3Y
【日常に残る心の影響】知らないで自分を否定したり、現実とのギャップを起こし続けていませんか？大事な自分を理解・受容・幸せへ。,83800,1,私は今回のテーマ、丸々そのままのタイプです<br>学生時代のカーストで悩まされ、狂っていったのを覚えてます<br>最近骨折をしてしまい、たまたま長期休みになりました<br>その時に半世紀分の心の棚卸しをしました<br>途中で苦しくて泣いてしまったけど、とてもスッキリしました<br>骨折して給与がゼロになったけど、違う形で報酬を受け取りました<br>私はたまたま自力で吹っ切れましたが、一人で棚卸しするのは難しいと思います<br>今を苦しんでいる人には少しずつすることをお勧めします<br>そして、爽やかな朝の風を受けるような、そんな日が皆様に訪れることを願います,@km-rx4zr,2025-09-12T10:23:22Z,cNzvBWkhm3Y
【日常に残る心の影響】知らないで自分を否定したり、現実とのギャップを起こし続けていませんか？大事な自分を理解・受容・幸せへ。,83800,1,まるで、私の心のつらいところを見透かされているようでした！<br>少しずつ、自分の直感に従ったり、好きなことを選択して、トラウマから脱却しようと思いました😊<br>解決の方向性を示してくださったので、嬉しいです。,@irismyrtus,2025-08-29T00:29:28Z,cNzvBWkhm3Y
【日常に残る心の影響】知らないで自分を否定したり、現実とのギャップを起こし続けていませんか？大事な自分を理解・受容・幸せへ。,83800,1,人の目を気にしすぎてもう一人称も言えなくなってしまった。いつになったら勇気が出るのか分からない,@六絃マオ,2025-09-02T23:08:11Z,cNzvBWkhm3Y
【抱え込みすぎ】「私がやらなきゃ」「何でもできなきゃ」、気を使いまくり、自分が人や状況を操作したい→限界を超えて心が崩れる,664306,0,まだ数個しか見てないけど、きいさんの動画が染みます。毎回涙が出ます。<br>投げかけてくれる笑顔や感情が伝わるイラスト、丁寧な字になんだかほっとする。<br>チェックポイントにそれそれそれ、あるあるあるって頷いてばかり。<br>いつも無理して心折れて仕事辞めるの繰り返ししてきたのだが、また無理してしまいまた退職決まりました。職歴ボロボロ。<br>人に頼る、弱さを見せる、ダメな自分を認めるが、どうしても毎回できない。辛い。<br>またダメになってしまったって自分を責めてしまうから、最近、きいさんが言ってたから何もない自分にも価値はあるはずなんだって、思えなくても言い聞かせてる時があります。<br>動画見つつ少しずつでも楽になっていきたいです。,@yukisatoh4037,2025-12-28T13:23:57Z,Gaps0b_VXIU
【抱え込みすぎ】「私がやらなきゃ」「何でもできなきゃ」、気を使いまくり、自分が人や状況を操作したい→限界を超えて心が崩れる,664306,0,ありがとうございます❤抱え込み過ぎたの、気がつきました❤❤,@東岡佐知-p5q,2025-09-29T13:02:43Z,Gaps0b_VXIU
【抱え込みすぎ】「私がやらなきゃ」「何でもできなきゃ」、気を使いまくり、自分が人や状況を操作したい→限界を超えて心が崩れる,664306,0,スタッフの方との対話がすごくよくわかった。同じようにコントロールしようとしていたことに気づけた。ありがとうございます,@ことり-c4e,2025-12-05T10:11:55Z,Gaps0b_VXIU
【自立しすぎている人】頼れない、任せない、甘えられない。孤独と傷つきを抱え込んできた人,376235,0,すごく納得、かつ自分に当てはまることばかりで目からウロコ…<br>でもそうだとわかってても、<br>考え方を変えようと思っても抜け出せない。堂々巡りになってしまうー,@hocchy,2026-03-20T14:05:13Z,Rtfu2tdV6Ks
【自立しすぎている人】頼れない、任せない、甘えられない。孤独と傷つきを抱え込んできた人,376235,0,全部でなくても沢山当てはまるみたいで、そのせいでか見るのも聞くのも辛い,@ささくれ-n1d,2023-11-04T06:41:31Z,Rtfu2tdV6Ks
【選ぶ権利がある】近くにいる方がいい人と、遠ざける方がいい人【割合と頻度を見てね】,256269,0,今まで自分が変われば相手も変わると思ってました。人間関係、環境、言葉って大事なんですね。,@あんず-c4m,2026-03-04T05:21:47Z,7tTBN-Ul_Pg
【選ぶ権利がある】近くにいる方がいい人と、遠ざける方がいい人【割合と頻度を見てね】,256269,0,OPで既に刺さりに刺さりました。,@Japan-m5e,2025-11-24T05:57:18Z,7tTBN-Ul_Pg
【選ぶ権利がある】近くにいる方がいい人と、遠ざける方がいい人【割合と頻度を見てね】,256269,0,なるほどな<br>確かに大事になんてされてなかったわ。そんな人のために自己犠牲しなくて良いな,@Sparecat-w1w,2024-12-07T14:18:54Z,7tTBN-Ul_Pg
【選ぶ権利がある】近くにいる方がいい人と、遠ざける方がいい人【割合と頻度を見てね】,256269,0,旦那は離れたほうがいい人なんだと改めて再確認しました😊,@ユーカリ-n6w,2025-11-24T02:52:52Z,7tTBN-Ul_Pg
【選ぶ権利がある】近くにいる方がいい人と、遠ざける方がいい人【割合と頻度を見てね】,256269,0,何でもかんでも「俺は悪くねえ！」と他責思考もダメですが、自分の心を守る範囲での他責は、確かに必要ですね。<br><br>父が小さい頃から本当に面倒くさい人で、話したくないことにもずかずか踏み入って聞いてくるし、<br>辛い時に慰めたり寄り添ったりということをほとんどしない人でした。<br>それでも、親だから傍にいたほうがいい、と妙な責任感を抱え続けていました。<br><br>ここ最近自己理解を繰り返すことで、ようやく今の惰性で繋がっている関係が歪であることが分かってきました。<br>いい加減独り立ちしないとなぁ……,@masa-v9c-n9w,2026-02-27T07:45:13Z,7tTBN-Ul_Pg
【選ぶ権利がある】近くにいる方がいい人と、遠ざける方がいい人【割合と頻度を見てね】,256269,0,職場の相手は話したいと近づいてくるが<br>自分は話したくないと思っている<br>縁切りたい,@根暗ダイバー,2024-01-25T15:26:52Z,7tTBN-Ul_Pg
【選ぶ権利がある】近くにいる方がいい人と、遠ざける方がいい人【割合と頻度を見てね】,256269,0,自分の一番身近にいる人が遠ざけたほうがいいタイプと、近くにいた方がいいタイプと同じくらいの割合で持っている状態です　理想の押し付け、身体や時間の縛り付け、言葉とか、言い回しとかで間接的に傷つけてくるタイプなのに、自分以上に自分を理解してくれる時があって、その上で改善点を指摘してくれるし、自分の少し前に立って成長するのを助けてくれたり、迷った時に手を引いて道を示してくれるような、そんな感じの人です　自分は親がそもそも遠ざけたほうがいいタイプだったせいで昨年まで悪い環境に縛り付けられており、ようやく離れた直後に出会った為、離れたほうがいいのかどうなのかもわからず、自分ではこのままそばに居続けていいのかも解りません　実際にその人と関わってから自分もいい方向に変われてきたと思っており、時たま会うときも言い合いをした日以外は楽しくないと思ったことは有りません　ただ、言い合いをした日は、言葉を選ばない人なので自分はひどく傷ついてしまい、いつも困ってしまいます　このままその人のそばに居続けていいのか、皆様のご意見を頂けたら幸いです,@シオン-l6z,2024-12-22T17:58:53Z,7tTBN-Ul_Pg
【選ぶ権利がある】近くにいる方がいい人と、遠ざける方がいい人【割合と頻度を見てね】,256269,0,近くにいた方がいい人が遠ざけたほうがいい人になりました<br>悲しいです…,@im7793,2023-12-14T12:10:57Z,7tTBN-Ul_Pg
【選ぶ権利がある】近くにいる方がいい人と、遠ざける方がいい人【割合と頻度を見てね】,256269,0,まるで自分の半生を解説して頂いているかのようでした……<br>最近やっと、自分の人間関係の癖に気付いて、物凄く苦しいです。<br>今までやってきたことが、全て無駄だったように感じます。もう人間関係を築く自信もありません。<br>現在うつ病に近い症状も出てしまい、一旦休んで、全てのことから離れています。自分を大事にできなかったのはそんな状況、扱いに慣れてるからなのだと、お話を聴いていて改めて気付かされています。,@rihito4544,2025-08-23T12:54:12Z,7tTBN-Ul_Pg
【選ぶ権利がある】近くにいる方がいい人と、遠ざける方がいい人【割合と頻度を見てね】,256269,0,いい子の呪いで自分んい苦痛を与えていたと思います。<br>しっかり離婚します、良い動画ありがとうございます！,@hitomishimoda4743,2024-10-26T18:53:39Z,7tTBN-Ul_Pg
【選ぶ権利がある】近くにいる方がいい人と、遠ざける方がいい人【割合と頻度を見てね】,256269,0,冒頭の言葉に救われました😂,@mi-mi5bn,2024-03-05T05:57:14Z,7tTBN-Ul_Pg
【自己愛性パーソナリティタイプ】自分は特別・自分は悪くない・トンデモ行動。自己愛が強い人への対処と改善までご紹介。／ナルシスト、話を聞かない、押し付け、支配的,234791,0,自分語りです。<br>他人と比べて勉強ができる自分でいれば親が認めてくれると感じていた。運動や容姿と表面的に他人と比較できる能力で自分は誉められたから、そういう価値観で生きていた。内面の魅力、努力の過程などを自分で認めてあげられるようになりたい。,@エイちゃん,2026-02-08T13:35:12Z,9ZqyqvABW_8
【自己愛性パーソナリティタイプ】自分は特別・自分は悪くない・トンデモ行動。自己愛が強い人への対処と改善までご紹介。／ナルシスト、話を聞かない、押し付け、支配的,234791,0,知り合いで当てはまりすぎている人がいて、自己愛タイプというものだったのかーと納得しています。なんならこのイラストの顔そっくりでびっくり。笑顔が少なく常に怯えているような、敵視するような目をしています。<br><br>とにかく自分の非を認めないですし、やんわりでも注意したりすると警戒心を強めて自分の主張をしてきます。「こうあるべき」が強く口を開けば不平不満。相手の気持ちや状況を察する能力が皆無で、「ここでそれ言うか？」「そういう行動するか？」という言動が時々見られます。その割にすごく受身で依存的。自分から動いて求めるものを取りに行くというより、周りが動いてくれるのが当たり前と思っている。動いてくれないと不満を言う。何かを選択する基準が「自分が心からしたい」というよりも「世間的にどうか」「周りから見た評価」を基準に選びがち。主体性や自分の軸がないように見えます。<br><br>少し前にあるトラブルがきっかけとなり縁を切り、その後のその人の状況はわかりませんが、付き合っていてかなりエネルギーを消耗しました。けっこう依存もされたし。もう二度と関わりたくないです😮,@なないろねこ-h6u,2025-12-01T17:22:03Z,9ZqyqvABW_8
【愛情と依存の違い】&quot;好き&quot;と混同しやすい&quot;依存&quot;の特徴とは？自分軸で与える愛と、他人軸 or 自己満足で埋めようとする愛。  〜グラデーションで考える〜,211779,0,私は初め相手にだんだん依存していき愛してくれてないと感じて毎日苦しかったです。でも自分が親や兄弟姉妹にたくさん愛されてるんだと実感してからは心に余裕が持てて、ちゃんと相手をみて愛せるようになりました。過去のことを思い出す時もありますが頑張って前に進もうと思ってます。,@age-g8d,2026-03-07T06:33:14Z,Ui7jIx_0sIU
【愛情と依存の違い】&quot;好き&quot;と混同しやすい&quot;依存&quot;の特徴とは？自分軸で与える愛と、他人軸 or 自己満足で埋めようとする愛。  〜グラデーションで考える〜,211779,0,躁鬱で鬱の時に依存に偏りそうの時に好きに偏る　やめたい,@ぱん-s2m,2026-03-01T15:06:08Z,Ui7jIx_0sIU
【愛情と依存の違い】&quot;好き&quot;と混同しやすい&quot;依存&quot;の特徴とは？自分軸で与える愛と、他人軸 or 自己満足で埋めようとする愛。  〜グラデーションで考える〜,211779,0,5年前の自分に見せてあげたいな<br>でもあのころ依存から抜け出せたかというと難しいだろうなあ,@Lobzzujk,2026-01-08T11:41:17Z,Ui7jIx_0sIU
【愛情と依存の違い】&quot;好き&quot;と混同しやすい&quot;依存&quot;の特徴とは？自分軸で与える愛と、他人軸 or 自己満足で埋めようとする愛。  〜グラデーションで考える〜,211779,0,フロム著「愛するということ」に通ずる部分がたくさんありますね,@たり-j2b,2026-02-09T18:39:55Z,Ui7jIx_0sIU
【愛情と依存の違い】&quot;好き&quot;と混同しやすい&quot;依存&quot;の特徴とは？自分軸で与える愛と、他人軸 or 自己満足で埋めようとする愛。  〜グラデーションで考える〜,211779,0,いまめちゃくちゃ依存してる🥲,@moumou3557,2026-02-16T10:51:01Z,Ui7jIx_0sIU
【愛情と依存の違い】&quot;好き&quot;と混同しやすい&quot;依存&quot;の特徴とは？自分軸で与える愛と、他人軸 or 自己満足で埋めようとする愛。  〜グラデーションで考える〜,211779,0,一人のときに人間性が出るというか頑張らなきゃいけないなと思います,@ra_mensosu,2025-12-30T02:52:54Z,Ui7jIx_0sIU
【愛情と依存の違い】&quot;好き&quot;と混同しやすい&quot;依存&quot;の特徴とは？自分軸で与える愛と、他人軸 or 自己満足で埋めようとする愛。  〜グラデーションで考える〜,211779,0,これに自分に近い人に攻撃的になるタイプが元カノだったからマジで末期の頃はしんどかった。<br>はじめはすごい仲良くできたし、楽しかったんだけどなあ…,@Shy_SUN2019,2026-02-08T13:39:01Z,Ui7jIx_0sIU
【愛情と依存の違い】&quot;好き&quot;と混同しやすい&quot;依存&quot;の特徴とは？自分軸で与える愛と、他人軸 or 自己満足で埋めようとする愛。  〜グラデーションで考える〜,211779,0,なんだかいろんなことが悲しくなり、<br>こうした中でまだ生きていられるのは彼氏がいるからだと思っています。<br>付き合ってからあと2ヶ月ほどで10年になりますが、<br>もし別れてしまった場合、私は絶対にこれ以上幸せになれません。<br>普段から何があったわけでもなく気分が落ち込むことがあり、そういった時にはYouTubeで好きな猫チャンネルの猫と投稿主さんの声を聞いてなんとか安心感を得られていますが、こうやってわずかな安心でも得られている理由は彼氏がいてくれているからだと思います。<br><br>数年前に依存していると自覚してからは、（依存＝）生きる理由がわかり、<br>依存にマイナスな感情は無くなりました。<br>別れた時は地獄の底まで落とされると思います。,@user-riripipi,2026-01-27T14:39:41Z,Ui7jIx_0sIU
【愛情と依存の違い】&quot;好き&quot;と混同しやすい&quot;依存&quot;の特徴とは？自分軸で与える愛と、他人軸 or 自己満足で埋めようとする愛。  〜グラデーションで考える〜,211779,0,なるほど….とても勉強になります！,@4_26_,2025-02-21T03:34:20Z,Ui7jIx_0sIU
【愛情と依存の違い】&quot;好き&quot;と混同しやすい&quot;依存&quot;の特徴とは？自分軸で与える愛と、他人軸 or 自己満足で埋めようとする愛。  〜グラデーションで考える〜,211779,0,私メンヘラホイホイです、、もう恋愛に前向きになれないです。みんな依存→メンヘラに進化するのは何故なんだろう。。共通するのはみんな優しくて良い人ってことです。,@mico.m.,2026-01-12T07:33:03Z,Ui7jIx_0sIU
【愛情と依存の違い】&quot;好き&quot;と混同しやすい&quot;依存&quot;の特徴とは？自分軸で与える愛と、他人軸 or 自己満足で埋めようとする愛。  〜グラデーションで考える〜,211779,0,依存心が強いのは昔から分かっているから、芸能人とか推しを作って気持ちを分散させてきたけど<br>身近な人に頼るのがすごく苦手で、自己開示も苦手で長い付き合いの友達がいない…<br>精神的に落ちてる時に、分かりやすい愛情をくれる彼氏ができて、最近別れたけど、精神的に依存してしまって自分のことが手につかなくなっててすごくしんどかった<br>たぶん、私が今すべきことは本音で話せる友達を増やすことだと思う<br>自分の身の回りの事ちゃんと整えたら、前向きに色んなことがんばりたい<br>どうすれば上手くいくのかももっと勉強したい,@きらきち-n1w,2026-01-02T18:35:35Z,Ui7jIx_0sIU
【愛情と依存の違い】&quot;好き&quot;と混同しやすい&quot;依存&quot;の特徴とは？自分軸で与える愛と、他人軸 or 自己満足で埋めようとする愛。  〜グラデーションで考える〜,211779,0,正しい好きを追求すると友達だと思える女性になってしまう。,@トラファルガー激ロー-f7w,2025-12-22T10:41:50Z,Ui7jIx_0sIU
【愛情と依存の違い】&quot;好き&quot;と混同しやすい&quot;依存&quot;の特徴とは？自分軸で与える愛と、他人軸 or 自己満足で埋めようとする愛。  〜グラデーションで考える〜,211779,0,自己肯定感が低すぎて依存しがちですが、どうしてもコントロールできません、、、、、,@I3litz,2026-02-01T19:52:50Z,Ui7jIx_0sIU
【愛情と依存の違い】&quot;好き&quot;と混同しやすい&quot;依存&quot;の特徴とは？自分軸で与える愛と、他人軸 or 自己満足で埋めようとする愛。  〜グラデーションで考える〜,211779,0,"<a href=""https://www.youtube.com/watch?v=Ui7jIx_0sIU&amp;t=671"">11:11</a> 対策",@indian_man,2025-07-02T22:44:02Z,Ui7jIx_0sIU
【完璧主義】ひとり反省会・人生が変わらない・全てに神経を尖らせている→「自然な自分ではいけない。」という自己否定のサイン,182094,0,今日は時間があったので、過去動画を見ています。共感することが多くて見続けてしまいます。<br>小さいころ素直で悪気なくやったことをなぜか叱られることが多く、自分を出せずによく見せるようになりました。<br>倒れるほど何度も努力してきたけど社会的に結果が出ない、評価されないので、自分はダメなんだとショックを受け続け、疲れ果てています。<br>何もできない自分を認めるって言われた時に泣けてきてしまった。本当はそうしたいしされたいけど、実際は難しい。,@yukisatoh4037,2025-12-14T10:03:52Z,a7x8US7Rwj4
【完璧主義】ひとり反省会・人生が変わらない・全てに神経を尖らせている→「自然な自分ではいけない。」という自己否定のサイン,182094,0,きいさんありがとうございます。まさに自分のことを解説してくれていて、今の私を見出してくれて、希望が見えました。<br>仕事でよくあることなので、<br>できない日があってもいいじゃん、間違えてもいいじゃん、と自分を許しながら、気楽に生きていけるようにしたいなと思います。❤,@neimi3508,2025-06-28T14:11:27Z,a7x8US7Rwj4
【完璧主義】ひとり反省会・人生が変わらない・全てに神経を尖らせている→「自然な自分ではいけない。」という自己否定のサイン,182094,0,親に否定された記憶はあまりなかったけど中学の時友達にずっと否定的なこと言われてたこと思い出した😢,@Dgdhxhfg,2024-02-27T09:57:25Z,a7x8US7Rwj4
【完璧主義】ひとり反省会・人生が変わらない・全てに神経を尖らせている→「自然な自分ではいけない。」という自己否定のサイン,182094,0,中学受験や大学受験の時に親にハードルを課せられ、塾のアルバイトも経てこうなってしまった気がします。<br>大学の漫研に所属して、漫画の趣味が悪いと良くないとか、絵が描けないと悪いとか思ってしまうようにもなりました。,@FK-yt8wx,2025-04-28T11:49:39Z,a7x8US7Rwj4
【完璧主義】ひとり反省会・人生が変わらない・全てに神経を尖らせている→「自然な自分ではいけない。」という自己否定のサイン,182094,0,私も、したくて（wanna）始めたことが、いつしかすべき（should）、或いはせねばならぬ（must）になって苦しくなることが多いです。<br>適当にしようと思っても、いつしか上のような思考、行動になってしまっています。,@本邑構造,2024-03-14T07:08:57Z,a7x8US7Rwj4
【完璧主義】ひとり反省会・人生が変わらない・全てに神経を尖らせている→「自然な自分ではいけない。」という自己否定のサイン,182094,0,僕も強迫性障害で一つのことにこだわって辛いです。全てに完璧主義じゃなくて病気で納得したいだけの完璧主義,@shinxx0055,2024-02-17T14:56:29Z,a7x8US7Rwj4
【完璧主義】ひとり反省会・人生が変わらない・全てに神経を尖らせている→「自然な自分ではいけない。」という自己否定のサイン,182094,0,適当ができない自分が嫌で適当になろうとしたら今度はそれを極めすぎて戻せなくて困ってる(),@あは-j3d,2024-01-16T16:54:21Z,a7x8US7Rwj4
【完璧主義】ひとり反省会・人生が変わらない・全てに神経を尖らせている→「自然な自分ではいけない。」という自己否定のサイン,182094,0,イラスト付きでとてもわかりやすかったです。話すスピードや話し方も聞きやすくて、聞いていて心地よかったです！素晴らしい動画をありがとうございます。自分への理解が深まりました。,@kumaneko7982,2024-02-16T19:06:26Z,a7x8US7Rwj4
【完璧主義】ひとり反省会・人生が変わらない・全てに神経を尖らせている→「自然な自分ではいけない。」という自己否定のサイン,182094,0,2種類あるんだ！私は意欲的な完璧主義の方です！,@sheymd306,2025-08-12T17:31:38Z,a7x8US7Rwj4
【完璧主義】ひとり反省会・人生が変わらない・全てに神経を尖らせている→「自然な自分ではいけない。」という自己否定のサイン,182094,0,当てはまりすぎて、、、、、全て<br>優秀な親戚兄弟に囲まれて育ち、ずっと劣等感があった<br>・全力1回より回数<br>・失敗しても笑う、大丈夫<br>・何もできない自分でも大丈夫<br>・挑戦できてる自分がOK<br>・できない人を許す,@どん-f5b,2024-05-16T05:17:59Z,a7x8US7Rwj4
【完璧主義】ひとり反省会・人生が変わらない・全てに神経を尖らせている→「自然な自分ではいけない。」という自己否定のサイン,182094,0,完璧主義の手前くらいまでの自覚はありますが、それはあくまで他人に指摘されないようにやらなくてはいけない、という他人軸によるものなので苦しかったですね……今は苦しくならないように気をつけていますがいい加減でだらしないほうが気は楽ですね。実際そういう人は周りが敬遠するようになるから本人は無傷で済むんですよね…,@lomeright.,2023-12-30T22:11:35Z,a7x8US7Rwj4
【完璧主義】ひとり反省会・人生が変わらない・全てに神経を尖らせている→「自然な自分ではいけない。」という自己否定のサイン,182094,0,成功と失敗のフォルダがあって、成功フォルダが満たされないから自信もつかないって感覚。<br>成功も失敗も1つの経験と思えればいいんだけど…,@adapter023,2024-04-14T22:40:48Z,a7x8US7Rwj4
【完璧主義】ひとり反省会・人生が変わらない・全てに神経を尖らせている→「自然な自分ではいけない。」という自己否定のサイン,182094,0,"自分用　<a href=""https://www.youtube.com/watch?v=a7x8US7Rwj4&amp;t=1438"">23:58</a>",@pannezumi__,2025-04-04T06:29:45Z,a7x8US7Rwj4
【完璧主義】ひとり反省会・人生が変わらない・全てに神経を尖らせている→「自然な自分ではいけない。」という自己否定のサイン,182094,0,私のことだ！<br>心が少し軽くなりました🥲🥲,@天ぷら-l6g,2024-01-04T15:11:51Z,a7x8US7Rwj4
【完璧主義】ひとり反省会・人生が変わらない・全てに神経を尖らせている→「自然な自分ではいけない。」という自己否定のサイン,182094,0,自分が120パーセント全力を出して(出したつもりで)やっと周囲の60点<br>｢(本当は100パーセント出せるけど)60点でOK｣ってできる有能な人が羨ましい,@味噌チゲ,2026-01-20T22:24:59Z,a7x8US7Rwj4
【完璧主義】ひとり反省会・人生が変わらない・全てに神経を尖らせている→「自然な自分ではいけない。」という自己否定のサイン,182094,0,完璧主義をしない、ということを課していたけっか、つらかったので、かんぺきしゅぎさいかいしｔ,@iop4965,2024-01-01T23:52:41Z,a7x8US7Rwj4
【完璧主義】ひとり反省会・人生が変わらない・全てに神経を尖らせている→「自然な自分ではいけない。」という自己否定のサイン,182094,0,適当で良いって全く思えない。少しでも頑張ってないと生きてる価値感じられないし、生きてる心地しない。,@ヘムヘム-r8d,2025-05-23T14:22:39Z,a7x8US7Rwj4
【自分軸と自分勝手の違い】わがままが気になる人へ。場面での対比を見て整理しよう,159398,0,過去の２人の世界から自分の軸で悪い所気付きと毎日の積み重ねと振り返りなど普通らしく考え通す事も他人のパワーで頼らないように頑張っます。🌰🌰🌰🌰,@西村裕子-n3n,2025-07-22T18:37:25Z,htWuimTJmlQ
【自分軸と自分勝手の違い】わがままが気になる人へ。場面での対比を見て整理しよう,159398,0,分かりやすい動画、ありがとうございます😭<br>私は、意見を押し付けてくるうえ、自分と違う考えを持つ人を余計に非難する母親がずっと嫌いで、「こんな大人にはならないようにしよう」と、反面教師にしてきていました。ですが、自分の行動を振り返ると、私も身近に人に対しては「私と同じ意見であれ！」と無意識に思ってたところがあったなぁと気づけました。<br>自分軸と自分勝手の違いを認識しながら、他人と健全なコミュニケーションをしていきたいと思います。🍀,@risa3775,2025-08-24T04:24:44Z,htWuimTJmlQ
【自分軸と自分勝手の違い】わがままが気になる人へ。場面での対比を見て整理しよう,159398,0,なぜ自己中かどうかを気にしているかというと、相手に嫌われてしまうのではないかという不安からでした。<br>しかしそもそも相手が自分を嫌うと思うのは自分勝手な思考であって、意識すべきは自分がどうしたいか、そしてそれをどのように伝えるか、だと思いました。,@lynn2861,2026-02-09T14:07:32Z,htWuimTJmlQ
【自分軸と自分勝手の違い】わがままが気になる人へ。場面での対比を見て整理しよう,159398,0,めっちゃ参考になりました！ありがとうございます！,@ゆずみかん-x3o,2024-11-14T05:50:54Z,htWuimTJmlQ
【自分軸と自分勝手の違い】わがままが気になる人へ。場面での対比を見て整理しよう,159398,0,自分もねこの自分の意見が自分軸で言えません、いつも相手からの顔色を伺い相手から本当に嫌われたく無いですよ、だからこの動画配信みて勉強して見ます。😢,@高橋情助,2024-03-29T10:09:31Z,htWuimTJmlQ
【自分軸と自分勝手の違い】わがままが気になる人へ。場面での対比を見て整理しよう,159398,0,新卒助産師として就職後、適応障害となり半年で退職し、現在離職中の者です。<br>だいぶ体調回復してきたため、色々動画を拝見したり、本を読んで勉強しています。<br>ちょうど今、自分軸をしっかりさせたいけど、1歩間違えると自分勝手になってしまうのを防ぐにはどうしたら良いのだろうと考えていたところです。<br>わかりやすく、寄り添った動画をありがとうございます。,@user-te7mf1wu5e,2025-12-02T05:33:35Z,htWuimTJmlQ
【自分軸と自分勝手の違い】わがままが気になる人へ。場面での対比を見て整理しよう,159398,0,おもしろ！<br>自分勝手な人の周りにいる他人軸の人は大変そうだな,@きょば,2024-03-29T16:01:49Z,htWuimTJmlQ
【自分軸と自分勝手の違い】わがままが気になる人へ。場面での対比を見て整理しよう,159398,0,為になるお話をありがとうございます❤,@kanakana7680,2024-04-16T14:14:49Z,htWuimTJmlQ
【自分軸と自分勝手の違い】わがままが気になる人へ。場面での対比を見て整理しよう,159398,0,人間関係でモヤモヤだった気持ちがすっとしました🌿<br>自分も気をつけていこうと思います🫡,@bananono3111,2024-03-13T13:07:46Z,htWuimTJmlQ
【自分軸と自分勝手の違い】わがままが気になる人へ。場面での対比を見て整理しよう,159398,0,他人軸を選んでるのは自分軸だと自分を信じれる,@ときにゃん-s9y,2024-04-14T02:49:32Z,htWuimTJmlQ
【自分軸と自分勝手の違い】わがままが気になる人へ。場面での対比を見て整理しよう,159398,0,ずっと気になっていました<br>心動きました　ありがとうございます！！,@あかさたなはまやらわ-m4i,2024-03-10T01:49:24Z,htWuimTJmlQ
【自分軸と自分勝手の違い】わがままが気になる人へ。場面での対比を見て整理しよう,159398,0,参考になる動画でした！<br>他人軸を当たり前に思ってるぽい人って、話してる時目を見ると怖がられることがあります。あと、自分ではどう思ってるの？って聞くとモニョモニョして逆ギレしてくる気がします…,@kc-vb7co,2025-01-26T02:14:41Z,htWuimTJmlQ
【自分軸と自分勝手の違い】わがままが気になる人へ。場面での対比を見て整理しよう,159398,0,自分軸はある程度守れてるけど、他人軸に揺れてしまうかも。<br>例えば二枚目のだと、③の部分が『私に合わせないなんて！』じゃなくて、『あー、私の意見って間違ってるのかなぁ』になる。,@Skeny_SSS,2025-01-22T00:47:09Z,htWuimTJmlQ
【自分軸と自分勝手の違い】わがままが気になる人へ。場面での対比を見て整理しよう,159398,0,はじめまして。とても参考になりました🥰🥰,@user-hironobu,2024-04-13T01:21:22Z,htWuimTJmlQ
【自分軸と自分勝手の違い】わがままが気になる人へ。場面での対比を見て整理しよう,159398,0,"<a href=""https://www.youtube.com/watch?v=htWuimTJmlQ&amp;t=171"">2:51</a> 辺りが、割ともう確信をついていてびっくりです。",@rubutenta1209,2024-03-31T12:08:39Z,htWuimTJmlQ
【自分軸と自分勝手の違い】わがままが気になる人へ。場面での対比を見て整理しよう,159398,0,うわあ、こちらに出てくる母娘の像がそのまんま自分でした。親の思うことに逆らう自分は悪い人間なのかと罪悪感の狭間で酷い精神状態で摂食障害が悪化しました。頑張って働いても嫌な顔をされるだけ。耐えられず三年で離職。母は働いたことが無く見合い結婚後ずっと専業主婦で家族に尽くした自分を肯定したくて娘を自分と同じ道に乗せようとしたのかと思いますが、意見が違っても我儘ではないのですね。ただ、母に自分の考えが母の生き方を否定するものではない、と今更正確に伝えるのは容易ではありません。今でも違う意見を言うと、多分自分を否定されたと思い激怒されるので、昔の通り黙っているしかないのかなあ、とも。親を傷つけたり喧嘩したい訳ではないので（後で罪悪感に飲まれる）難しいです。因みに弟ももっとちゃんとした職につけ、と頑張っていた職を父母に辞めさせられ、それ以来自宅引き篭もりです。絶対に辞めさせないほうがいい、と当時意見したら父にお前は黙っていろ！と怒鳴られました。数十年経った今、両親は子供たちがうまくやれないのは生まれ持っての親戚の誰々の遺伝だから仕方ない、という口ぶりで流石に怒りを覚えますが、苦労して育てたのだから両親は自分達を正しいと肯定するためにそんな思考になっているのかな、と思うと何とも…。みんな自分を肯定して生きていきたいですよね。でも私は絶対に自分の子供には何かを強要して自主性を潰したくない…と思っています。いつまでも親の言いなりになっていては、自分の人生を積極的に生きることはできない。昔は言いなりが美徳で耐えるのが是だったのかもしれませんけれども。,@白真子,2025-12-11T12:23:29Z,htWuimTJmlQ
【自分軸と自分勝手の違い】わがままが気になる人へ。場面での対比を見て整理しよう,159398,0,とてもタメになりました,@mina5342,2024-02-24T12:20:31Z,htWuimTJmlQ
【自分軸と自分勝手の違い】わがままが気になる人へ。場面での対比を見て整理しよう,159398,0,言語化してもらえることで、名付けてもらえることで、救われることや癒されることがあるなぁと思いました！<br>素敵な動画ありがとうございます🌷<br>きいさんはカウンセラーや臨床心理士さんですか？？,@こうていぺんぎん-q7b,2024-03-26T11:50:56Z,htWuimTJmlQ
【自分軸と自分勝手の違い】わがままが気になる人へ。場面での対比を見て整理しよう,159398,0,自分の意見を相手に求めなければいいってことなのかな....合わないって納得すればポジティブに捉えれば楽になるかな。,@はしもとさん-v8h,2024-02-23T14:41:57Z,htWuimTJmlQ
【自分軸と自分勝手の違い】わがままが気になる人へ。場面での対比を見て整理しよう,159398,0,パートナーの束縛がなかなか治らなくてそれを受け入れてしまいます。苦しいです。<br>上手く線引きしたいのに…,@nya-co3171,2024-02-15T03:28:37Z,htWuimTJmlQ
【自分軸と自分勝手の違い】わがままが気になる人へ。場面での対比を見て整理しよう,159398,0,"<a href=""https://www.youtube.com/watch?v=htWuimTJmlQ&amp;t=689"">11:29</a> 自分用<br>NOということは自分勝手、自己中なのでは…？に対する答え",@user-pu1op9kq4y,2024-03-28T14:18:19Z,htWuimTJmlQ
【自分軸と自分勝手の違い】わがままが気になる人へ。場面での対比を見て整理しよう,159398,0,ワガママで変わり種の他人ペースでなく、やたら自分のパワーで毎日の積み重ね✕気づき✕頼りで向き合いやすいようにする事もいつも日記に書いたりしています。😗😗😗😗🍓,@西村裕子-n3n,2025-05-25T22:15:57Z,htWuimTJmlQ
【自分軸と自分勝手の違い】わがままが気になる人へ。場面での対比を見て整理しよう,159398,0,私の高校にまさに三枚目の教師がいたw,@ふらっぺ-るん,2024-03-21T04:39:41Z,htWuimTJmlQ
【自分軸と自分勝手の違い】わがままが気になる人へ。場面での対比を見て整理しよう,159398,0,改めて自分の行動や思考を見直すきっかけになりました！素敵な動画をありがとうございます。<br><br>質問なのですが、自分勝手に寄った言動をする家族(そして家族は逆にこちらを自分勝手だと感じている)にはどう対峙するのが良いと思われますか？<br>こちらに迷惑がかかるようなことをしてくるうえ、「やめてほしい」と伝えても動画の中にあった例のように「あなたのためにやっているのに我儘だ」と言われてしまいます……。,@ななめ-c9q,2024-03-19T13:13:32Z,htWuimTJmlQ
【自分軸と自分勝手の違い】わがままが気になる人へ。場面での対比を見て整理しよう,159398,0,頭の中にあった、分かってる、もう考えつくしてる。でも整理整頓ができてなかった。もちゃもちゃ絡まってた糸がほどけていくような感じがしました。他の動画も見て、もっと勉強したいです😿,@negi1184,2025-02-26T10:39:59Z,htWuimTJmlQ
【自分軸と自分勝手の違い】わがままが気になる人へ。場面での対比を見て整理しよう,159398,0,安心しました。世間に合わせては勝手よね。ふー。。,@Kanan-pp4un,2024-03-23T19:41:28Z,htWuimTJmlQ
【自分軸と自分勝手の違い】わがままが気になる人へ。場面での対比を見て整理しよう,159398,0,自分軸で話した時に自分軸の考えが間違っていてもいいんでしょうか？話していくなかで間違った考えだと気づいた時点で、納得し引き下がる？訂正すればいいと考える、でいいんでしょうか？自分に自信がなく、意見が言えない性格です。,@erika-t8k9d,2026-02-05T14:22:48Z,htWuimTJmlQ
【人の力を拡大する人と縮小する人】自分自身との接し方・他者との接し方を見つめてみよう。力を縮小する人の背景は、そばにいた人の影響。,155676,0,正論は相手の状況、置かれてる環境やら前提やらで覆るから自分は良いとは思えなくて、奪う人はそれを見落としがちだと思う,@こーへい-u9g,2024-05-03T14:10:38Z,ZFr_SycknUk
【人の力を拡大する人と縮小する人】自分自身との接し方・他者との接し方を見つめてみよう。力を縮小する人の背景は、そばにいた人の影響。,155676,0,正論や比較は内心で常にやってるかな。<br>やらないように自分を変えるのも何か違うと思うので<br>誰も何も傷つけない場で発散して、<br>それ以外の場では出さないよう気を付けてます。,@LaughFox,2024-03-16T06:35:32Z,ZFr_SycknUk
【人の力を拡大する人と縮小する人】自分自身との接し方・他者との接し方を見つめてみよう。力を縮小する人の背景は、そばにいた人の影響。,155676,0,とても勉強になりました。<br>私は力を与える人になりたいですし、そこから周りに伝染するようになったら、とても良いなと思いました。<br>自分自身に対して、が抜けがちと言われてハッとしました。自分を労わることは悪じゃないし、お疲れ様と伝えよう……,@nassuuuuuuu1529,2024-03-15T13:52:43Z,ZFr_SycknUk
【人の力を拡大する人と縮小する人】自分自身との接し方・他者との接し方を見つめてみよう。力を縮小する人の背景は、そばにいた人の影響。,155676,0,わたしはネガティブ人間です。<br>これに苦しめられ、何度も何度も何度も思惑には沿わない現象に逃げてきました。<br><br>今現在は逃げる場所もありません。でも現状を理解して、逃げない心が必要なのでしょう。,@高戸陽介,2024-03-30T06:24:58Z,ZFr_SycknUk
【人の力を拡大する人と縮小する人】自分自身との接し方・他者との接し方を見つめてみよう。力を縮小する人の背景は、そばにいた人の影響。,155676,0,共感 同情,@UPONAVON,2024-03-05T02:19:07Z,ZFr_SycknUk
【人の力を拡大する人と縮小する人】自分自身との接し方・他者との接し方を見つめてみよう。力を縮小する人の背景は、そばにいた人の影響。,155676,0,上司のタイプ次第で日々辛くなったり、やる気が出たりこれ直撃です😅影響受けない方法が知りたいです。,@ミドリっち,2024-03-19T13:48:17Z,ZFr_SycknUk
【人の力を拡大する人と縮小する人】自分自身との接し方・他者との接し方を見つめてみよう。力を縮小する人の背景は、そばにいた人の影響。,155676,0,人に対しては左だけど自分に対しては右だな,@ガーンデーヴァ,2024-03-06T12:33:41Z,ZFr_SycknUk
【人の力を拡大する人と縮小する人】自分自身との接し方・他者との接し方を見つめてみよう。力を縮小する人の背景は、そばにいた人の影響。,155676,0,奪う人に育てられた　見事に縮小された　それに気づきました　絶対に同じことをしません　力を与えて拡大する人になります,@user_miru_m,2024-03-14T09:58:34Z,ZFr_SycknUk
【人の力を拡大する人と縮小する人】自分自身との接し方・他者との接し方を見つめてみよう。力を縮小する人の背景は、そばにいた人の影響。,155676,0,親が力を奪う人ですね。<br>何度も生きるのが嫌になります。<br>いつも帰るたびスマホをぶっ壊したくなる衝動に駆られるんですよね。<br><br>正月に実家に帰った時、母は占いが好きなんですが、ママの子供は将来大物になるって本書いてあったけど、お兄ちゃんは〇〇頑張ってるけどお前はずっと怠けてるよな<br><br>みたいに言われました。大物にならなかったからなんなんでしょうね。,@あやか-x4q9f,2026-01-08T01:37:28Z,ZFr_SycknUk
【人の力を拡大する人と縮小する人】自分自身との接し方・他者との接し方を見つめてみよう。力を縮小する人の背景は、そばにいた人の影響。,155676,0,私は奪う人なんだろうな,@あまい-n3u,2024-03-19T03:59:42Z,ZFr_SycknUk
【人の力を拡大する人と縮小する人】自分自身との接し方・他者との接し方を見つめてみよう。力を縮小する人の背景は、そばにいた人の影響。,155676,0,同情されれば再生回数も増やせます。,@daiaazazaz,2024-03-06T08:20:40Z,ZFr_SycknUk
【人の力を拡大する人と縮小する人】自分自身との接し方・他者との接し方を見つめてみよう。力を縮小する人の背景は、そばにいた人の影響。,155676,0,心が調和していて、神様から降り注がれている光の周波数と近いほど自分の内からエネルギーが湧いてくるので、人にもエネルギーが与えられるのだと思います。<br>逆に、神様の光の周波数とのギャップがあるほど内側からエネルギーが出てこなくなるので他人から奪う、ということなのでしょうね(・_・;),@gyuusuzikare-,2024-03-22T03:33:34Z,ZFr_SycknUk
【人の力を拡大する人と縮小する人】自分自身との接し方・他者との接し方を見つめてみよう。力を縮小する人の背景は、そばにいた人の影響。,155676,0,正論とは、統計情報、正確な数字を用いて<br>行う事です<br>つまり、事実を伝える事です<br>意見ではありません。なので、私は・・・とかでは<br>ありません。<br>意見と事実を区別してお話して下さい<br>こういう<br>意見と事実を混同して<br>ファクトチェックの重要性<br>エビデンス、前提などをしないで話しするのは<br>許容できませんね,@nsdancelaboratory4690,2024-03-18T22:21:58Z,ZFr_SycknUk
【人の力を拡大する人と縮小する人】自分自身との接し方・他者との接し方を見つめてみよう。力を縮小する人の背景は、そばにいた人の影響。,155676,0,人に力を与える人、人の力を奪う人。<br>「人に力を与える人になりたい」と与える人の方に肯定的な意見が多いですが<br>善悪どちらにも転ぶ人間は皆どちらの力も必要だろう。<br>犯罪を犯した人間はピシャリと正論で諭して怒らないと同情や共感では絶対に更生しない。<br>悪の力を弱め、良い力を伸ばす。<br>子供の躾も同様だし、自身の人間関係の環境作りにも欠かせない。<br>自身の善悪のコンパス、無自覚に相手の良い点を潰さない等気付き能力が<br>求められる最終的には本人の資質が問われる話,@daisukea1584,2024-03-18T23:34:29Z,ZFr_SycknUk
【アダルトチルドレン】克服の一歩は自己理解。心の平穏を取り戻すため自分に目を向け、心の声に耳を傾けよう。【AC】,151938,0,顔が綺麗のもしらにゃんの天使さに拍車をかけてる。,@竜司芝原,2025-11-07T23:05:08Z,usIp41t_vo0
【アダルトチルドレン】克服の一歩は自己理解。心の平穏を取り戻すため自分に目を向け、心の声に耳を傾けよう。【AC】,151938,0,きぃさん、褒めてもらって労ってもらって…ウルッときました、有り難うございます💜生きにくい中頑張ってきた自分を褒めます。,@なかむーもっちー,2025-12-25T02:24:18Z,usIp41t_vo0
【アダルトチルドレン】克服の一歩は自己理解。心の平穏を取り戻すため自分に目を向け、心の声に耳を傾けよう。【AC】,151938,0,自分だけじゃないんだということと、自分をわかってあげることができて本当に心が楽になりました。この状態を追いたいにあてはめて、あぁ<br>そんいうことか。。<br>と納得できて、魂が本当に喜んでいるのが自分でもわかります。本当に発信してくださったことに、また分かりやすくしてくださったことに心から感謝申し上げます✨,@yuukosansan,2025-09-18T12:29:57Z,usIp41t_vo0
【アダルトチルドレン】克服の一歩は自己理解。心の平穏を取り戻すため自分に目を向け、心の声に耳を傾けよう。【AC】,151938,0,最後で涙が止まらなくなりました。<br>少しでも楽な心になっていけるといいなぁ…,@バラカピ-w3l,2025-03-08T06:09:29Z,usIp41t_vo0
【アダルトチルドレン】克服の一歩は自己理解。心の平穏を取り戻すため自分に目を向け、心の声に耳を傾けよう。【AC】,151938,0,かなり当てはまっています。<br>特に「人間関係を壊す」がそうで、今年だけで2人にフラれました。<br>せっかく関係を積み重ねてきたのに。<br><br>最後の「これからもどうにかはなっていきます」という言葉で心が少し軽くなりました。ありがとうございます。,@癒すぞおじさん,2025-07-23T13:05:49Z,usIp41t_vo0
【アダルトチルドレン】克服の一歩は自己理解。心の平穏を取り戻すため自分に目を向け、心の声に耳を傾けよう。【AC】,151938,0,この動画に登場したほとんどの例が当てはまっていて、こういうのもあるんだなぁと感じました。苦しい原因がまた一つ見えた感じがしました。,@motovlog_cameraman,2025-03-20T17:02:30Z,usIp41t_vo0
【アダルトチルドレン】克服の一歩は自己理解。心の平穏を取り戻すため自分に目を向け、心の声に耳を傾けよう。【AC】,151938,0,やめたい事辞める、<br>というのは必要以上な責任感なのかもしれないな。,@samlion1980,2025-05-16T00:33:01Z,usIp41t_vo0
【アダルトチルドレン】克服の一歩は自己理解。心の平穏を取り戻すため自分に目を向け、心の声に耳を傾けよう。【AC】,151938,0,最後の例がまさに私のスタンダードでした。研究してくださりありがとうございます。,@アルフレッド-u3b,2025-02-26T14:12:54Z,usIp41t_vo0
【アダルトチルドレン】克服の一歩は自己理解。心の平穏を取り戻すため自分に目を向け、心の声に耳を傾けよう。【AC】,151938,0,ほとんど当てはまってやっぱりそうだったんだと思いました。きいさんの笑顔、話し方にとてもあたたかみを感じてそれだけで心がほぐれました✨✨少しずつ改善していけそうです！,@user-kerorin,2025-03-02T08:49:41Z,usIp41t_vo0
【アダルトチルドレン】克服の一歩は自己理解。心の平穏を取り戻すため自分に目を向け、心の声に耳を傾けよう。【AC】,151938,0,多分家庭環境には恵まれていた方で家が安心できる場所だったはずだからアダルトチルドレンじゃないと思うけど４つの例中最初の３つ当てはまってた,@トムさん-i7u,2025-03-04T19:13:57Z,usIp41t_vo0
【アダルトチルドレン】克服の一歩は自己理解。心の平穏を取り戻すため自分に目を向け、心の声に耳を傾けよう。【AC】,151938,0,9割くらい当てはまりますが、それが異常だとなかなか思えない。あまり当てはまらないという人がいるのか。。。,@shots51,2026-03-23T02:17:21Z,usIp41t_vo0
【アダルトチルドレン】克服の一歩は自己理解。心の平穏を取り戻すため自分に目を向け、心の声に耳を傾けよう。【AC】,151938,0,新卒の部下が非常に近しいな<br>なるほどアダルトチルドレンだったか,@巧遅拙速,2025-03-14T13:35:40Z,usIp41t_vo0
【アダルトチルドレン】克服の一歩は自己理解。心の平穏を取り戻すため自分に目を向け、心の声に耳を傾けよう。【AC】,151938,0,今の若者は2〜3割は当てはまるんじゃないかなと思います<br>私も傾向があったと思います<br>今は自分の弱さを認めて向き合って生活しています<br>頑張って治そうじゃなくてまあ前向きに向き合ってこう程度がいいんじゃないかなと思います,@yagisehayate,2025-02-18T02:56:44Z,usIp41t_vo0
【アダルトチルドレン】克服の一歩は自己理解。心の平穏を取り戻すため自分に目を向け、心の声に耳を傾けよう。【AC】,151938,0,ピーターパン症候群の事かと思ったら違った,@ジョージ真壁,2025-03-01T22:35:17Z,usIp41t_vo0
【共依存】人間関係のストレスや問題の背景。自分の価値を感じられなければ心が保てない。自己犠牲して周りを優先、人をコントロールしたり人を依存させる。,132084,0,俗に言うメンヘラやべったりだけが共依存だと思っていましたが、尽くすも範疇だったのが意外でした。私もレーダー広め、親の機嫌伺いタイプです。<br>先生の実際体験された具体的なお話がぐっと胸に刺さりました。,@味味-d2g,2026-02-07T11:04:16Z,mxqVWLBiV3k
【共依存】人間関係のストレスや問題の背景。自分の価値を感じられなければ心が保てない。自己犠牲して周りを優先、人をコントロールしたり人を依存させる。,132084,0,彼氏と自分がまさにこれで、わたしは依存して尽くしちゃう服従タイプです…。小さい頃からの両親のDVで、彼氏以外にも同じような事をしてしまいます。,@user-m.s_03_okome.mochimochi,2026-01-20T00:54:48Z,mxqVWLBiV3k
【共依存】人間関係のストレスや問題の背景。自分の価値を感じられなければ心が保てない。自己犠牲して周りを優先、人をコントロールしたり人を依存させる。,132084,0,"Must , should , have to が関係性にある場合はcodependency <br>他人は変えられない、変えられるのは自分だけ！",@Dg10266,2025-11-07T20:51:39Z,mxqVWLBiV3k
【共依存】人間関係のストレスや問題の背景。自分の価値を感じられなければ心が保てない。自己犠牲して周りを優先、人をコントロールしたり人を依存させる。,132084,0,きいさん、改善と対処をとても詳しくわかりやすく教えてくださって嬉しいです！　本当に仰る通りで、他者からの承認を得ることが自分の人生の中心にいつもありました。カッコいい、凄い✨と思われることに必死で。自分が無くて。　共依存の例も、すべてよく当てはまります。でも、気づけたことは大きな進歩ですね✨同じようになって苦しんでる人達みんなで、楽に良くなっていけたらいいですね。,@Lokomode,2025-08-22T06:27:23Z,mxqVWLBiV3k
【共依存】人間関係のストレスや問題の背景。自分の価値を感じられなければ心が保てない。自己犠牲して周りを優先、人をコントロールしたり人を依存させる。,132084,0,私と友達でした😂<br>この人とずっと仲良くしたい、<br>笑顔でいて欲しい。幸せでいて欲しい。<br>が多かったように思います。相手は相手で<br>多分…私のやり方や<br>色々イライラしたり、溜め込んでいたのかも知れません。,@おかすみ-v7e,2025-11-04T08:07:09Z,mxqVWLBiV3k
【共依存】人間関係のストレスや問題の背景。自分の価値を感じられなければ心が保てない。自己犠牲して周りを優先、人をコントロールしたり人を依存させる。,132084,0,自分軸ですね,@オーストラリア-d2u,2025-09-11T11:32:55Z,mxqVWLBiV3k
【共依存】人間関係のストレスや問題の背景。自分の価値を感じられなければ心が保てない。自己犠牲して周りを優先、人をコントロールしたり人を依存させる。,132084,0,うわあ、そうだなあ…,@かあ-g4f,2025-05-25T16:39:33Z,mxqVWLBiV3k
【共依存】人間関係のストレスや問題の背景。自分の価値を感じられなければ心が保てない。自己犠牲して周りを優先、人をコントロールしたり人を依存させる。,132084,0,とても分かりやすい解説をありがとうございます。,@jasmine-s4c-o2x,2024-08-14T11:37:25Z,mxqVWLBiV3k
【共依存】人間関係のストレスや問題の背景。自分の価値を感じられなければ心が保てない。自己犠牲して周りを優先、人をコントロールしたり人を依存させる。,132084,0,勉強になります😂🙏✨,@RYO_Crystal,2025-01-16T08:21:43Z,mxqVWLBiV3k
【共依存】人間関係のストレスや問題の背景。自分の価値を感じられなければ心が保てない。自己犠牲して周りを優先、人をコントロールしたり人を依存させる。,132084,0,共依存の自分を何となく理解していましたが、ほぼほぼ当てはまってて笑いました笑<br><br>私は共依存が悪いものだと思っていたので、自己否定が強くなってしまって凄く向き合うことが辛かったです。<br><br>今の自分を認識して許すことを意識したら少し楽になりました。<br><br>とりあえず共依存の自分を許し終えたら、自己評価の低いところを修正してみたいと思います。<br><br>きいさん動画ありがとうございますm(_ _)m,@HN-tr7xm,2025-06-22T22:33:51Z,mxqVWLBiV3k
【共依存】人間関係のストレスや問題の背景。自分の価値を感じられなければ心が保てない。自己犠牲して周りを優先、人をコントロールしたり人を依存させる。,132084,0,これで一昨日別れました<br>彼女の方から別れを告げられました相手が一つ成長したのかなって<br>流石にまだ辛いですけど,@Raku2751,2025-04-20T10:20:34Z,mxqVWLBiV3k
【共依存】人間関係のストレスや問題の背景。自分の価値を感じられなければ心が保てない。自己犠牲して周りを優先、人をコントロールしたり人を依存させる。,132084,0,当てはまります‎( ꒪⌓꒪),@あれっくる,2024-04-17T10:47:14Z,mxqVWLBiV3k
【共依存】人間関係のストレスや問題の背景。自分の価値を感じられなければ心が保てない。自己犠牲して周りを優先、人をコントロールしたり人を依存させる。,132084,0,"<a href=""https://www.youtube.com/watch?v=mxqVWLBiV3k&amp;t=579"">9:39</a> 障がい児を2人育てていますが、どうしても距離が近くなりがちです。元々の特性が相手にある場合は共依存になるのでしょうか？<br>親からは距離を取りづらいので<br><br>自分の歴史に目を向けてしまうと施設入所と親の入院がハイライトになってしまいます",@miccoys23,2025-09-06T08:13:50Z,mxqVWLBiV3k
【共依存】人間関係のストレスや問題の背景。自分の価値を感じられなければ心が保てない。自己犠牲して周りを優先、人をコントロールしたり人を依存させる。,132084,0,旦那さんと共依存関係でした<br>やりすぎた結果別居することになって10年、ついに旦那さんは1週間前に飛び降りました<br>今向こうの兄弟に責められています<br>どうすれば良かったですか,@mayumipeace7496,2026-03-02T04:55:25Z,mxqVWLBiV3k
【認知の歪み】超身近な苦しくなる思考の癖。認知の歪みとは？10種類の例と改善に向けた対応,130279,0,一生懸命自分の人生良くなるようにと生きてきたけど、全部当てはまってて悲しくて泣けてきちゃった。頑張った私偉いって気持ちと、報われなくて虚しいって気持ち,@にぃの,2026-01-10T01:42:20Z,AxlcavvWwYk
【認知の歪み】超身近な苦しくなる思考の癖。認知の歪みとは？10種類の例と改善に向けた対応,130279,0,何年も認知の歪みをできるだけ改善させようと取り組んできました。努力してるけど度の合わない眼鏡をかけて物をみるような、でも掛けてないよりはマシっていうような視界で歪みのない見方を捉える感じなんですよね。でもまだ取り組んでない対処法もあったな、と思って。もうすこしあきらめずに取り組もうかなって思いました。,@Ezziokia1112,2026-02-14T03:22:10Z,AxlcavvWwYk
【認知の歪み】超身近な苦しくなる思考の癖。認知の歪みとは？10種類の例と改善に向けた対応,130279,0,当てはまりすぎて、生きにくいはずだわ<br>ジャーナリングしてる時はマシになるんだけど、やらなくなるとまたクセが戻ってきたみたい<br><br>苦しくなったらノートにメモして行った方がいいな,@lllolll-n3m,2025-09-07T22:44:06Z,AxlcavvWwYk
【認知の歪み】超身近な苦しくなる思考の癖。認知の歪みとは？10種類の例と改善に向けた対応,130279,0,60点くらいでいいんだよな。半分より上行けばいいくらいって割り切った方が悩まない,@とんぶくとぅ,2026-02-18T16:47:59Z,AxlcavvWwYk
【認知の歪み】超身近な苦しくなる思考の癖。認知の歪みとは？10種類の例と改善に向けた対応,130279,0,イラストと文字上手いすね！学生時衝撃の大きいストレスを受けた日から認知の歪みが定着してしまい、その歪みを治したくてみにきたはずがそっちに惹きつけられました,@HillsTops,2024-10-03T04:10:40Z,AxlcavvWwYk
【認知の歪み】超身近な苦しくなる思考の癖。認知の歪みとは？10種類の例と改善に向けた対応,130279,0,初めてコメント、拝見させていただきました！<br>認知の歪みにも10個あるんだなと知れました！,@tm12501abcd,2023-12-24T04:52:12Z,AxlcavvWwYk
【認知の歪み】超身近な苦しくなる思考の癖。認知の歪みとは？10種類の例と改善に向けた対応,130279,0,とても勉強になります。<br>これで生きにくかったので,@わんちゃん-k5u,2025-01-31T02:20:38Z,AxlcavvWwYk
【認知の歪み】超身近な苦しくなる思考の癖。認知の歪みとは？10種類の例と改善に向けた対応,130279,0,おはようございます😊<br>わかりやすく参考になりました。<br>まずは、日記書いてみます。<br>出来事、思ったことをわけて書いてみます。<br>出来事と思ったことがイコールになる日が来るのを楽しみにしながらやってみます😊,@みえ-i6g,2025-05-13T00:20:02Z,AxlcavvWwYk
【認知の歪み】超身近な苦しくなる思考の癖。認知の歪みとは？10種類の例と改善に向けた対応,130279,0,神🙌<br>認知認識トレーニングします,@sunsan1978,2025-01-13T10:58:47Z,AxlcavvWwYk
【認知の歪み】超身近な苦しくなる思考の癖。認知の歪みとは？10種類の例と改善に向けた対応,130279,0,10種類が全部少しずつ分かる気がします。でも、これだ！と腑に落ちるわけではなくて、日常生活に支障をきたす程の認知歪みは、ないと考えました。でも、生きづらさの原因が分からないし、自分の気持ちも分からないです。<br>だから、自己分析をするために他の動画もを見てみようと思っています😢,@この222,2025-10-18T12:44:44Z,AxlcavvWwYk
【認知の歪み】超身近な苦しくなる思考の癖。認知の歪みとは？10種類の例と改善に向けた対応,130279,0,いつも動画ありがたく拝見させてもらっています。<br>自分にも認知の歪みが有る、ということは自覚していたつもりでしたが、まさか１０種類も有るとは驚きでした。<br>自分では気付いていなかった認知の歪みに気付く事が出来て、気持ちがかなり楽になった気がします。ありがとうございました😌,@MrRN-tr2yc,2025-04-30T09:59:18Z,AxlcavvWwYk
【認知の歪み】超身近な苦しくなる思考の癖。認知の歪みとは？10種類の例と改善に向けた対応,130279,0,1個もあてはまらなかった😅でも母がこの動画のような感じです。,@srev1556,2024-07-02T10:29:04Z,AxlcavvWwYk
【認知の歪み】超身近な苦しくなる思考の癖。認知の歪みとは？10種類の例と改善に向けた対応,130279,0,小さいことも大きな大変な問題と受け取って、大騒ぎする人がいます😢<br>プラスの声掛けや、ポジティブな会話をしてもマイナスに受け取ります<br>何を言ってもダメなので認知の歪みかなと思いました😢,@mamamimiko,2025-11-23T14:51:39Z,AxlcavvWwYk
【認知の歪み】超身近な苦しくなる思考の癖。認知の歪みとは？10種類の例と改善に向けた対応,130279,0,「気づき」って凄く大切だと思っています。少しずつ気持ちが楽になったり、少しずつ人間関係も変わってきています。<br>失礼かも知れませんが「きいさん」は心理士何でしょうかしょうか？（初めて動画をみたので😅）,@ヨッシー-s1e7w,2023-12-24T05:36:25Z,AxlcavvWwYk
【認知の歪み】超身近な苦しくなる思考の癖。認知の歪みとは？10種類の例と改善に向けた対応,130279,0,被害妄想等も認知の歪みですね。<br>しかし当の本人の感覚はそうですから、なかなか歪んでいることに気付くのは難しいかと。いろんな経験や資質等も関係していると思うので。。。,@ぞうさん-c7e,2024-05-10T00:07:40Z,AxlcavvWwYk
【認知の歪み】超身近な苦しくなる思考の癖。認知の歪みとは？10種類の例と改善に向けた対応,130279,0,えんがちょとかもその一種,@MASH-wc2xo,2024-11-30T04:03:17Z,AxlcavvWwYk
【認知の歪み】超身近な苦しくなる思考の癖。認知の歪みとは？10種類の例と改善に向けた対応,130279,0,"2,5が強く、7がやや強い、8,10は少しある気がします<br>ペットを見てると、食べる事できれば生きていける、と思えて少し楽です。<br><br>最近は<br>・やった事は起こる場合もあるが起こらない場合もある<br>・「相手がこう思ってる」と思うのは真実ではなくて「「相手がこう思ってる」と自分が思ってる」だけ（独り相撲）<br>と意識しています。<br><br>後、メモ帳に思ったこと全部書いてます。AIからのコメント付きで気付きを増やしてくれます。<br><br>認知の歪みを変えられるなら変えたいです",@FK-yt8wx,2025-02-09T04:18:28Z,AxlcavvWwYk
【認知の歪み】超身近な苦しくなる思考の癖。認知の歪みとは？10種類の例と改善に向けた対応,130279,0,５分くらいの説明って、７つの習慣にある説明に似てる。,@たかちゃんねる-p4o,2024-12-25T14:03:51Z,AxlcavvWwYk
【認知の歪み】超身近な苦しくなる思考の癖。認知の歪みとは？10種類の例と改善に向けた対応,130279,0,これってよくなることあるんですか？笑<br>改善する気が全くしない、、というかそうなる未来が想像できない。,@furu7696,2024-12-04T08:31:48Z,AxlcavvWwYk
【認知の歪み】超身近な苦しくなる思考の癖。認知の歪みとは？10種類の例と改善に向けた対応,130279,0,一般化のしすぎ。アホな客が多くて、アホっぽい見た目の人も基本やっぱりアホで、アホばっかりやって思うのも一般化のしすぎになるのかな？<br>仕事でいつもイライラしてしまいます。,@KINGMARU,2023-12-11T16:29:46Z,AxlcavvWwYk
【認知の歪み】超身近な苦しくなる思考の癖。認知の歪みとは？10種類の例と改善に向けた対応,130279,0,きいさんがタイプ、付き合ってほしい(直球😂)<br>支えてくれる彼女や妻が欲しいな…動画と関係ないですが笑,@中野祐希-80sk,2025-04-06T09:23:52Z,AxlcavvWwYk
【投影】他人(外側)に自分の感情・欲求や過去を映し出す。＝自分流に解釈している。人間関係や自己理解のために「投影」をチェックしてみましょう,121833,0,言語化して頂きありがとうございます😊投影で洋服や化粧が上手になりました、まわりの人に感謝です😊❤,@harumiya7777,2025-06-19T02:31:37Z,4StA-DDlEfk
【投影】他人(外側)に自分の感情・欲求や過去を映し出す。＝自分流に解釈している。人間関係や自己理解のために「投影」をチェックしてみましょう,121833,0,この世はお金と心は繋がってるから。,@Redherring-o3m,2024-07-14T20:56:10Z,4StA-DDlEfk
【投影】他人(外側)に自分の感情・欲求や過去を映し出す。＝自分流に解釈している。人間関係や自己理解のために「投影」をチェックしてみましょう,121833,0,いいやん楽しそうで,@もやしブラック7,2026-03-10T00:42:11Z,4StA-DDlEfk
【投影】他人(外側)に自分の感情・欲求や過去を映し出す。＝自分流に解釈している。人間関係や自己理解のために「投影」をチェックしてみましょう,121833,0,例えば（過去に親の影響で）相手が私をだましていると思う癖があったとして、それを認識していたから、投影しないように恋人と付き合ってきた際に、実際に本当に他に本命がいたりとかした場合は、、、やっぱり私の投影はあっていたんじゃんてなりますし、何が正しいのか分からなくなりますが、、、自分がしたことはあっていたのでしょうか？（投影を信じて彼を疑ってみておいた方が正解だったのでは？）なんておもって、間違った行動をしてしまった感になっています。どうしたらいいんでしょうね。,@na5900-f4c,2025-10-19T02:22:16Z,4StA-DDlEfk
【投影】他人(外側)に自分の感情・欲求や過去を映し出す。＝自分流に解釈している。人間関係や自己理解のために「投影」をチェックしてみましょう,121833,0,ご説明ありがとうございます。<br>どの投影を行っているか見極めるにはどうしたら良いのでしょうか？,@happymicrocat,2024-07-02T12:22:00Z,4StA-DDlEfk
【投影】他人(外側)に自分の感情・欲求や過去を映し出す。＝自分流に解釈している。人間関係や自己理解のために「投影」をチェックしてみましょう,121833,0,スピリチュアルでは無い解釈なのかな？,@ハハハハハハ,2024-06-27T06:12:12Z,4StA-DDlEfk
【投影】他人(外側)に自分の感情・欲求や過去を映し出す。＝自分流に解釈している。人間関係や自己理解のために「投影」をチェックしてみましょう,121833,0,刺さる人は刺さる意見だろうけど、俺には刺さらない。,@7月5日6時6分6秒,2024-07-05T06:51:16Z,4StA-DDlEfk
【敵意帰属バイアス】自分を嫌っているんだと誤解・攻撃されたと誤解をしやすい。自己成長や対人関係の弊害。不信感。まずは傾向に気づくこと。,107541,0,ガチガチに威勢張って不器用に生きてきたけど、一周まわって、「舐められてもいいじゃん」と思って自分の弱点をアピールしてると周りの人が助けてくれるようになった。それに今まで出来なかったことがどんどんできるようになってきた。,@KyotoNara,2026-03-22T14:40:50Z,_uTgEER207c
【敵意帰属バイアス】自分を嫌っているんだと誤解・攻撃されたと誤解をしやすい。自己成長や対人関係の弊害。不信感。まずは傾向に気づくこと。,107541,0,涙が出ました。<br>ありがとうございました。,@久住望-x5k,2025-09-18T12:13:13Z,_uTgEER207c
【敵意帰属バイアス】自分を嫌っているんだと誤解・攻撃されたと誤解をしやすい。自己成長や対人関係の弊害。不信感。まずは傾向に気づくこと。,107541,0,日常で傍にいる人次第で悪化するし、緩和する症状だと思う。<br>営業の仕事していたときはストレスでバイアスツヨツヨだったけど、異動先が優しい世界すぎてバイアス吹っ飛んだ。,@mamebato,2026-02-24T03:19:09Z,_uTgEER207c
【敵意帰属バイアス】自分を嫌っているんだと誤解・攻撃されたと誤解をしやすい。自己成長や対人関係の弊害。不信感。まずは傾向に気づくこと。,107541,0,いい声だね,@keisuken2618,2026-02-07T03:32:37Z,_uTgEER207c
【敵意帰属バイアス】自分を嫌っているんだと誤解・攻撃されたと誤解をしやすい。自己成長や対人関係の弊害。不信感。まずは傾向に気づくこと。,107541,0,私の周りが敵だらけでした。1人も味方が居なくてずっと抜刀状態ずっと臨戦態勢でいたのではじめましての人はすごく遠巻きに観察してしまいます。信頼するのになん年もかかってしまうのは本当に何とかしたいです,@Kiseirena0727,2025-03-31T04:39:59Z,_uTgEER207c
【敵意帰属バイアス】自分を嫌っているんだと誤解・攻撃されたと誤解をしやすい。自己成長や対人関係の弊害。不信感。まずは傾向に気づくこと。,107541,0,他人への敵意がどうしても消えなくてこの動画を拝見しました。<br>昔を思い返すと、これまでの環境が嘲笑、監視、仲間はずれ、機嫌がすぐ悪くなる人がいるみたいな場面があまりに多くて人と関わる=そういう場面にまた出くわすと思って警戒してたと気付きました。<br>過ぎたことだしもう気にしてもしょうがないと思っていたのですが、全然解消できてなかったのかなと少し思いました。<br>一回自分の古傷と向き合うだけでは解消できないものですね。<br>そういう人だけじゃないと身をもって知るためにも、色んな人と話してみたり自分を労うようにしてみます。,@wkpromark,2025-12-03T08:29:36Z,_uTgEER207c
【敵意帰属バイアス】自分を嫌っているんだと誤解・攻撃されたと誤解をしやすい。自己成長や対人関係の弊害。不信感。まずは傾向に気づくこと。,107541,0,ずーっとこれだわ😢それがある日、爆発しちゃって全体に当たりまくってしまって今は罪悪感と申し訳なさと自己否定と自己嫌悪のループです😅ですが今、この動画に出会い　あ！私だけじゃないのだなと思えて少しだけ気持ちが楽になりました😭ありがとうございます😭,@Happy115s,2025-04-30T04:46:07Z,_uTgEER207c
【敵意帰属バイアス】自分を嫌っているんだと誤解・攻撃されたと誤解をしやすい。自己成長や対人関係の弊害。不信感。まずは傾向に気づくこと。,107541,0,AとBどちらの傾向も持ってます。<br>煽り運転はしないですが、挨拶なしの車の割り込みや店員さんの雑な態度に「は？」となります。<br><br>振り返ってみると幼少期に、こちらにも分があるのに、それを主張すると親など相手からの攻撃が倍以上になって返ってきたり、怒ることは恥という感覚が無意識レベルに深く染み付く体験をしていたり、自分の尊厳が傷ついても我慢するしか当時は選択できなかったから、という部分がかなりありました。<br><br>支配の怒りと、ただ境界線を引くため、自分を尊び大切にするための怒りの違いがわからなかった感覚です。<br><br>幸い、この怒りは私を悲しみと絶望と無力感からずっと守ってくれていた自分への愛だったんだと気づいたあたりから、怒りの質の違いが認識できるようになってきています。<br><br>今よりもそれは怒っていいやろという部分は主張しつつ、悲しみに寄り添って怒りに緩んでもらえたらいいなと思います。,@propeller_shokuhin,2025-05-10T19:43:40Z,_uTgEER207c
すぐ臨戦体制になり食ってかかりやすい心の癖。人を敵に思いやすい「敵意帰属バイアス」② #心理学 #人間関係 #ストレス #教養,105721,0,堪忍袋が切れた時はそうなります。,@ノラジョン,2026-03-13T12:37:25Z,wsR2RjpGWDg
すぐ臨戦体制になり食ってかかりやすい心の癖。人を敵に思いやすい「敵意帰属バイアス」② #心理学 #人間関係 #ストレス #教養,105721,0,素晴らしい説明ですね😊😊😊😊<br>感動しました😭😭😭😭,@薪貝,2025-12-04T17:39:28Z,wsR2RjpGWDg
すぐ臨戦体制になり食ってかかりやすい心の癖。人を敵に思いやすい「敵意帰属バイアス」② #心理学 #人間関係 #ストレス #教養,105721,0,しにゃ先生、褒める子育ての弊害について、分かりやすい動画をありがとうございました。<br>私も子どもには、怒鳴られて育った自分のような思いをさせたくなくて、頑張って褒めて笑顔を向ける子育てをしていました。過剰な褒め言葉が毒になるとは思ってもみませんでした。<br>今思うと家の中でもとても肩に力が入っていました。そして大きくなった子どもは「自分は愛されて育ったのになぜこんなに自信がないんだろう」と口にしていました。その理由がよく分かりました。<br>今は私も大分肩の力を抜くようになり、子どもも最初は戸惑いがあったようですが、少しずつ変わってきている気がします。,@treefrog4028,2025-12-20T00:10:11Z,wsR2RjpGWDg
すぐ臨戦体制になり食ってかかりやすい心の癖。人を敵に思いやすい「敵意帰属バイアス」② #心理学 #人間関係 #ストレス #教養,105721,0,やっぱりこういうのは<br>副交感神経を意識した考え方をすれば緩和するのかな？<br><br>休む治す整えるを意識した生活を半年前から実践してやっと心身ともに良くなった<br>・肩甲骨を動かした<br>・入浴で温めた<br>・ビタミン補給（冬に実践）<br>・腸を整えた（納豆　整腸剤）<br>・無理を抱え込まない（ストレス源が多方面に多すぎた）<br><br>それをやる前はまさしくこれの波が短期間で行ったり来たりだったし,@30メロンパン,2026-02-21T14:53:32Z,wsR2RjpGWDg
すぐ臨戦体制になり食ってかかりやすい心の癖。人を敵に思いやすい「敵意帰属バイアス」② #心理学 #人間関係 #ストレス #教養,105721,0,これだわ,@admgk3ffgsr,2025-10-22T13:04:46Z,wsR2RjpGWDg
すぐ臨戦体制になり食ってかかりやすい心の癖。人を敵に思いやすい「敵意帰属バイアス」② #心理学 #人間関係 #ストレス #教養,105721,0,境界性パーソナリティ障害の方やナルシストの方に多く見られる気がします,@ambercoral.asaseno,2026-01-06T09:03:04Z,wsR2RjpGWDg
すぐ臨戦体制になり食ってかかりやすい心の癖。人を敵に思いやすい「敵意帰属バイアス」② #心理学 #人間関係 #ストレス #教養,105721,0,挨拶なしで車割り込みは<br>むかつくけどね普通に！笑笑<br>だからといってあおらないけど,@あひるの空-b8l,2026-02-19T10:06:35Z,wsR2RjpGWDg
すぐ臨戦体制になり食ってかかりやすい心の癖。人を敵に思いやすい「敵意帰属バイアス」② #心理学 #人間関係 #ストレス #教養,105721,0,それ、誰でも腹立つけど。あえて我慢して自分に良い事無い。見逃してもらった方は良いかもしれんけど。,@ああ-f8r9c,2026-02-07T15:56:14Z,wsR2RjpGWDg
すぐ臨戦体制になり食ってかかりやすい心の癖。人を敵に思いやすい「敵意帰属バイアス」② #心理学 #人間関係 #ストレス #教養,105721,0,創価式煽り方😂,@kchi6maki,2025-09-01T10:39:54Z,wsR2RjpGWDg
【回避傾向】自分を生きることから逃げる。失敗、責任、批判、恥、人を傷つける恐れなどを最優先にして人生が停滞する,103401,0,幸福からも遠ざかるという部分が目からウロコでした<br>失敗から逃げるのはよい方向に自分を導いているんだと思ってました。<br>心を守れるので<br>でもそれを超えたときに得られるものがあるんですよね。<br>挑戦する理由を見つけられました,@くらげ-t7m,2026-01-27T14:43:16Z,khgpg2jcUCE
【回避傾向】自分を生きることから逃げる。失敗、責任、批判、恥、人を傷つける恐れなどを最優先にして人生が停滞する,103401,0,この動画を見て自分と向き合うことができました。<br>自分を受け入れて生きようと思います😄,@cragi9298,2026-01-01T01:39:12Z,khgpg2jcUCE
【回避傾向】自分を生きることから逃げる。失敗、責任、批判、恥、人を傷つける恐れなどを最優先にして人生が停滞する,103401,0,長い間回避してたら変わりたくても自分という存在が曖昧で自分のどこを変えたらいいか分からないよな,@TAKAHIRO-b4l,2026-02-17T09:02:16Z,khgpg2jcUCE
【回避傾向】自分を生きることから逃げる。失敗、責任、批判、恥、人を傷つける恐れなどを最優先にして人生が停滞する,103401,0,これ、私自身ですが、このマインドだと生きるのが正直しんど過ぎます。<br>ブッダの教えの執着を捨てるを実行してから、少しずつですが回避癖がなくなって聞いてる気がするので、継続していきたいです。,@つかれたもおんぬわあん,2026-03-16T12:18:34Z,khgpg2jcUCE
【回避傾向】自分を生きることから逃げる。失敗、責任、批判、恥、人を傷つける恐れなどを最優先にして人生が停滞する,103401,0,ずっと感じていた自分のもやもやを言語化して下さって、今までなぜ起きるか分からなかった生きずらさが分かった気がします。あまりにも内容に共感しすぎて、途中から泣いてしまいました。<br>少しでも今の状況から抜け出せるように頑張りたいと思います。<br>こんなにも貴重な情報を教えていただきありがとうございました。<br>チャンネル登録させていただきます。,@あけなほうら,2025-09-07T13:10:34Z,khgpg2jcUCE
【回避傾向】自分を生きることから逃げる。失敗、責任、批判、恥、人を傷つける恐れなどを最優先にして人生が停滞する,103401,0,ずっと、自分に超えられない、自分を下げずむ、自分をいじめる、暴力を振るわれる空間でずっと生きてきました。逃げない強迫観念に逃げていたんだろうなーと思いました。<br>1、0思考で大切な人を否定し続けてしまった。<br><br>悲しい人生です。<br>ずっと虚しかった。<br>でもどうすれば良いかずっとわからなかった。,@Yuki_shiina,2025-10-29T04:53:37Z,khgpg2jcUCE
【回避傾向】自分を生きることから逃げる。失敗、責任、批判、恥、人を傷つける恐れなどを最優先にして人生が停滞する,103401,0,人間関係、もう本当に怖い…,@kanon5894,2026-02-14T12:47:49Z,khgpg2jcUCE
【回避傾向】自分を生きることから逃げる。失敗、責任、批判、恥、人を傷つける恐れなどを最優先にして人生が停滞する,103401,0,自分は幸せになるに値しない人間だから、幸せになれる訳がないと思って生きてる。私と付き合う人なんて可哀想だし誰とも分かり合えないと思うから、一生ひとりでいいかなと。<br>1人の寂しさよりも誰かとちゃんと向き合う方が辛い。,@りさりさ-t1v,2026-03-20T17:13:48Z,khgpg2jcUCE
【回避傾向】自分を生きることから逃げる。失敗、責任、批判、恥、人を傷つける恐れなどを最優先にして人生が停滞する,103401,0,抱え込めるキャパシティを増やす事が成長だと思っていた所で、デカ過ぎる物を抱えて回避してます。,@social_com,2025-02-22T10:56:29Z,khgpg2jcUCE
【回避傾向】自分を生きることから逃げる。失敗、責任、批判、恥、人を傷つける恐れなどを最優先にして人生が停滞する,103401,0,なんか助かりました、ありがとうございます！！！,@螺旋弾rasendan-j3o,2025-03-17T09:04:24Z,khgpg2jcUCE
【人に依存しすぎている人】自分に主導権がなくなっている・人に何かしてもらうことを求めすぎる人（自立しなさすぎている状態）,91609,0,あー！！！聴きたくないと思いながらでも直さないと！,@ジョウジブルー,2026-03-10T05:54:45Z,27c9_QRTctI
【人に依存しすぎている人】自分に主導権がなくなっている・人に何かしてもらうことを求めすぎる人（自立しなさすぎている状態）,91609,0,自分軸で生きていくということがとてもしっくりきました。わがままだったかな、相手に迷惑かけてしまったかなと相手軸で考えてしまう時が多いので、自分に責任と自信を持って、物事を判断していきたいです。,@たろこ-y4u,2025-11-30T13:36:28Z,27c9_QRTctI
【人に依存しすぎている人】自分に主導権がなくなっている・人に何かしてもらうことを求めすぎる人（自立しなさすぎている状態）,91609,0,わたしなんですこれ完全に<br>すぐ治したくなります<br>ゆっくり治します,@正岡子規-t5d,2025-10-03T01:26:28Z,27c9_QRTctI
【人に依存しすぎている人】自分に主導権がなくなっている・人に何かしてもらうことを求めすぎる人（自立しなさすぎている状態）,91609,0,子どもと別居<br>それも一つの依存なのだろうか,@gg361,2026-01-02T01:31:14Z,27c9_QRTctI
【人に依存しすぎている人】自分に主導権がなくなっている・人に何かしてもらうことを求めすぎる人（自立しなさすぎている状態）,91609,0,特にテイカー型にモヤモヤするな。<br>マイナスの感情に持っていかれるからすぐ離れるけど...しばらく疲れが抜けない！,@mi-mi5bn,2025-04-24T23:03:58Z,27c9_QRTctI
【人に依存しすぎている人】自分に主導権がなくなっている・人に何かしてもらうことを求めすぎる人（自立しなさすぎている状態）,91609,0,カスタマーセンターにつながって１０時間電話を切らずに警察が自宅にまできて、今は警察の判断で精神鑑定を受け強度の依存で事件を起こす危険があるとのことで、入院・留置（つまりサラ・コナー）になりました。私の知人なんですけど、私と話をしていてもずーっと依存しきってましたね。,@執行者No14,2025-04-06T05:15:39Z,27c9_QRTctI
【人に依存しすぎている人】自分に主導権がなくなっている・人に何かしてもらうことを求めすぎる人（自立しなさすぎている状態）,91609,0,"<a href=""https://www.youtube.com/watch?v=27c9_QRTctI&amp;t=990"">16:30</a>自分用",@jjmriha,2025-04-03T22:15:35Z,27c9_QRTctI
【人に依存しすぎている人】自分に主導権がなくなっている・人に何かしてもらうことを求めすぎる人（自立しなさすぎている状態）,91609,0,"<a href=""https://www.youtube.com/watch?v=27c9_QRTctI&amp;t=795"">13:15</a> 自分用",@m_i_dd,2026-01-05T09:20:09Z,27c9_QRTctI
【人に依存しすぎている人】自分に主導権がなくなっている・人に何かしてもらうことを求めすぎる人（自立しなさすぎている状態）,91609,0,何言っておられるかよくわかんなかった私はずいぶん平和に生きてこれたんだなと思いました。周囲に感謝🙏,@hiromik841,2024-10-07T07:32:42Z,27c9_QRTctI
【人に依存しすぎている人】自分に主導権がなくなっている・人に何かしてもらうことを求めすぎる人（自立しなさすぎている状態）,91609,0,あ、私は自己犠牲ギバー型だ。嫌が言えない。なんで私は自己犠牲型になったのか記憶喪失だからわからない。過去に何があったんだろ？だから支配的な男性に採取されやすい💦,@雪乃あかり,2026-02-23T05:04:21Z,27c9_QRTctI
【人に依存しすぎている人】自分に主導権がなくなっている・人に何かしてもらうことを求めすぎる人（自立しなさすぎている状態）,91609,0,わたしはわるくないせいいじんとどうしますか,@kazuyaide6609,2024-07-12T12:14:17Z,27c9_QRTctI
【強い劣等感】落ち込みが止まらない、すぐ人と比較、頑張りすぎてしまう、自分を守るために攻撃・敏感になりやすい、理想やプライドが高くなる。,84076,0,参考になりました。<br>ありがとうございます😊,@もりモリッツ,2026-03-19T21:18:22Z,3BV7aU3Dl8w
【強い劣等感】落ち込みが止まらない、すぐ人と比較、頑張りすぎてしまう、自分を守るために攻撃・敏感になりやすい、理想やプライドが高くなる。,84076,0,仕事のコミュニケーション上で大きな失敗をしてしまい、店長に怒られて落ち込んで自己否定に陥りそうになっているときに、この動画に出会いました。<br><br>20年以上前の自分自身と、今の自分自身が何も変わっていない事にショックを覚えています。,@ひまわり4126,2025-12-03T09:10:19Z,3BV7aU3Dl8w
【強い劣等感】落ち込みが止まらない、すぐ人と比較、頑張りすぎてしまう、自分を守るために攻撃・敏感になりやすい、理想やプライドが高くなる。,84076,0,自分が中学生頃、母に怒られた時に姉兄と比べられて本当につらくて、心の中でもっと頑張らないと！って思っていました。でもこの動画を見て少し安心しました、ありがとうございます。,@9ji0ukj,2025-11-07T02:31:51Z,3BV7aU3Dl8w
【強い劣等感】落ち込みが止まらない、すぐ人と比較、頑張りすぎてしまう、自分を守るために攻撃・敏感になりやすい、理想やプライドが高くなる。,84076,0,劣等性はあっていい<br>劣等感は人格を否定することというのがわかりました！,@FK-yt8wx,2025-02-05T18:13:48Z,3BV7aU3Dl8w
【強い劣等感】落ち込みが止まらない、すぐ人と比較、頑張りすぎてしまう、自分を守るために攻撃・敏感になりやすい、理想やプライドが高くなる。,84076,0,劣等感からのプライドの見え隠れ、そのまんま私です🙋<br>みんなから、車絶対事故るでしょ？って言われたから腹が立つので車の運転を頑張りました。,@あい-u2z4x,2025-10-31T03:04:36Z,3BV7aU3Dl8w
【強い劣等感】落ち込みが止まらない、すぐ人と比較、頑張りすぎてしまう、自分を守るために攻撃・敏感になりやすい、理想やプライドが高くなる。,84076,0,少しのことで悲観してしまったり、落ち込んでしまうことがとても多く、ここのところ友人関係や恋愛の方でもうまくいっていません。<br>直近付き合っていた人とは一緒にいた時間に心地よさを感じられず、最終的に自ら離れることを選びました。<br><br>他の人なら気にも留めないようなことをいちいち気にしては悲観してしまうため、<br>付き合っていた時は相手の方を攻撃的に見ていた側面もありましたが、時間が経って自分の適応能力のなさが問題だということも否定できません。<br><br>頭ではわかっているのに感情がいうことを聞いてくれず、<br>大人になって心地よさを求めた結果、次第に自分の周りから人が減っていってるのではと思いつつあります。,@モノタロウ-b4e,2025-12-25T06:29:38Z,3BV7aU3Dl8w
【強い劣等感】落ち込みが止まらない、すぐ人と比較、頑張りすぎてしまう、自分を守るために攻撃・敏感になりやすい、理想やプライドが高くなる。,84076,0,めっちゃ当てはまる😂,@hakuchan1010,2025-07-04T16:51:38Z,3BV7aU3Dl8w
【強い劣等感】落ち込みが止まらない、すぐ人と比較、頑張りすぎてしまう、自分を守るために攻撃・敏感になりやすい、理想やプライドが高くなる。,84076,0,"<a href=""https://www.youtube.com/watch?v=3BV7aU3Dl8w&amp;t=733"">12:13</a> 改善と対処",@minami_yama,2025-05-12T11:45:21Z,3BV7aU3Dl8w
【強い劣等感】落ち込みが止まらない、すぐ人と比較、頑張りすぎてしまう、自分を守るために攻撃・敏感になりやすい、理想やプライドが高くなる。,84076,0,でもなんで自分に自信がないことはダメなんだろうか。それも個性だし愚かな自信を持っている人よりも努力する力ありそうだけど。,@83cheaphero,2025-12-25T21:20:21Z,3BV7aU3Dl8w
【強い劣等感】落ち込みが止まらない、すぐ人と比較、頑張りすぎてしまう、自分を守るために攻撃・敏感になりやすい、理想やプライドが高くなる。,84076,0,何やっても上手く行かない,@user-nn4un7xo1z,2025-04-22T07:00:17Z,3BV7aU3Dl8w
【強い劣等感】落ち込みが止まらない、すぐ人と比較、頑張りすぎてしまう、自分を守るために攻撃・敏感になりやすい、理想やプライドが高くなる。,84076,0,お医者様ですか？,@村田諒也,2025-02-16T22:41:20Z,3BV7aU3Dl8w
【日常に残る心の影響】知らないで自分を否定したり、現実とのギャップを起こし続けていませんか？大事な自分を理解・受容・幸せへ。,83800,0,こんなに共感というか、腑に落ちた動画久しぶりです。ありがとうございます。,@ぽてき-z4z,2026-01-19T18:44:14Z,cNzvBWkhm3Y
【日常に残る心の影響】知らないで自分を否定したり、現実とのギャップを起こし続けていませんか？大事な自分を理解・受容・幸せへ。,83800,0,わかります。とっても分かります。<br>今もまだ、昔子供の頃の恐怖の後遺症が続いてるんだろうなと言う行動はまだ続いているというのは十分に理解しています。<br>しかし、ずっと「子供の頃こうだったから」という言葉を盾にしてしまうのは自分自身の責任だとも思ってます。<br>どんなに辛い思いをして、その過去があって、それを乗り越えてこそだと思ってます。<br>頑張ります。,@ゆぽぽん-h1b,2026-01-26T12:26:52Z,cNzvBWkhm3Y
【日常に残る心の影響】知らないで自分を否定したり、現実とのギャップを起こし続けていませんか？大事な自分を理解・受容・幸せへ。,83800,0,"<a href=""https://www.youtube.com/watch?v=cNzvBWkhm3Y&amp;t=324"">5:24</a>二枚目の例の責められる感覚めっちゃあって自分が失敗して責められてる想像を無意識にしてしまう癖があったなぁ。小中学生で問題児で、親や先生に心配されたり怒られたりすることが多かった。",@にょっき-y4b,2026-02-12T15:54:51Z,cNzvBWkhm3Y
【日常に残る心の影響】知らないで自分を否定したり、現実とのギャップを起こし続けていませんか？大事な自分を理解・受容・幸せへ。,83800,0,自分のこと言われているのかと思うくらい当てはまった。,@aaa-e9z3z,2025-11-24T19:08:45Z,cNzvBWkhm3Y
【日常に残る心の影響】知らないで自分を否定したり、現実とのギャップを起こし続けていませんか？大事な自分を理解・受容・幸せへ。,83800,0,仮に自分これまで辛いけど頑張ってきたんだなと思ったとしても、今の自分を許して動いてしまったら結局他人からしたらわがままや自己中になってしまうので難しいですね,@志摩キャン,2025-11-20T15:25:04Z,cNzvBWkhm3Y
【日常に残る心の影響】知らないで自分を否定したり、現実とのギャップを起こし続けていませんか？大事な自分を理解・受容・幸せへ。,83800,0,去年、病気をしてやっと自分に目を向ける時間というのを持ってから、ずっと感じていた生きづらさや、疑問がありました。今回の4パターンを見て、なるほどほぼ当てはまっていると答え合わせのような感覚でした。ここ最近が自分はなんて自分自身がない空っぽな人間なんだろうと思ってたので、ちょっとずつ自分が本当に好きなものや、やりたい事、食べたいものを見つけていこうと思います。,@manamimatsumoto267,2025-11-07T16:46:37Z,cNzvBWkhm3Y
【日常に残る心の影響】知らないで自分を否定したり、現実とのギャップを起こし続けていませんか？大事な自分を理解・受容・幸せへ。,83800,0,自分の問題を薄々自覚しながらも封じ込めてここまでやってこれているつもりでいましたが、やはり限界を感じています…。あまりにも綺麗に言語化されていて、改めて自分の問題を自覚しました。人との関わりを求めているのに人と関わるのが怖い。しんどいです…。,@cake-lr9lv,2025-11-11T11:34:53Z,cNzvBWkhm3Y
【日常に残る心の影響】知らないで自分を否定したり、現実とのギャップを起こし続けていませんか？大事な自分を理解・受容・幸せへ。,83800,0,もう乗り越えたから大丈夫と思った頃にひょっこり顔を出して、結局過去から長年しみついた思考の癖に蝕まれていたみたいです。<br>チャットGPTにも、あなたは何もしなくても何も起きなかった、大丈夫だったという体験を積んだ方がいいと言われました😂<br>今年こそ自分の思考の癖を知って身軽になりたいです。,@ぽのぽの-j4j,2026-01-09T15:05:23Z,cNzvBWkhm3Y
【日常に残る心の影響】知らないで自分を否定したり、現実とのギャップを起こし続けていませんか？大事な自分を理解・受容・幸せへ。,83800,0,空耳で「〇〇(自分の名前)」と父が呼んでいる声が外でも家でも聴こえます。,@ゴーゴーゴーヤー,2025-11-09T09:44:53Z,cNzvBWkhm3Y
